ts,platform,asset,market,window_start,secs_into_window,best_bid,best_ask,bid_usd,ask_usd,bid_1c_usd,ask_1c_usd,bid_2c_usd,ask_2c_usd,bid_5c_usd,ask_5c_usd
2026-10-02T00:00:23Z,polymarket,BTC,btc-updown-15m-1790899200,1790899200,23,0.27,0.28,210.9,7.0,210.9,7.0,300.86,22.95,2040.73,921.52
2026-10-02T00:00:23Z,polymarket,ETH,eth-updown-15m-1790899200,1790899200,23,0.26,0.27,11.7,158.83,11.7,158.83,54.2,192.15,175.99,1059.76
2026-10-02T00:00:23Z,polymarket,SOL,sol-updown-15m-1790899200,1790899200,23,0.29,0.3,2.03,34.21,2.03,34.21,6.23,44.44,25.68,134.72
2026-10-02T00:00:23Z,polymarket,XRP,xrp-updown-15m-1790899200,1790899200,23,0.32,0.33,5.76,8.25,5.76,8.25,34.28,22.87,343.29,59.82
2026-10-02T00:00:49Z,polymarket,BTC,btc-updown-15m-1790899200,1790899200,49,0.22,0.23,0.73,142.23,0.73,142.23,343.03,210.39,2731.02,1139.94
2026-10-02T00:00:49Z,polymarket,ETH,eth-updown-15m-1790899200,1790899200,49,0.23,0.24,6.11,9.48,6.11,9.48,45.71,162.08,141.66,576.12
2026-10-02T00:00:49Z,polymarket,SOL,sol-updown-15m-1790899200,1790899200,49,0.17,0.18,11.53,6.3,11.53,6.3,83.05,16.94,229.98,54.32
2026-10-02T00:00:49Z,polymarket,XRP,xrp-updown-15m-1790899200,1790899200,49,0.31,0.32,114.08,8.0,114.08,8.0,119.48,28.79,325.46,97.21
2026-10-02T00:00:49Z,kalshi,BTC,KXBTC15M-26OCT012015-15,1790899200,49,0.23,0.24,993.66,2738.33,993.66,2738.33,2212.55,4136.83,3263.29,5798.07
2026-10-02T00:00:49Z,kalshi,ETH,KXETH15M-26OCT012015-15,1790899200,49,0.22,0.23,15.12,161.01,15.12,161.01,37.78,224.14,439.36,866.33
2026-10-02T00:00:49Z,kalshi,SOL,KXSOL15M-26OCT012015-15,1790899200,49,0.19,0.2,5.69,9.9,5.69,9.9,72.67,80.13,267.52,305.08
2026-10-02T00:00:49Z,kalshi,XRP,KXXRP15M-26OCT012015-15,1790899200,49,0.33,0.34,124.49,2.38,124.49,2.38,142.49,33.07,303.51,346.26
2026-10-02T00:01:49Z,polymarket,BTC,btc-updown-15m-1790899200,1790899200,109,0.19,0.2,132.45,74.6,132.45,74.6,554.55,148.31,1560.53,348.96
2026-10-02T00:01:49Z,polymarket,ETH,eth-updown-15m-1790899200,1790899200,109,0.21,0.22,1.05,32.58,1.05,32.58,2.85,86.63,46.12,535.83
2026-10-02T00:01:49Z,polymarket,SOL,sol-updown-15m-1790899200,1790899200,109,0.35,0.37,11.83,2.96,11.83,2.96,23.63,17.02,305.47,115.91
2026-10-02T00:01:49Z,polymarket,XRP,xrp-updown-15m-1790899200,1790899200,109,0.6,0.61,38.78,23.18,38.78,23.18,42.91,37.44,77.78,216.18
2026-10-02T00:01:49Z,kalshi,BTC,KXBTC15M-26OCT012015-15,1790899200,109,0.22,0.23,312.75,2410.45,312.75,2410.45,588.61,3657.95,2775.8,5579.11
2026-10-02T00:01:49Z,kalshi,ETH,KXETH15M-26OCT012015-15,1790899200,109,0.2,0.21,39.6,120.75,39.6,120.75,80.45,256.71,396.53,757.81
2026-10-02T00:01:49Z,kalshi,SOL,KXSOL15M-26OCT012015-15,1790899200,109,0.37,0.38,6.66,3.8,6.66,3.8,139.86,10.04,505.41,402.56
2026-10-02T00:01:49Z,kalshi,XRP,KXXRP15M-26OCT012015-15,1790899200,109,0.62,0.63,0.62,29.06,0.62,29.06,0.9,274.34,447.11,624.05
2026-10-02T00:02:49Z,polymarket,BTC,btc-updown-15m-1790899200,1790899200,169,0.18,0.19,356.36,83.98,356.36,83.98,461.72,116.58,3017.24,484.0
2026-10-02T00:02:49Z,polymarket,ETH,eth-updown-15m-1790899200,1790899200,169,0.16,0.17,5.16,31.03,5.16,31.03,9.36,57.31,160.39,407.03
2026-10-02T00:02:49Z,polymarket,SOL,sol-updown-15m-1790899200,1790899200,169,0.34,0.35,1.7,3.67,1.7,3.67,11.5,12.68,284.48,73.55
2026-10-02T00:02:49Z,polymarket,XRP,xrp-updown-15m-1790899200,1790899200,169,0.61,0.62,21.83,23.56,21.83,23.56,356.03,43.32,449.6,317.75
2026-10-02T00:02:49Z,kalshi,BTC,KXBTC15M-26OCT012015-15,1790899200,169,0.2,0.21,1080.76,2112.27,1080.76,2112.27,1989.76,3307.53,2918.91,4916.07
2026-10-02T00:02:49Z,kalshi,ETH,KXETH15M-26OCT012015-15,1790899200,169,0.16,0.17,1.92,103.19,1.92,103.19,27.57,230.81,155.92,521.01
2026-10-02T00:02:49Z,kalshi,SOL,KXSOL15M-26OCT012015-15,1790899200,169,0.36,0.38,8.28,4.56,8.28,4.56,118.59,133.97,481.63,614.16
2026-10-02T00:02:49Z,kalshi,XRP,KXXRP15M-26OCT012015-15,1790899200,169,0.64,0.65,86.16,238.14,86.16,238.14,107.11,262.07,1216.93,618.68
2026-10-02T00:03:49Z,polymarket,BTC,btc-updown-15m-1790899200,1790899200,229,0.15,0.16,263.92,35.61,263.92,35.61,966.95,144.66,1921.51,524.96
2026-10-02T00:03:49Z,polymarket,ETH,eth-updown-15m-1790899200,1790899200,229,0.11,0.12,1.0,18.18,1.0,18.18,7.5,45.2,135.77,215.6
2026-10-02T00:03:49Z,polymarket,SOL,sol-updown-15m-1790899200,1790899200,229,0.3,0.32,13.71,1.92,13.71,1.92,20.96,1.92,169.19,66.58
2026-10-02T00:03:49Z,polymarket,XRP,xrp-updown-15m-1790899200,1790899200,229,0.49,0.5,236.91,9.0,236.91,9.0,405.39,32.97,518.59,205.34
2026-10-02T00:03:49Z,kalshi,BTC,KXBTC15M-26OCT012015-15,1790899200,229,0.16,0.17,617.6,1715.17,617.6,1715.17,885.6,2682.87,3931.6,3913.23
2026-10-02T00:03:49Z,kalshi,ETH,KXETH15M-26OCT012015-15,1790899200,229,0.12,0.13,15.38,2.21,15.38,2.21,34.85,111.97,300.93,447.96
2026-10-02T00:03:49Z,kalshi,SOL,KXSOL15M-26OCT012015-15,1790899200,229,0.3,0.33,109.27,123.09,0,0,109.27,123.09,459.51,464.77
2026-10-02T00:03:49Z,kalshi,XRP,KXXRP15M-26OCT012015-15,1790899200,229,0.52,0.54,152.76,2.7,152.76,2.7,360.26,76.38,570.11,542.17
2026-10-02T00:04:49Z,polymarket,BTC,btc-updown-15m-1790899200,1790899200,289,0.08,0.09,7.6,43.26,7.6,43.26,119.46,104.86,1494.36,1641.79
2026-10-02T00:04:49Z,polymarket,ETH,eth-updown-15m-1790899200,1790899200,289,0.07,0.08,3.42,4.01,3.42,4.01,11.82,13.79,106.01,183.43
2026-10-02T00:04:49Z,polymarket,SOL,sol-updown-15m-1790899200,1790899200,289,0.21,0.24,5.88,2.47,0,0,5.88,2.47,44.84,124.09
2026-10-02T00:04:49Z,polymarket,XRP,xrp-updown-15m-1790899200,1790899200,289,0.32,0.33,11.08,39.75,11.08,39.75,123.3,76.81,265.74,169.68
2026-10-02T00:04:49Z,kalshi,BTC,KXBTC15M-26OCT012015-15,1790899200,289,0.089,0.09,250.51,114.84,1228.13,1005.16,1771.15,1258.92,7527.72,1957.98
2026-10-02T00:04:49Z,kalshi,ETH,KXETH15M-26OCT012015-15,1790899200,289,0.083,0.09,1.08,7.56,6.89,57.57,44.19,115.77,416.21,358.37
2026-10-02T00:04:49Z,kalshi,SOL,KXSOL15M-26OCT012015-15,1790899200,289,0.22,0.23,3.96,57.91,3.96,57.91,14.67,146.95,166.3,429.55
2026-10-02T00:04:49Z,kalshi,XRP,KXXRP15M-26OCT012015-15,1790899200,289,0.35,0.37,6.34,55.19,6.34,55.19,146.75,238.11,417.02,563.31
2026-10-02T00:05:49Z,polymarket,BTC,btc-updown-15m-1790899200,1790899200,349,0.13,0.14,32.11,58.23,32.11,58.23,43.27,95.88,1378.85,2491.71
2026-10-02T00:05:49Z,polymarket,ETH,eth-updown-15m-1790899200,1790899200,349,0.15,0.16,0.75,17.78,0.75,17.78,8.45,47.53,124.67,487.69
2026-10-02T00:05:49Z,polymarket,SOL,sol-updown-15m-1790899200,1790899200,349,0.52,0.53,81.36,3.71,81.36,3.71,110.43,7.49,202.65,19.25
2026-10-02T00:05:49Z,polymarket,XRP,xrp-updown-15m-1790899200,1790899200,349,0.56,0.58,29.48,10.44,29.48,10.44,29.48,49.38,242.17,207.85
2026-10-02T00:05:49Z,kalshi,BTC,KXBTC15M-26OCT012015-15,1790899200,349,0.13,0.14,1137.13,74.04,1137.13,74.04,1836.01,1543.89,2981.32,2867.38
2026-10-02T00:05:49Z,kalshi,ETH,KXETH15M-26OCT012015-15,1790899200,349,0.14,0.15,34.02,8.1,34.02,8.1,108.38,97.05,317.26,416.32
2026-10-02T00:05:49Z,kalshi,SOL,KXSOL15M-26OCT012015-15,1790899200,349,0.55,0.57,2.75,49.57,2.75,49.57,36.77,258.37,641.71,935.73
2026-10-02T00:05:49Z,kalshi,XRP,KXXRP15M-26OCT012015-15,1790899200,349,0.57,0.6,30.14,504.19,0,0,30.14,504.19,443.06,857.96
2026-10-02T00:06:49Z,polymarket,BTC,btc-updown-15m-1790899200,1790899200,409,0.11,0.12,315.53,5.94,315.53,5.94,977.23,24.92,1702.28,313.09
2026-10-02T00:06:49Z,polymarket,ETH,eth-updown-15m-1790899200,1790899200,409,0.17,0.18,6.78,28.52,6.78,28.52,96.31,83.67,365.69,336.67
2026-10-02T00:06:49Z,polymarket,SOL,sol-updown-15m-1790899200,1790899200,409,0.52,0.53,29.22,10.6,29.22,10.6,41.97,15.35,101.75,100.15
2026-10-02T00:06:49Z,polymarket,XRP,xrp-updown-15m-1790899200,1790899200,409,0.57,0.58,65.91,3.48,65.91,3.48,87.19,3.48,380.77,51.09
2026-10-02T00:06:49Z,kalshi,BTC,KXBTC15M-26OCT012015-15,1790899200,409,0.14,0.15,271.1,1758.5,271.1,1758.5,1039.67,2518.9,2340.05,3770.04
2026-10-02T00:06:49Z,kalshi,ETH,KXETH15M-26OCT012015-15,1790899200,409,0.18,0.19,95.48,13.49,95.48,13.49,192.21,121.09,514.88,409.84
2026-10-02T00:06:49Z,kalshi,SOL,KXSOL15M-26OCT012015-15,1790899200,409,0.51,0.52,5.1,0.52,5.1,0.52,33.1,7.41,544.94,607.55
2026-10-02T00:06:49Z,kalshi,XRP,KXXRP15M-26OCT012015-15,1790899200,409,0.59,0.61,25.8,74.98,25.8,74.98,233.59,309.12,673.58,660.41
2026-10-02T00:07:49Z,polymarket,BTC,btc-updown-15m-1790899200,1790899200,469,0.11,0.12,31.07,45.89,31.07,45.89,195.68,78.65,1378.48,1568.07
2026-10-02T00:07:49Z,polymarket,ETH,eth-updown-15m-1790899200,1790899200,469,0.1,0.11,61.28,2.64,61.28,2.64,79.64,17.04,215.74,140.0
2026-10-02T00:07:49Z,polymarket,SOL,sol-updown-15m-1790899200,1790899200,469,0.4,0.41,8.0,27.79,8.0,27.79,19.7,60.97,72.4,295.47
2026-10-02T00:07:49Z,polymarket,XRP,xrp-updown-15m-1790899200,1790899200,469,0.51,0.52,10.2,12.48,10.2,12.48,19.2,50.64,120.12,185.35
2026-10-02T00:07:49Z,kalshi,BTC,KXBTC15M-26OCT012015-15,1790899200,469,0.12,0.13,599.73,691.14,599.73,691.14,887.68,1515.81,2757.85,2504.82
2026-10-02T00:07:49Z,kalshi,ETH,KXETH15M-26OCT012015-15,1790899200,469,0.12,0.13,14.52,62.59,14.52,62.59,73.37,164.62,364.92,488.82
2026-10-02T00:07:49Z,kalshi,SOL,KXSOL15M-26OCT012015-15,1790899200,469,0.36,0.38,8.28,6.08,8.28,6.08,145.13,144.92,530.13,605.18
2026-10-02T00:07:49Z,kalshi,XRP,KXXRP15M-26OCT012015-15,1790899200,469,0.5,0.53,29.62,17.09,0,0,29.62,17.09,573.37,300.22
2026-10-02T00:08:49Z,polymarket,BTC,btc-updown-15m-1790899200,1790899200,529,0.04,0.05,2.16,87.71,2.16,87.71,11.03,157.43,181.29,1350.08
2026-10-02T00:08:49Z,polymarket,ETH,eth-updown-15m-1790899200,1790899200,529,0.03,0.04,3.66,3.2,3.66,3.2,6.34,11.6,12.16,170.25
2026-10-02T00:08:49Z,polymarket,SOL,sol-updown-15m-1790899200,1790899200,529,0.2,0.21,1.02,18.14,1.02,18.14,1.02,122.86,18.28,158.14
2026-10-02T00:08:49Z,polymarket,XRP,xrp-updown-15m-1790899200,1790899200,529,0.28,0.29,5.6,15.19,5.6,15.19,5.6,36.79,46.97,228.41
2026-10-02T00:08:49Z,kalshi,BTC,KXBTC15M-26OCT012015-15,1790899200,529,0.04,0.041,48.89,0.14,351.9,585.92,623.36,1026.57,2435.09,2184.56
2026-10-02T00:08:49Z,kalshi,ETH,KXETH15M-26OCT012015-15,1790899200,529,0.029,0.03,0.81,10.82,24.53,21.9,69.04,48.68,377.08,175.18
2026-10-02T00:08:49Z,kalshi,SOL,KXSOL15M-26OCT012015-15,1790899200,529,0.16,0.18,44.5,2.34,44.5,2.34,267.4,3.48,436.32,223.7
2026-10-02T00:08:49Z,kalshi,XRP,KXXRP15M-26OCT012015-15,1790899200,529,0.27,0.3,11.31,18.97,0,0,11.31,18.97,309.41,263.64
2026-10-02T00:09:49Z,polymarket,BTC,btc-updown-15m-1790899200,1790899200,589,0.07,0.08,115.07,13.68,115.07,13.68,388.76,90.9,871.3,1374.02
2026-10-02T00:09:49Z,polymarket,ETH,eth-updown-15m-1790899200,1790899200,589,0.05,0.06,3.8,6.75,3.8,6.75,8.16,48.54,41.47,172.33
2026-10-02T00:09:49Z,polymarket,SOL,sol-updown-15m-1790899200,1790899200,589,0.26,0.28,8.55,4.23,8.55,4.23,20.05,16.7,56.14,275.02
2026-10-02T00:09:49Z,polymarket,XRP,xrp-updown-15m-1790899200,1790899200,589,0.34,0.35,4.08,7.66,4.08,7.66,23.88,14.14,37.64,95.6
2026-10-02T00:09:49Z,kalshi,BTC,KXBTC15M-26OCT012015-15,1790899200,589,0.088,0.089,110.98,257.62,516.5,1126.1,917.93,1343.7,6494.4,1847.62
2026-10-02T00:09:49Z,kalshi,ETH,KXETH15M-26OCT012015-15,1790899200,589,0.038,0.039,3.69,0.2,7.77,22.26,34.94,28.31,494.24,162.07
2026-10-02T00:09:49Z,kalshi,SOL,KXSOL15M-26OCT012015-15,1790899200,589,0.24,0.25,29.04,4.25,29.04,4.25,46.98,96.81,295.97,397.1
2026-10-02T00:09:49Z,kalshi,XRP,KXXRP15M-26OCT012015-15,1790899200,589,0.38,0.39,4.94,37.05,4.94,37.05,12.91,139.93,314.26,491.91
2026-10-02T00:10:49Z,polymarket,BTC,btc-updown-15m-1790899200,1790899200,649,0.14,0.15,26.6,108.22,26.6,108.22,1103.83,135.74,1965.78,631.09
2026-10-02T00:10:49Z,polymarket,ETH,eth-updown-15m-1790899200,1790899200,649,0.142,0.144,0.85,5.76,2.39,7.41,21.24,23.18,170.8,398.93
2026-10-02T00:10:49Z,polymarket,SOL,sol-updown-15m-1790899200,1790899200,649,0.69,0.7,33.11,17.5,33.11,17.5,59.12,40.93,416.7,145.38
2026-10-02T00:10:49Z,polymarket,XRP,xrp-updown-15m-1790899200,1790899200,649,0.75,0.76,31.7,15.2,31.7,15.2,45.02,28.55,718.28,408.45
2026-10-02T00:10:49Z,kalshi,BTC,KXBTC15M-26OCT012015-15,1790899200,649,0.16,0.17,1074.4,70.38,1074.4,70.38,1814.95,719.88,2414.65,1799.61
2026-10-02T00:10:49Z,kalshi,ETH,KXETH15M-26OCT012015-15,1790899200,649,0.13,0.15,21.0,86.25,21.0,86.25,62.28,205.28,274.31,450.93
2026-10-02T00:10:49Z,kalshi,SOL,KXSOL15M-26OCT012015-15,1790899200,649,0.7,0.73,46.77,324.11,0,0,46.77,324.11,768.35,1276.37
2026-10-02T00:10:49Z,kalshi,XRP,KXXRP15M-26OCT012015-15,1790899200,649,0.75,0.77,244.97,12.32,244.97,12.32,534.46,561.59,783.25,1044.17
2026-10-02T00:11:49Z,polymarket,BTC,btc-updown-15m-1790899200,1790899200,709,0.13,0.14,34.45,73.0,34.45,73.0,70.42,136.6,401.9,389.94
2026-10-02T00:11:49Z,polymarket,ETH,eth-updown-15m-1790899200,1790899200,709,0.08,0.081,0.4,4.94,0.4,11.37,0.4,33.68,27.5,110.82
2026-10-02T00:11:49Z,polymarket,SOL,sol-updown-15m-1790899200,1790899200,709,0.53,0.57,4.24,19.95,0,0,4.24,19.95,69.64,88.97
2026-10-02T00:11:49Z,polymarket,XRP,xrp-updown-15m-1790899200,1790899200,709,0.55,0.57,9.9,10.26,9.9,10.26,31.5,47.5,146.14,154.71
2026-10-02T00:11:49Z,kalshi,BTC,KXBTC15M-26OCT012015-15,1790899200,709,0.14,0.15,298.49,1238.82,298.49,1238.82,899.31,2133.61,1905.53,6305.3
2026-10-02T00:11:49Z,kalshi,ETH,KXETH15M-26OCT012015-15,1790899200,709,0.07,0.075,5.46,1.05,43.67,5.6,96.17,16.72,373.44,235.81
2026-10-02T00:11:49Z,kalshi,SOL,KXSOL15M-26OCT012015-15,1790899200,709,0.54,0.57,2.7,124.11,0,0,2.7,124.11,400.62,753.19
2026-10-02T00:11:49Z,kalshi,XRP,KXXRP15M-26OCT012015-15,1790899200,709,0.58,0.61,79.08,9.94,0,0,79.08,9.94,368.04,242.78
2026-10-02T00:12:49Z,polymarket,BTC,btc-updown-15m-1790899200,1790899200,769,0.06,0.07,10.38,13.03,10.38,13.03,19.29,194.07,783.72,882.61
2026-10-02T00:12:49Z,polymarket,ETH,eth-updown-15m-1790899200,1790899200,769,0.012,0.018,0.11,0.17,1.92,1.03,1.96,4.45,1.96,92.0
2026-10-02T00:12:49Z,polymarket,SOL,sol-updown-15m-1790899200,1790899200,769,0.34,0.35,4.76,17.9,4.76,17.9,4.76,30.14,13.36,74.75
2026-10-02T00:12:49Z,polymarket,XRP,xrp-updown-15m-1790899200,1790899200,769,0.31,0.35,21.08,8.75,0,0,21.08,8.75,175.46,38.52
2026-10-02T00:12:49Z,kalshi,BTC,KXBTC15M-26OCT012015-15,1790899200,769,0.069,0.07,109.67,58.16,737.05,225.81,1234.0,599.26,5879.46,2039.53
2026-10-02T00:12:49Z,kalshi,ETH,KXETH15M-26OCT012015-15,1790899200,769,0.017,0.018,0.31,0.27,7.78,16.33,224.57,33.47,224.57,134.64
2026-10-02T00:12:49Z,kalshi,SOL,KXSOL15M-26OCT012015-15,1790899200,769,0.38,0.42,126.51,191.58,0,0,126.51,191.58,509.95,697.54
2026-10-02T00:12:49Z,kalshi,XRP,KXXRP15M-26OCT012015-15,1790899200,769,0.34,0.37,5.78,14.39,0,0,5.78,14.39,143.98,389.46
2026-10-02T00:13:49Z,polymarket,BTC,btc-updown-15m-1790899200,1790899200,829,0.58,0.59,141.82,1090.32,141.82,1090.32,170.32,1269.35,189.57,1602.75
2026-10-02T00:13:49Z,polymarket,ETH,eth-updown-15m-1790899200,1790899200,829,0.32,0.321,5.93,9.63,5.93,38.79,5.93,45.59,5.93,62.97
2026-10-02T00:13:49Z,polymarket,SOL,sol-updown-15m-1790899200,1790899200,829,0.72,0.73,7.2,0.85,7.2,0.85,7.2,6.77,54.69,6.77
2026-10-02T00:13:49Z,polymarket,XRP,xrp-updown-15m-1790899200,1790899200,829,0.93,0.96,12.09,24.01,0,0,12.09,24.01,12.09,146.86
2026-10-02T00:13:49Z,kalshi,BTC,KXBTC15M-26OCT012015-15,1790899200,829,0.55,0.56,1369.05,480.57,1369.05,480.57,4600.29,1171.47,7217.68,3436.92
2026-10-02T00:13:49Z,kalshi,ETH,KXETH15M-26OCT012015-15,1790899200,829,0.37,0.38,112.48,30.73,112.48,30.73,122.56,225.73,638.59,746.69
2026-10-02T00:13:49Z,kalshi,SOL,KXSOL15M-26OCT012015-15,1790899200,829,0.77,0.78,3.85,270.66,3.85,270.66,4.61,547.16,566.56,1397.66
2026-10-02T00:13:49Z,kalshi,XRP,KXXRP15M-26OCT012015-15,1790899200,829,0.906,0.925,1.81,12.95,1.81,12.95,23.02,329.22,410.01,2989.18
2026-10-02T00:14:49Z,polymarket,ETH,eth-updown-15m-1790899200,1790899200,889,0.001,0.009,0.02,0.11,0.02,46.13,0.02,46.33,0.02,48.75
2026-10-02T00:14:49Z,kalshi,ETH,KXETH15M-26OCT012015-15,1790899200,889,0.012,0.016,0.05,0.7,8.6,51.01,28.07,72.08,28.07,108.15
2026-10-02T00:15:49Z,polymarket,BTC,btc-updown-15m-1790900100,1790900100,49,0.43,0.44,302.18,19.91,302.18,19.91,509.66,507.87,4504.97,1725.55
2026-10-02T00:15:49Z,polymarket,ETH,eth-updown-15m-1790900100,1790900100,49,0.47,0.48,298.05,7.2,298.05,7.2,373.49,545.16,1184.96,609.86
2026-10-02T00:15:49Z,polymarket,SOL,sol-updown-15m-1790900100,1790900100,49,0.48,0.49,316.07,211.96,316.07,211.96,560.94,211.96,658.29,235.28
2026-10-02T00:15:49Z,polymarket,XRP,xrp-updown-15m-1790900100,1790900100,49,0.53,0.54,9.54,2.7,9.54,2.7,24.1,39.19,381.95,200.12
2026-10-02T00:15:49Z,kalshi,BTC,KXBTC15M-26OCT012030-30,1790900100,49,0.44,0.45,886.36,4007.81,886.36,4007.81,2997.66,5635.21,5598.76,8604.65
2026-10-02T00:15:49Z,kalshi,ETH,KXETH15M-26OCT012030-30,1790900100,49,0.5,0.51,273.9,12.24,273.9,12.24,528.21,144.84,1457.53,955.71
2026-10-02T00:15:49Z,kalshi,SOL,KXSOL15M-26OCT012030-30,1790900100,49,0.53,0.55,265.53,14.94,265.53,14.94,436.61,220.46,982.48,958.96
2026-10-02T00:15:49Z,kalshi,XRP,KXXRP15M-26OCT012030-30,1790900100,49,0.55,0.56,11.0,27.44,11.0,27.44,38.14,67.91,293.41,380.97
2026-10-02T00:16:49Z,polymarket,BTC,btc-updown-15m-1790900100,1790900100,109,0.24,0.25,30.77,119.67,30.77,119.67,186.8,144.38,3712.8,502.01
2026-10-02T00:16:49Z,polymarket,ETH,eth-updown-15m-1790900100,1790900100,109,0.28,0.29,31.15,14.5,31.15,14.5,98.06,14.5,411.8,31.81
2026-10-02T00:16:49Z,polymarket,SOL,sol-updown-15m-1790900100,1790900100,109,0.47,0.48,21.47,4.32,21.47,4.32,36.19,14.26,95.01,341.61
2026-10-02T00:16:49Z,polymarket,XRP,xrp-updown-15m-1790900100,1790900100,109,0.44,0.45,8.8,21.33,8.8,21.33,16.54,32.37,273.44,246.23
2026-10-02T00:16:49Z,kalshi,BTC,KXBTC15M-26OCT012030-30,1790900100,109,0.25,0.26,741.23,77.35,741.23,77.35,1483.07,2802.09,2911.31,5164.79
2026-10-02T00:16:49Z,kalshi,ETH,KXETH15M-26OCT012030-30,1790900100,109,0.32,0.33,26.24,208.56,26.24,208.56,68.71,401.0,465.18,1133.31
2026-10-02T00:16:49Z,kalshi,SOL,KXSOL15M-26OCT012030-30,1790900100,109,0.46,0.47,166.98,5.17,166.98,5.17,370.29,12.85,833.5,649.52
2026-10-02T00:16:49Z,kalshi,XRP,KXXRP15M-26OCT012030-30,1790900100,109,0.44,0.45,180.95,11.25,180.95,11.25,203.42,29.13,430.42,196.32
2026-10-02T00:17:49Z,polymarket,BTC,btc-updown-15m-1790900100,1790900100,169,0.41,0.42,3761.41,186.41,3761.41,186.41,4998.61,328.96,6079.06,641.0
2026-10-02T00:17:49Z,polymarket,ETH,eth-updown-15m-1790900100,1790900100,169,0.57,0.58,54.29,11.29,54.29,11.29,86.21,79.14,397.15,633.67
2026-10-02T00:17:49Z,polymarket,SOL,sol-updown-15m-1790900100,1790900100,169,0.71,0.72,12.78,8.64,12.78,8.64,130.73,8.64,558.15,112.11
2026-10-02T00:17:49Z,polymarket,XRP,xrp-updown-15m-1790900100,1790900100,169,0.82,0.84,14.76,63.59,14.76,63.59,73.08,429.37,196.02,1224.08
2026-10-02T00:17:49Z,kalshi,BTC,KXBTC15M-26OCT012030-30,1790900100,169,0.45,0.46,3245.16,299.61,3245.16,299.61,5295.36,4425.6,6829.32,8741.47
2026-10-02T00:17:49Z,kalshi,ETH,KXETH15M-26OCT012030-30,1790900100,169,0.58,0.59,10.21,179.21,10.21,179.21,339.67,568.61,1336.63,1613.46
2026-10-02T00:17:49Z,kalshi,SOL,KXSOL15M-26OCT012030-30,1790900100,169,0.71,0.72,245.16,7.92,245.16,7.92,591.66,22.52,1363.67,789.01
2026-10-02T00:17:49Z,kalshi,XRP,KXXRP15M-26OCT012030-30,1790900100,169,0.81,0.82,4.05,46.12,4.05,46.12,13.05,419.62,414.0,842.93
2026-10-02T00:18:49Z,polymarket,BTC,btc-updown-15m-1790900100,1790900100,229,0.53,0.54,35.23,52.12,35.23,52.12,282.75,190.13,5488.09,638.96
2026-10-02T00:18:49Z,polymarket,ETH,eth-updown-15m-1790900100,1790900100,229,0.6,0.61,121.52,3.05,121.52,3.05,630.1,6.15,1685.07,197.55
2026-10-02T00:18:49Z,polymarket,SOL,sol-updown-15m-1790900100,1790900100,229,0.69,0.73,41.4,247.16,0,0,41.4,247.16,315.9,742.84
2026-10-02T00:18:49Z,polymarket,XRP,xrp-updown-15m-1790900100,1790900100,229,0.77,0.79,21.56,32.94,21.56,32.94,52.59,51.35,233.47,340.24
2026-10-02T00:18:49Z,kalshi,BTC,KXBTC15M-26OCT012030-30,1790900100,229,0.56,0.57,235.92,5010.08,235.92,5010.08,2979.03,7556.83,7178.27,11095.35
2026-10-02T00:18:49Z,kalshi,ETH,KXETH15M-26OCT012030-30,1790900100,229,0.63,0.64,426.77,16.13,426.77,16.13,885.57,75.28,1871.39,757.17
2026-10-02T00:18:49Z,kalshi,SOL,KXSOL15M-26OCT012030-30,1790900100,229,0.68,0.7,281.2,0.7,281.2,0.7,564.25,105.36,1444.05,767.07
2026-10-02T00:18:49Z,kalshi,XRP,KXXRP15M-26OCT012030-30,1790900100,229,0.75,0.77,27.34,21.36,27.34,21.36,320.12,46.51,699.93,401.81
2026-10-02T00:19:49Z,polymarket,BTC,btc-updown-15m-1790900100,1790900100,289,0.53,0.54,66.78,234.92,66.78,234.92,2393.34,346.9,4880.75,870.96
2026-10-02T00:19:49Z,polymarket,ETH,eth-updown-15m-1790900100,1790900100,289,0.63,0.64,3.15,113.89,3.15,113.89,15.55,195.14,878.65,934.81
2026-10-02T00:19:49Z,polymarket,SOL,sol-updown-15m-1790900100,1790900100,289,0.79,0.81,26.93,86.18,26.93,86.18,127.55,113.24,239.27,702.89
2026-10-02T00:19:49Z,polymarket,XRP,xrp-updown-15m-1790900100,1790900100,289,0.81,0.84,15.53,22.68,0,0,15.53,22.68,211.96,303.25
2026-10-02T00:19:49Z,kalshi,BTC,KXBTC15M-26OCT012030-30,1790900100,289,0.57,0.58,69.19,4204.42,69.19,4204.42,2452.51,6421.05,6105.69,9709.27
2026-10-02T00:19:49Z,kalshi,ETH,KXETH15M-26OCT012030-30,1790900100,289,0.64,0.65,277.34,45.5,277.34,45.5,1042.26,258.68,2136.37,1160.86
2026-10-02T00:19:49Z,kalshi,SOL,KXSOL15M-26OCT012030-30,1790900100,289,0.78,0.79,0.37,197.39,0.37,197.39,125.88,493.39,1066.91,1591.3
2026-10-02T00:19:49Z,kalshi,XRP,KXXRP15M-26OCT012030-30,1790900100,289,0.79,0.81,371.41,26.12,371.41,26.12,420.29,72.86,580.09,898.08
2026-10-02T00:20:49Z,polymarket,BTC,btc-updown-15m-1790900100,1790900100,349,0.46,0.47,92.0,96.35,92.0,96.35,2568.8,114.59,5769.91,501.23
2026-10-02T00:20:49Z,polymarket,ETH,eth-updown-15m-1790900100,1790900100,349,0.66,0.67,87.73,10.05,87.73,10.05,97.48,71.24,1283.85,448.74
2026-10-02T00:20:49Z,polymarket,SOL,sol-updown-15m-1790900100,1790900100,349,0.84,0.87,12.6,111.56,0,0,12.6,111.56,818.25,765.5
2026-10-02T00:20:49Z,polymarket,XRP,xrp-updown-15m-1790900100,1790900100,349,0.79,0.81,32.17,8.1,32.17,8.1,178.03,38.44,348.56,274.16
2026-10-02T00:20:49Z,kalshi,BTC,KXBTC15M-26OCT012030-30,1790900100,349,0.49,0.5,2657.7,1534.44,2657.7,1534.44,5115.27,4468.53,6954.73,8413.03
2026-10-02T00:20:49Z,kalshi,ETH,KXETH15M-26OCT012030-30,1790900100,349,0.68,0.69,346.12,93.84,346.12,93.84,719.01,294.9,1980.52,1581.23
2026-10-02T00:20:49Z,kalshi,SOL,KXSOL15M-26OCT012030-30,1790900100,349,0.84,0.85,150.69,61.94,150.69,61.94,301.42,502.59,1236.37,1901.16
2026-10-02T00:20:49Z,kalshi,XRP,KXXRP15M-26OCT012030-30,1790900100,349,0.78,0.79,8.6,15.8,8.6,15.8,357.11,62.4,791.56,392.09
2026-10-02T00:21:49Z,polymarket,BTC,btc-updown-15m-1790900100,1790900100,409,0.33,0.34,6.52,188.12,6.52,188.12,487.29,240.36,1791.66,405.68
2026-10-02T00:21:49Z,polymarket,ETH,eth-updown-15m-1790900100,1790900100,409,0.67,0.68,36.85,85.16,36.85,85.16,67.21,199.01,330.87,995.88
2026-10-02T00:21:49Z,polymarket,SOL,sol-updown-15m-1790900100,1790900100,409,0.88,0.89,8.21,56.01,8.21,56.01,142.19,101.48,536.6,625.14
2026-10-02T00:21:49Z,polymarket,XRP,xrp-updown-15m-1790900100,1790900100,409,0.85,0.86,83.99,17.2,83.99,17.2,105.83,574.0,175.1,795.36
2026-10-02T00:21:49Z,kalshi,BTC,KXBTC15M-26OCT012030-30,1790900100,409,0.4,0.41,1859.76,403.44,1859.76,403.44,3400.34,3312.15,4958.97,7220.83
2026-10-02T00:21:49Z,kalshi,ETH,KXETH15M-26OCT012030-30,1790900100,409,0.67,0.68,22.47,95.34,22.47,95.34,105.35,615.6,1285.51,2011.71
2026-10-02T00:21:49Z,kalshi,SOL,KXSOL15M-26OCT012030-30,1790900100,409,0.86,0.87,389.58,4.35,389.58,4.35,835.61,18.43,1975.54,900.66
2026-10-02T00:21:49Z,kalshi,XRP,KXXRP15M-26OCT012030-30,1790900100,409,0.82,0.84,82.82,244.86,82.82,244.86,104.69,272.27,682.87,861.22
2026-10-02T00:22:49Z,polymarket,BTC,btc-updown-15m-1790900100,1790900100,469,0.19,0.2,41.11,1.52,41.11,1.52,874.77,31.13,2203.13,240.81
2026-10-02T00:22:49Z,polymarket,ETH,eth-updown-15m-1790900100,1790900100,469,0.48,0.49,9.6,80.08,9.6,80.08,19.0,105.08,182.07,967.18
2026-10-02T00:22:49Z,polymarket,SOL,sol-updown-15m-1790900100,1790900100,469,0.76,0.78,5.32,335.97,5.32,335.97,5.32,343.08,95.91,1077.33
2026-10-02T00:22:49Z,polymarket,XRP,xrp-updown-15m-1790900100,1790900100,469,0.75,0.76,3.75,31.9,3.75,31.9,7.45,343.75,128.47,436.65
2026-10-02T00:22:49Z,kalshi,BTC,KXBTC15M-26OCT012030-30,1790900100,469,0.22,0.23,956.24,2243.95,956.24,2243.95,1864.12,3545.01,3176.76,4976.42
2026-10-02T00:22:49Z,kalshi,ETH,KXETH15M-26OCT012030-30,1790900100,469,0.46,0.47,335.36,11.75,335.36,11.75,557.0,109.79,1317.65,987.8
2026-10-02T00:22:49Z,kalshi,SOL,KXSOL15M-26OCT012030-30,1790900100,469,0.75,0.76,11.25,287.28,11.25,287.28,11.25,569.1,444.57,1529.04
2026-10-02T00:22:49Z,kalshi,XRP,KXXRP15M-26OCT012030-30,1790900100,469,0.72,0.73,19.44,42.27,19.44,42.27,54.95,57.39,447.4,411.27
2026-10-02T00:23:49Z,polymarket,BTC,btc-updown-15m-1790900100,1790900100,529,0.42,0.43,62.84,25.8,62.84,25.8,2952.52,99.28,4046.84,327.39
2026-10-02T00:23:49Z,polymarket,ETH,eth-updown-15m-1790900100,1790900100,529,0.74,0.75,70.3,16.5,70.3,16.5,131.07,69.7,155.77,962.5
2026-10-02T00:23:49Z,polymarket,SOL,sol-updown-15m-1790900100,1790900100,529,0.93,0.96,37.19,9.6,0,0,37.19,9.6,374.3,693.85
2026-10-02T00:23:49Z,polymarket,XRP,xrp-updown-15m-1790900100,1790900100,529,0.88,0.89,34.86,25.5,34.86,25.5,52.26,388.2,253.49,564.01
2026-10-02T00:23:49Z,kalshi,BTC,KXBTC15M-26OCT012030-30,1790900100,529,0.48,0.49,731.05,2087.21,731.05,2087.21,2119.88,3189.21,3918.41,6724.88
2026-10-02T00:23:49Z,kalshi,ETH,KXETH15M-26OCT012030-30,1790900100,529,0.73,0.74,465.01,14.8,465.01,14.8,1254.85,116.29,2514.98,1096.3
2026-10-02T00:23:49Z,kalshi,SOL,KXSOL15M-26OCT012030-30,1790900100,529,0.939,0.94,37.56,2.82,69.25,35.93,677.98,562.91,1754.41,9534.7
2026-10-02T00:23:49Z,kalshi,XRP,KXXRP15M-26OCT012030-30,1790900100,529,0.86,0.87,84.77,46.97,84.77,46.97,158.31,80.63,533.8,959.33
2026-10-02T00:24:49Z,polymarket,BTC,btc-updown-15m-1790900100,1790900100,589,0.43,0.45,6.45,26.55,6.45,26.55,16.95,58.75,161.72,281.36
2026-10-02T00:24:49Z,polymarket,ETH,eth-updown-15m-1790900100,1790900100,589,0.8,0.82,34.0,4.92,34.0,4.92,133.56,57.67,506.15,1717.45
2026-10-02T00:24:49Z,polymarket,SOL,sol-updown-15m-1790900100,1790900100,589,0.96,0.98,52.18,14.7,52.18,14.7,174.02,40.44,1015.61,40.44
2026-10-02T00:24:49Z,polymarket,XRP,xrp-updown-15m-1790900100,1790900100,589,0.91,0.93,13.61,18.98,13.61,18.98,41.82,58.46,242.08,420.99
2026-10-02T00:24:49Z,kalshi,BTC,KXBTC15M-26OCT012030-30,1790900100,589,0.47,0.48,1255.5,1955.53,1255.5,1955.53,3882.1,3255.5,6205.87,5437.43
2026-10-02T00:24:49Z,kalshi,ETH,KXETH15M-26OCT012030-30,1790900100,589,0.8,0.81,26.4,45.36,26.4,45.36,724.31,539.82,2029.5,2266.29
2026-10-02T00:24:49Z,kalshi,SOL,KXSOL15M-26OCT012030-30,1790900100,589,0.96,0.967,29.87,0.97,144.58,152.01,725.79,891.48,2027.86,88697.42
2026-10-02T00:24:49Z,kalshi,XRP,KXXRP15M-26OCT012030-30,1790900100,589,0.901,0.904,9.01,4.52,9.01,12.22,46.61,90.93,448.41,2759.19
2026-10-02T00:25:49Z,polymarket,BTC,btc-updown-15m-1790900100,1790900100,649,0.19,0.2,67.56,5.0,67.56,5.0,816.56,34.82,1097.99,128.88
2026-10-02T00:25:49Z,polymarket,ETH,eth-updown-15m-1790900100,1790900100,649,0.7,0.71,38.5,12.07,38.5,12.07,42.64,76.87,63.41,311.24
2026-10-02T00:25:49Z,polymarket,SOL,sol-updown-15m-1790900100,1790900100,649,0.96,0.98,118.08,14.7,118.08,14.7,160.83,30.54,288.52,30.54
2026-10-02T00:25:49Z,polymarket,XRP,xrp-updown-15m-1790900100,1790900100,649,0.86,0.9,9.75,4.5,0,0,9.75,4.5,288.74,149.49
2026-10-02T00:25:49Z,kalshi,BTC,KXBTC15M-26OCT012030-30,1790900100,649,0.22,0.23,147.16,1900.11,147.16,1900.11,561.28,3118.58,1754.8,4574.57
2026-10-02T00:25:49Z,kalshi,ETH,KXETH15M-26OCT012030-30,1790900100,649,0.68,0.69,138.72,17.25,138.72,17.25,473.72,48.75,1671.84,1351.2
2026-10-02T00:25:49Z,kalshi,SOL,KXSOL15M-26OCT012030-30,1790900100,649,0.973,0.974,1.19,6.82,56.72,169.43,712.53,7807.04,2511.51,84246.35
2026-10-02T00:25:49Z,kalshi,XRP,KXXRP15M-26OCT012030-30,1790900100,649,0.88,0.89,72.38,0.89,72.38,0.89,469.32,98.53,915.04,2262.79
2026-10-02T00:26:49Z,polymarket,BTC,btc-updown-15m-1790900100,1790900100,709,0.08,0.09,2.4,25.02,2.4,25.02,24.29,71.05,352.18,192.89
2026-10-02T00:26:49Z,polymarket,ETH,eth-updown-15m-1790900100,1790900100,709,0.43,0.44,38.7,2.64,38.7,2.64,269.28,20.64,550.03,69.01
2026-10-02T00:26:49Z,polymarket,SOL,sol-updown-15m-1790900100,1790900100,709,0.92,0.95,30.99,590.67,0,0,30.99,590.67,221.63,877.08
2026-10-02T00:26:49Z,polymarket,XRP,xrp-updown-15m-1790900100,1790900100,709,0.6,0.66,40.4,11.88,0,0,0,0,266.18,70.18
2026-10-02T00:26:49Z,kalshi,BTC,KXBTC15M-26OCT012030-30,1790900100,709,0.074,0.075,120.62,11.25,474.01,295.59,903.2,1160.2,5843.12,1701.56
2026-10-02T00:26:49Z,kalshi,ETH,KXETH15M-26OCT012030-30,1790900100,709,0.47,0.48,14.1,24.0,14.1,24.0,244.1,283.21,986.77,1193.67
2026-10-02T00:26:49Z,kalshi,SOL,KXSOL15M-26OCT012030-30,1790900100,709,0.914,0.924,4.57,12.94,226.68,334.84,237.5,649.91,1266.35,3976.57
2026-10-02T00:26:49Z,kalshi,XRP,KXXRP15M-26OCT012030-30,1790900100,709,0.63,0.65,30.24,44.85,30.24,44.85,281.34,58.05,536.88,385.92
2026-10-02T00:27:49Z,polymarket,BTC,btc-updown-15m-1790900100,1790900100,769,0.03,0.04,5.95,3.08,5.95,3.08,10.45,286.15,25.25,341.68
2026-10-02T00:27:49Z,polymarket,ETH,eth-updown-15m-1790900100,1790900100,769,0.18,0.19,5.4,8.55,5.4,8.55,20.7,43.64,315.39,149.4
2026-10-02T00:27:49Z,polymarket,SOL,sol-updown-15m-1790900100,1790900100,769,0.94,0.97,13.16,32.34,0,0,13.16,32.34,152.41,822.38
2026-10-02T00:27:49Z,polymarket,XRP,xrp-updown-15m-1790900100,1790900100,769,0.49,0.52,5.52,14.56,0,0,5.52,14.56,87.11,71.95
2026-10-02T00:27:49Z,kalshi,BTC,KXBTC15M-26OCT012030-30,1790900100,769,0.02,0.021,6.72,48.41,147.19,465.03,1983.98,708.05,1983.98,1507.39
2026-10-02T00:27:49Z,kalshi,ETH,KXETH15M-26OCT012030-30,1790900100,769,0.2,0.22,10.2,10.5,10.2,10.5,150.23,182.31,452.77,585.82
2026-10-02T00:27:49Z,kalshi,SOL,KXSOL15M-26OCT012030-30,1790900100,769,0.944,0.947,40.59,2.84,50.67,358.79,60.87,651.1,1168.24,22431.23
2026-10-02T00:27:49Z,kalshi,XRP,KXXRP15M-26OCT012030-30,1790900100,769,0.49,0.5,24.5,2.5,24.5,2.5,74.58,8.79,264.44,250.88
2026-10-02T00:28:49Z,polymarket,ETH,eth-updown-15m-1790900100,1790900100,829,0.17,0.18,2.04,31.39,2.04,31.39,2.04,38.99,27.33,46.99
2026-10-02T00:28:49Z,polymarket,SOL,sol-updown-15m-1790900100,1790900100,829,0.991,0.999,12.76,32.05,515.69,32.05,525.49,32.05,657.62,32.05
2026-10-02T00:28:49Z,polymarket,XRP,xrp-updown-15m-1790900100,1790900100,829,0.26,0.27,0.41,14.97,0.41,14.97,0.41,34.76,0.41,37.76
2026-10-02T00:28:49Z,kalshi,BTC,KXBTC15M-26OCT012030-30,1790900100,829,0.002,0.003,112.26,12.47,251.32,193.47,251.32,275.86,251.32,1655.13
2026-10-02T00:28:49Z,kalshi,ETH,KXETH15M-26OCT012030-30,1790900100,829,0.19,0.21,12.28,7.75,12.28,7.75,267.52,121.93,519.2,481.93
2026-10-02T00:28:49Z,kalshi,XRP,KXXRP15M-26OCT012030-30,1790900100,829,0.22,0.23,88.0,4.38,88.0,4.38,88.0,5.1,174.77,29.0
2026-10-02T00:29:49Z,polymarket,XRP,xrp-updown-15m-1790900100,1790900100,889,0.07,0.13,0.56,2.34,0,0,0,0,8.86,5.24
2026-10-02T00:29:49Z,kalshi,XRP,KXXRP15M-26OCT012030-30,1790900100,889,0.084,0.095,33.6,1.04,33.6,1.04,33.6,1.04,52.98,3.38
2026-10-02T00:30:49Z,polymarket,BTC,btc-updown-15m-1790901000,1790901000,49,0.24,0.25,152.12,62.5,152.12,62.5,236.3,78.88,3743.39,457.67
2026-10-02T00:30:49Z,polymarket,ETH,eth-updown-15m-1790901000,1790901000,49,0.23,0.24,33.21,6.0,33.21,6.0,75.01,59.75,332.3,214.42
2026-10-02T00:30:49Z,polymarket,SOL,sol-updown-15m-1790901000,1790901000,49,0.29,0.31,9.57,4.34,9.57,4.34,11.22,23.86,38.88,120.72
2026-10-02T00:30:49Z,polymarket,XRP,xrp-updown-15m-1790901000,1790901000,49,0.25,0.27,9.5,7.83,9.5,7.83,13.82,28.55,74.85,129.24
2026-10-02T00:30:49Z,kalshi,BTC,KXBTC15M-26OCT012045-45,1790901000,49,0.25,0.26,2213.58,592.57,2213.58,592.57,3514.02,2790.91,4575.34,4946.08
2026-10-02T00:30:49Z,kalshi,ETH,KXETH15M-26OCT012045-45,1790901000,49,0.24,0.26,42.96,79.93,42.96,79.93,179.35,240.04,585.49,735.53
2026-10-02T00:30:49Z,kalshi,SOL,KXSOL15M-26OCT012045-45,1790901000,49,0.28,0.29,13.54,4.85,13.54,4.85,152.86,10.25,441.05,514.38
2026-10-02T00:30:49Z,kalshi,XRP,KXXRP15M-26OCT012045-45,1790901000,49,0.25,0.26,13.03,3.83,13.03,3.83,30.06,9.23,211.12,169.4
2026-10-02T00:31:49Z,polymarket,BTC,btc-updown-15m-1790901000,1790901000,109,0.29,0.3,89.7,100.24,89.7,100.24,523.7,179.29,3496.67,641.8
2026-10-02T00:31:49Z,polymarket,ETH,eth-updown-15m-1790901000,1790901000,109,0.24,0.25,28.72,6.25,28.72,6.25,46.2,56.17,250.87,386.44
2026-10-02T00:31:49Z,polymarket,SOL,sol-updown-15m-1790901000,1790901000,109,0.26,0.28,1.3,2.24,1.3,2.24,3.8,11.81,254.84,52.02
2026-10-02T00:31:49Z,polymarket,XRP,xrp-updown-15m-1790901000,1790901000,109,0.23,0.24,4.6,4.32,4.6,4.32,12.96,15.32,145.56,109.64
2026-10-02T00:31:49Z,kalshi,BTC,KXBTC15M-26OCT012045-45,1790901000,109,0.3,0.31,2493.41,471.0,2493.41,471.0,3713.94,2121.2,5952.59,5813.77
2026-10-02T00:31:49Z,kalshi,ETH,KXETH15M-26OCT012045-45,1790901000,109,0.23,0.25,37.58,177.91,37.58,177.91,65.74,371.81,469.92,867.74
2026-10-02T00:31:49Z,kalshi,SOL,KXSOL15M-26OCT012045-45,1790901000,109,0.27,0.29,41.58,7.25,41.58,7.25,139.34,131.45,411.25,613.46
2026-10-02T00:31:49Z,kalshi,XRP,KXXRP15M-26OCT012045-45,1790901000,109,0.25,0.26,7.81,9.62,7.81,9.62,17.95,131.39,141.47,295.14
2026-10-02T00:32:49Z,polymarket,BTC,btc-updown-15m-1790901000,1790901000,169,0.34,0.35,104.04,141.01,104.04,141.01,127.14,194.39,2329.91,885.49
2026-10-02T00:32:49Z,polymarket,ETH,eth-updown-15m-1790901000,1790901000,169,0.24,0.25,1.2,31.54,1.2,31.54,25.02,48.96,329.13,205.88
2026-10-02T00:32:49Z,polymarket,SOL,sol-updown-15m-1790901000,1790901000,169,0.32,0.34,1.92,6.12,1.92,6.12,13.39,8.92,256.54,218.05
2026-10-02T00:32:49Z,polymarket,XRP,xrp-updown-15m-1790901000,1790901000,169,0.27,0.29,10.26,5.22,10.26,5.22,48.48,18.72,105.54,104.49
2026-10-02T00:32:49Z,kalshi,BTC,KXBTC15M-26OCT012045-45,1790901000,169,0.35,0.36,321.4,3203.73,321.4,3203.73,1052.82,5786.8,3136.22,7970.92
2026-10-02T00:32:49Z,kalshi,ETH,KXETH15M-26OCT012045-45,1790901000,169,0.26,0.27,8.32,161.69,8.32,161.69,53.07,357.97,533.2,965.76
2026-10-02T00:32:49Z,kalshi,SOL,KXSOL15M-26OCT012045-45,1790901000,169,0.34,0.35,58.62,124.6,58.62,124.6,66.54,252.76,453.96,680.7
2026-10-02T00:32:49Z,kalshi,XRP,KXXRP15M-26OCT012045-45,1790901000,169,0.3,0.32,12.07,7.12,12.07,7.12,27.23,177.46,162.44,321.98
2026-10-02T00:33:49Z,polymarket,BTC,btc-updown-15m-1790901000,1790901000,229,0.27,0.28,506.67,16.24,506.67,16.24,809.83,45.24,15800.71,367.77
2026-10-02T00:33:49Z,polymarket,ETH,eth-updown-15m-1790901000,1790901000,229,0.17,0.18,22.35,0.9,22.35,0.9,62.31,11.35,298.45,108.56
2026-10-02T00:33:49Z,polymarket,SOL,sol-updown-15m-1790901000,1790901000,229,0.22,0.23,1.1,1.84,1.1,1.84,1.1,3.76,153.22,44.19
2026-10-02T00:33:49Z,polymarket,XRP,xrp-updown-15m-1790901000,1790901000,229,0.14,0.15,6.92,2.7,6.92,2.7,9.26,6.8,113.95,63.79
2026-10-02T00:33:49Z,kalshi,BTC,KXBTC15M-26OCT012045-45,1790901000,229,0.29,0.3,15080.03,2313.01,15080.03,2313.01,16383.96,4043.12,19295.83,6319.26
2026-10-02T00:33:49Z,kalshi,ETH,KXETH15M-26OCT012045-45,1790901000,229,0.19,0.2,6.08,34.84,6.08,34.84,27.68,204.65,306.15,638.34
2026-10-02T00:33:49Z,kalshi,SOL,KXSOL15M-26OCT012045-45,1790901000,229,0.24,0.25,1.2,88.01,1.2,88.01,37.35,180.57,270.23,612.43
2026-10-02T00:33:49Z,kalshi,XRP,KXXRP15M-26OCT012045-45,1790901000,229,0.15,0.16,8.74,0.96,8.74,0.96,77.91,5.08,176.48,147.14
2026-10-02T00:34:49Z,polymarket,BTC,btc-updown-15m-1790901000,1790901000,289,0.27,0.28,456.26,44.52,456.26,44.52,607.8,114.7,4622.09,591.68
2026-10-02T00:34:49Z,polymarket,ETH,eth-updown-15m-1790901000,1790901000,289,0.14,0.15,12.6,0.75,12.6,0.75,120.92,22.8,245.53,168.99
2026-10-02T00:34:49Z,polymarket,SOL,sol-updown-15m-1790901000,1790901000,289,0.21,0.22,0.01,89.76,0.01,89.76,0.01,271.46,13.71,326.77
2026-10-02T00:34:49Z,polymarket,XRP,xrp-updown-15m-1790901000,1790901000,289,0.13,0.14,3.6,6.77,3.6,6.77,19.2,9.02,55.78,34.64
2026-10-02T00:34:49Z,kalshi,BTC,KXBTC15M-26OCT012045-45,1790901000,289,0.29,0.3,2142.38,488.02,2142.38,488.02,3544.28,2240.39,4645.09,4984.7
2026-10-02T00:34:49Z,kalshi,ETH,KXETH15M-26OCT012045-45,1790901000,289,0.16,0.17,8.64,128.42,8.64,128.42,50.94,206.97,239.69,624.69
2026-10-02T00:34:49Z,kalshi,SOL,KXSOL15M-26OCT012045-45,1790901000,289,0.17,0.19,68.0,122.61,68.0,122.61,130.24,129.61,322.97,360.37
2026-10-02T00:34:49Z,kalshi,XRP,KXXRP15M-26OCT012045-45,1790901000,289,0.15,0.16,5.91,3.2,5.91,3.2,13.23,7.48,71.39,144.19
2026-10-02T00:35:49Z,polymarket,BTC,btc-updown-15m-1790901000,1790901000,349,0.29,0.3,30.55,180.04,30.55,180.04,46.09,294.43,833.84,2961.46
2026-10-02T00:35:49Z,polymarket,ETH,eth-updown-15m-1790901000,1790901000,349,0.14,0.15,16.4,0.75,16.4,0.75,100.56,20.41,314.71,99.82
2026-10-02T00:35:49Z,polymarket,SOL,sol-updown-15m-1790901000,1790901000,349,0.15,0.16,1.2,143.88,1.2,143.88,3.16,221.23,23.06,240.92
2026-10-02T00:35:49Z,polymarket,XRP,xrp-updown-15m-1790901000,1790901000,349,0.1,0.11,2.07,3.12,2.07,3.12,11.7,5.73,39.34,27.88
2026-10-02T00:35:49Z,kalshi,BTC,KXBTC15M-26OCT012045-45,1790901000,349,0.29,0.3,332.64,2216.97,332.64,2216.97,2386.94,3461.88,4628.23,5005.32
2026-10-02T00:35:49Z,kalshi,ETH,KXETH15M-26OCT012045-45,1790901000,349,0.16,0.17,54.79,4.25,54.79,4.25,147.04,106.68,430.05,508.89
2026-10-02T00:35:49Z,kalshi,SOL,KXSOL15M-26OCT012045-45,1790901000,349,0.12,0.13,14.64,51.26,14.64,51.26,45.01,105.3,188.53,309.53
2026-10-02T00:35:49Z,kalshi,XRP,KXXRP15M-26OCT012045-45,1790901000,349,0.12,0.13,4.83,2.6,4.83,2.6,9.34,78.72,153.5,147.01
2026-10-02T00:36:49Z,polymarket,BTC,btc-updown-15m-1790901000,1790901000,409,0.35,0.36,21.0,160.56,21.0,160.56,169.56,204.22,4958.88,495.94
2026-10-02T00:36:49Z,polymarket,ETH,eth-updown-15m-1790901000,1790901000,409,0.28,0.29,24.08,27.55,24.08,27.55,356.18,39.55,631.55,134.85
2026-10-02T00:36:49Z,polymarket,SOL,sol-updown-15m-1790901000,1790901000,409,0.26,0.27,1.34,2.16,1.34,2.16,1.34,15.33,142.31,324.41
2026-10-02T00:36:49Z,polymarket,XRP,xrp-updown-15m-1790901000,1790901000,409,0.17,0.18,1.0,4.14,1.0,4.14,5.99,20.25,40.1,206.17
2026-10-02T00:36:49Z,kalshi,BTC,KXBTC15M-26OCT012045-45,1790901000,409,0.37,0.38,287.16,2543.94,287.16,2543.94,2766.3,4511.69,5623.76,7120.2
2026-10-02T00:36:49Z,kalshi,ETH,KXETH15M-26OCT012045-45,1790901000,409,0.32,0.33,10.88,53.3,10.88,53.3,213.62,329.38,753.5,1014.97
2026-10-02T00:36:49Z,kalshi,SOL,KXSOL15M-26OCT012045-45,1790901000,409,0.26,0.27,18.2,139.59,18.2,139.59,20.7,256.48,237.14,604.55
2026-10-02T00:36:49Z,kalshi,XRP,KXXRP15M-26OCT012045-45,1790901000,409,0.16,0.17,10.6,1.72,10.6,1.72,22.5,79.34,107.84,194.74
2026-10-02T00:37:49Z,polymarket,BTC,btc-updown-15m-1790901000,1790901000,469,0.17,0.18,3.73,113.82,3.73,113.82,53.09,272.59,1559.15,2148.17
2026-10-02T00:37:49Z,polymarket,ETH,eth-updown-15m-1790901000,1790901000,469,0.13,0.14,8.15,13.47,8.15,13.47,59.03,41.52,280.88,175.74
2026-10-02T00:37:49Z,polymarket,SOL,sol-updown-15m-1790901000,1790901000,469,0.07,0.09,2.03,0.72,2.03,0.72,5.81,49.32,27.34,72.42
2026-10-02T00:37:49Z,polymarket,XRP,xrp-updown-15m-1790901000,1790901000,469,0.06,0.08,2.88,3.12,2.88,3.12,22.98,4.02,40.26,40.23
2026-10-02T00:37:49Z,kalshi,BTC,KXBTC15M-26OCT012045-45,1790901000,469,0.16,0.17,1260.66,556.21,1260.66,556.21,2021.31,1646.56,4717.47,3376.16
2026-10-02T00:37:49Z,kalshi,ETH,KXETH15M-26OCT012045-45,1790901000,469,0.14,0.15,19.74,17.3,19.74,17.3,110.48,60.5,346.27,390.11
2026-10-02T00:37:49Z,kalshi,SOL,KXSOL15M-26OCT012045-45,1790901000,469,0.069,0.07,0.21,0.77,4.15,2.47,18.05,35.74,252.46,149.14
2026-10-02T00:37:49Z,kalshi,XRP,KXXRP15M-26OCT012045-45,1790901000,469,0.08,0.081,18.61,0.32,21.27,10.88,29.49,43.19,290.12,103.28
2026-10-02T00:38:49Z,polymarket,BTC,btc-updown-15m-1790901000,1790901000,529,0.06,0.07,6.7,26.46,6.7,26.46,102.8,116.44,813.93,2231.81
2026-10-02T00:38:49Z,polymarket,ETH,eth-updown-15m-1790901000,1790901000,529,0.04,0.05,2.2,5.25,2.2,5.25,3.4,17.91,11.13,149.29
2026-10-02T00:38:49Z,polymarket,SOL,sol-updown-15m-1790901000,1790901000,529,0.03,0.04,0.9,1.2,0.9,1.2,1.98,4.32,3.88,67.12
2026-10-02T00:38:49Z,polymarket,XRP,xrp-updown-15m-1790901000,1790901000,529,0.02,0.04,0.36,2.92,0.36,2.92,1.8,13.27,1.8,107.46
2026-10-02T00:38:49Z,kalshi,BTC,KXBTC15M-26OCT012045-45,1790901000,529,0.065,0.066,59.11,28.05,824.82,959.03,1311.99,1344.31,4771.78,4236.91
2026-10-02T00:38:49Z,kalshi,ETH,KXETH15M-26OCT012045-45,1790901000,529,0.043,0.049,0.23,1.81,4.02,29.15,26.49,69.93,539.01,338.15
2026-10-02T00:38:49Z,kalshi,SOL,KXSOL15M-26OCT012045-45,1790901000,529,0.028,0.029,0.22,0.27,5.31,17.71,63.91,43.81,239.37,128.48
2026-10-02T00:38:49Z,kalshi,XRP,KXXRP15M-26OCT012045-45,1790901000,529,0.029,0.03,0.25,5.97,16.65,16.59,55.69,43.61,311.06,61.63
2026-10-02T00:39:49Z,polymarket,BTC,btc-updown-15m-1790901000,1790901000,589,0.17,0.18,45.16,6.3,45.16,6.3,331.79,54.56,2127.3,529.98
2026-10-02T00:39:49Z,polymarket,ETH,eth-updown-15m-1790901000,1790901000,589,0.1,0.11,0.5,17.51,0.5,17.51,44.06,35.41,147.48,135.53
2026-10-02T00:39:49Z,polymarket,SOL,sol-updown-15m-1790901000,1790901000,589,0.13,0.16,7.84,2.88,0,0,7.84,2.88,51.93,190.26
2026-10-02T00:39:49Z,polymarket,XRP,xrp-updown-15m-1790901000,1790901000,589,0.043,0.05,1.0,1.05,2.0,1.05,6.58,1.05,11.98,47.15
2026-10-02T00:39:49Z,kalshi,BTC,KXBTC15M-26OCT012045-45,1790901000,589,0.18,0.19,838.23,1309.38,838.23,1309.38,1788.73,2301.12,2675.22,3684.95
2026-10-02T00:39:49Z,kalshi,ETH,KXETH15M-26OCT012045-45,1790901000,589,0.11,0.12,15.29,4.45,15.29,4.45,66.33,90.51,254.29,363.61
2026-10-02T00:39:49Z,kalshi,SOL,KXSOL15M-26OCT012045-45,1790901000,589,0.14,0.15,4.48,3.3,4.48,3.3,36.2,64.42,196.92,291.91
2026-10-02T00:39:49Z,kalshi,XRP,KXXRP15M-26OCT012045-45,1790901000,589,0.038,0.04,0.27,0.52,6.21,5.05,26.84,19.16,354.58,71.39
2026-10-02T00:40:49Z,polymarket,BTC,btc-updown-15m-1790901000,1790901000,649,0.84,0.85,163.8,238.76,163.8,238.76,187.87,369.24,3772.64,5052.01
2026-10-02T00:40:49Z,polymarket,ETH,eth-updown-15m-1790901000,1790901000,649,0.41,0.44,16.4,42.24,0,0,16.4,42.24,426.01,159.66
2026-10-02T00:40:49Z,polymarket,SOL,sol-updown-15m-1790901000,1790901000,649,0.57,0.59,2.85,5.9,2.85,5.9,27.49,33.49,175.96,96.19
2026-10-02T00:40:49Z,polymarket,XRP,xrp-updown-15m-1790901000,1790901000,649,0.43,0.44,2.58,5.28,5.14,5.28,7.25,5.28,69.15,10.08
2026-10-02T00:40:49Z,kalshi,BTC,KXBTC15M-26OCT012045-45,1790901000,649,0.85,0.86,6093.37,2438.28,6093.37,2438.28,10271.41,27961.27,15347.43,37918.6
2026-10-02T00:40:49Z,kalshi,ETH,KXETH15M-26OCT012045-45,1790901000,649,0.44,0.45,11.0,245.15,11.0,245.15,57.87,599.81,827.91,1457.45
2026-10-02T00:40:49Z,kalshi,SOL,KXSOL15M-26OCT012045-45,1790901000,649,0.6,0.61,3.0,223.26,3.0,223.26,8.9,467.4,1860.96,1268.69
2026-10-02T00:40:49Z,kalshi,XRP,KXXRP15M-26OCT012045-45,1790901000,649,0.37,0.38,31.2,0.38,31.2,0.38,47.28,0.77,228.25,179.9
2026-10-02T00:41:49Z,polymarket,BTC,btc-updown-15m-1790901000,1790901000,709,0.8,0.81,411.26,124.96,411.26,124.96,640.36,368.96,5727.37,1005.01
2026-10-02T00:41:49Z,polymarket,ETH,eth-updown-15m-1790901000,1790901000,709,0.31,0.32,6.2,30.4,6.2,30.4,22.68,83.2,240.91,228.75
2026-10-02T00:41:49Z,polymarket,SOL,sol-updown-15m-1790901000,1790901000,709,0.3,0.31,12.32,8.59,12.32,8.59,12.32,20.75,37.92,201.72
2026-10-02T00:41:49Z,polymarket,XRP,xrp-updown-15m-1790901000,1790901000,709,0.383,0.445,5.73,5.86,0,0,0,0,33.65,44.22
2026-10-02T00:41:49Z,kalshi,BTC,KXBTC15M-26OCT012045-45,1790901000,709,0.83,0.84,4328.03,2480.58,4328.03,2480.58,7520.3,7204.86,12790.85,12616.25
2026-10-02T00:41:49Z,kalshi,ETH,KXETH15M-26OCT012045-45,1790901000,709,0.33,0.35,5.28,133.35,5.28,133.35,17.12,331.35,544.78,1008.91
2026-10-02T00:41:49Z,kalshi,SOL,KXSOL15M-26OCT012045-45,1790901000,709,0.29,0.3,4.93,4.5,4.93,4.5,65.97,9.3,340.53,382.52
2026-10-02T00:41:49Z,kalshi,XRP,KXXRP15M-26OCT012045-45,1790901000,709,0.38,0.4,151.18,2.0,151.18,2.0,155.71,12.63,333.67,140.0
2026-10-02T00:42:49Z,polymarket,BTC,btc-updown-15m-1790901000,1790901000,769,0.79,0.8,94.8,109.6,94.8,109.6,161.88,171.97,6195.0,964.32
2026-10-02T00:42:49Z,polymarket,ETH,eth-updown-15m-1790901000,1790901000,769,0.19,0.21,8.5,8.4,8.5,8.4,74.02,54.6,237.47,167.24
2026-10-02T00:42:49Z,polymarket,SOL,sol-updown-15m-1790901000,1790901000,769,0.08,0.09,0.64,4.44,0.64,4.44,3.3,10.19,20.7,121.89
2026-10-02T00:42:49Z,polymarket,XRP,xrp-updown-15m-1790901000,1790901000,769,0.26,0.32,14.04,2.24,0,0,0,0,48.0,2.24
2026-10-02T00:42:49Z,kalshi,BTC,KXBTC15M-26OCT012045-45,1790901000,769,0.81,0.82,3353.17,427.24,3353.17,427.24,5841.77,1876.68,10404.15,10191.65
2026-10-02T00:42:49Z,kalshi,ETH,KXETH15M-26OCT012045-45,1790901000,769,0.22,0.23,40.04,120.76,40.04,120.76,44.24,232.91,364.88,701.16
2026-10-02T00:42:49Z,kalshi,SOL,KXSOL15M-26OCT012045-45,1790901000,769,0.079,0.08,0.06,24.48,7.8,29.39,8.16,73.84,144.33,256.5
2026-10-02T00:42:49Z,kalshi,XRP,KXXRP15M-26OCT012045-45,1790901000,769,0.26,0.29,1.56,7.92,0,0,1.56,7.92,114.1,164.6
2026-10-02T00:43:49Z,polymarket,ETH,eth-updown-15m-1790901000,1790901000,829,0.72,0.73,64.8,11.68,64.8,11.68,64.8,26.48,64.8,110.58
2026-10-02T00:43:49Z,polymarket,SOL,sol-updown-15m-1790901000,1790901000,829,0.87,0.88,12.65,7.92,12.65,7.92,12.65,7.92,29.35,123.6
2026-10-02T00:43:49Z,polymarket,XRP,xrp-updown-15m-1790901000,1790901000,829,0.84,0.94,10.08,9.4,0,0,0,0,10.08,9.4
2026-10-02T00:43:49Z,kalshi,BTC,KXBTC15M-26OCT012045-45,1790901000,829,0.997,0.998,10690.44,46740.05,37144.08,202858.25,43419.88,202858.25,56403.66,202858.25
2026-10-02T00:43:49Z,kalshi,ETH,KXETH15M-26OCT012045-45,1790901000,829,0.69,0.71,77.39,56.17,77.39,56.17,437.11,421.21,1427.11,1844.7
2026-10-02T00:43:49Z,kalshi,SOL,KXSOL15M-26OCT012045-45,1790901000,829,0.85,0.86,12.75,15.48,12.75,15.48,120.31,349.38,1149.93,1342.28
2026-10-02T00:43:49Z,kalshi,XRP,KXXRP15M-26OCT012045-45,1790901000,829,0.85,0.86,4.25,0.86,4.25,0.86,19.37,15.87,493.58,337.74
2026-10-02T00:44:49Z,kalshi,ETH,KXETH15M-26OCT012045-45,1790901000,889,0.995,0.996,4.84,39.84,30.61,1475.26,544.92,1475.26,1369.23,1475.26
2026-10-02T00:45:49Z,polymarket,BTC,btc-updown-15m-1790901900,1790901900,49,0.22,0.23,3.95,178.26,3.95,178.26,78.63,323.46,2043.49,1118.36
2026-10-02T00:45:49Z,polymarket,ETH,eth-updown-15m-1790901900,1790901900,49,0.31,0.32,1.55,30.4,1.55,30.4,51.05,59.07,305.78,271.84
2026-10-02T00:45:49Z,polymarket,SOL,sol-updown-15m-1790901900,1790901900,49,0.58,0.59,8.7,265.66,8.7,265.66,25.23,433.66,68.61,641.61
2026-10-02T00:45:49Z,polymarket,XRP,xrp-updown-15m-1790901900,1790901900,49,0.39,0.4,14.82,3.2,14.82,3.2,21.66,10.58,236.91,334.02
2026-10-02T00:45:49Z,kalshi,BTC,KXBTC15M-26OCT012100-00,1790901900,49,0.23,0.24,731.85,2430.04,731.85,2430.04,1744.84,3812.38,3467.97,5131.67
2026-10-02T00:45:49Z,kalshi,ETH,KXETH15M-26OCT012100-00,1790901900,49,0.32,0.33,22.4,18.87,22.4,18.87,54.02,322.15,648.38,950.4
2026-10-02T00:45:49Z,kalshi,SOL,KXSOL15M-26OCT012100-00,1790901900,49,0.54,0.56,15.09,139.13,15.09,139.13,15.09,275.75,395.74,864.78
2026-10-02T00:45:49Z,kalshi,XRP,KXXRP15M-26OCT012100-00,1790901900,49,0.38,0.39,19.48,9.95,19.48,9.95,194.85,27.38,373.7,231.15
2026-10-02T00:46:49Z,polymarket,BTC,btc-updown-15m-1790901900,1790901900,109,0.26,0.27,17.16,149.87,17.16,149.87,35.91,238.07,1537.74,1852.16
2026-10-02T00:46:49Z,polymarket,ETH,eth-updown-15m-1790901900,1790901900,109,0.34,0.35,1.7,31.5,1.7,31.5,16.55,60.66,299.89,542.09
2026-10-02T00:46:49Z,polymarket,SOL,sol-updown-15m-1790901900,1790901900,109,0.63,0.64,13.86,12.8,13.86,12.8,36.8,20.48,207.85,617.35
2026-10-02T00:46:49Z,polymarket,XRP,xrp-updown-15m-1790901900,1790901900,109,0.44,0.46,10.56,8.28,10.56,8.28,53.56,25.67,383.08,108.87
2026-10-02T00:46:49Z,kalshi,BTC,KXBTC15M-26OCT012100-00,1790901900,109,0.26,0.27,1228.93,804.32,1228.93,804.32,2294.48,3171.44,3415.08,5521.47
2026-10-02T00:46:49Z,kalshi,ETH,KXETH15M-26OCT012100-00,1790901900,109,0.33,0.34,27.85,18.02,27.85,18.02,284.49,218.92,843.76,972.13
2026-10-02T00:46:49Z,kalshi,SOL,KXSOL15M-26OCT012100-00,1790901900,109,0.61,0.62,47.49,11.14,47.49,11.14,51.09,237.94,647.57,1079.14
2026-10-02T00:46:49Z,kalshi,XRP,KXXRP15M-26OCT012100-00,1790901900,109,0.46,0.47,22.08,15.98,22.08,15.98,90.44,26.06,297.69,308.56
2026-10-02T00:47:49Z,polymarket,BTC,btc-updown-15m-1790901900,1790901900,169,0.28,0.29,25.71,70.01,25.71,70.01,655.51,145.01,3941.79,618.21
2026-10-02T00:47:49Z,polymarket,ETH,eth-updown-15m-1790901900,1790901900,169,0.38,0.39,8.45,35.1,8.45,35.1,45.45,53.1,655.36,230.38
2026-10-02T00:47:49Z,polymarket,SOL,sol-updown-15m-1790901900,1790901900,169,0.71,0.72,21.06,13.68,21.06,13.68,42.06,13.68,208.86,104.24
2026-10-02T00:47:49Z,polymarket,XRP,xrp-updown-15m-1790901900,1790901900,169,0.56,0.58,10.08,36.34,10.08,36.34,19.98,49.91,154.07,202.95
2026-10-02T00:47:49Z,kalshi,BTC,KXBTC15M-26OCT012100-00,1790901900,169,0.3,0.31,633.97,1925.92,633.97,1925.92,2203.75,3791.46,3520.27,6485.43
2026-10-02T00:47:49Z,kalshi,ETH,KXETH15M-26OCT012100-00,1790901900,169,0.39,0.4,32.37,210.0,32.37,210.0,73.79,424.62,744.65,1294.42
2026-10-02T00:47:49Z,kalshi,SOL,KXSOL15M-26OCT012100-00,1790901900,169,0.69,0.71,15.87,14.54,15.87,14.54,271.55,273.16,1192.42,1329.66
2026-10-02T00:47:49Z,kalshi,XRP,KXXRP15M-26OCT012100-00,1790901900,169,0.56,0.58,35.98,23.34,35.98,23.34,161.3,62.43,432.91,411.3
2026-10-02T00:48:49Z,polymarket,BTC,btc-updown-15m-1790901900,1790901900,229,0.32,0.33,56.96,113.69,56.96,113.69,88.89,247.99,2810.93,2469.08
2026-10-02T00:48:49Z,polymarket,ETH,eth-updown-15m-1790901900,1790901900,229,0.5,0.52,27.5,56.95,27.5,56.95,82.53,62.25,922.94,560.8
2026-10-02T00:48:49Z,polymarket,SOL,sol-updown-15m-1790901900,1790901900,229,0.74,0.75,172.47,2.5,172.47,2.5,211.89,8.58,377.58,424.77
2026-10-02T00:48:49Z,polymarket,XRP,xrp-updown-15m-1790901900,1790901900,229,0.66,0.67,30.12,6.7,30.12,6.7,61.97,18.26,437.57,271.87
2026-10-02T00:48:49Z,kalshi,BTC,KXBTC15M-26OCT012100-00,1790901900,229,0.32,0.33,2167.86,1215.52,2167.86,1215.52,3591.85,3331.68,5349.59,6241.45
2026-10-02T00:48:49Z,kalshi,ETH,KXETH15M-26OCT012100-00,1790901900,229,0.51,0.52,275.4,119.19,275.4,119.19,626.37,171.66,1385.5,1235.72
2026-10-02T00:48:49Z,kalshi,SOL,KXSOL15M-26OCT012100-00,1790901900,229,0.73,0.74,330.05,6.66,330.05,6.66,542.76,14.16,1325.82,772.52
2026-10-02T00:48:49Z,kalshi,XRP,KXXRP15M-26OCT012100-00,1790901900,229,0.66,0.67,8.14,22.08,8.14,22.08,36.74,38.4,415.81,388.82
2026-10-02T00:49:49Z,polymarket,BTC,btc-updown-15m-1790901900,1790901900,289,0.27,0.28,16.2,92.5,16.2,92.5,36.46,165.0,795.14,4617.12
2026-10-02T00:49:49Z,polymarket,ETH,eth-updown-15m-1790901900,1790901900,289,0.53,0.54,62.39,45.9,62.39,45.9,353.79,92.1,1111.48,404.54
2026-10-02T00:49:49Z,polymarket,SOL,sol-updown-15m-1790901900,1790901900,289,0.74,0.75,47.89,7.75,47.89,7.75,84.39,334.55,246.86,693.88
2026-10-02T00:49:49Z,polymarket,XRP,xrp-updown-15m-1790901900,1790901900,289,0.59,0.61,10.62,23.18,10.62,23.18,38.83,37.44,461.94,165.08
2026-10-02T00:49:49Z,kalshi,BTC,KXBTC15M-26OCT012100-00,1790901900,289,0.26,0.27,1676.9,1040.28,1676.9,1040.28,2891.1,3120.96,3844.18,5078.67
2026-10-02T00:49:49Z,kalshi,ETH,KXETH15M-26OCT012100-00,1790901900,289,0.55,0.56,134.84,37.01,134.84,37.01,220.7,385.85,1077.13,1548.98
2026-10-02T00:49:49Z,kalshi,SOL,KXSOL15M-26OCT012100-00,1790901900,289,0.72,0.73,34.56,12.41,34.56,12.41,104.85,281.73,955.95,1060.36
2026-10-02T00:49:49Z,kalshi,XRP,KXXRP15M-26OCT012100-00,1790901900,289,0.61,0.62,8.54,17.36,8.54,17.36,30.29,67.29,324.42,412.63
2026-10-02T00:50:49Z,polymarket,BTC,btc-updown-15m-1790901900,1790901900,349,0.22,0.23,29.7,133.15,29.7,133.15,40.2,170.83,494.06,444.18
2026-10-02T00:50:49Z,polymarket,ETH,eth-updown-15m-1790901900,1790901900,349,0.48,0.49,16.84,32.66,16.84,32.66,35.64,57.66,580.96,177.29
2026-10-02T00:50:49Z,polymarket,SOL,sol-updown-15m-1790901900,1790901900,349,0.68,0.69,27.95,5.63,27.95,5.63,55.49,285.63,151.09,1019.81
2026-10-02T00:50:49Z,polymarket,XRP,xrp-updown-15m-1790901900,1790901900,349,0.42,0.44,11.76,7.92,11.76,7.92,19.14,43.02,107.84,174.59
2026-10-02T00:50:49Z,kalshi,BTC,KXBTC15M-26OCT012100-00,1790901900,349,0.22,0.23,390.49,162.35,390.49,162.35,642.96,2166.63,1598.74,4394.69
2026-10-02T00:50:49Z,kalshi,ETH,KXETH15M-26OCT012100-00,1790901900,349,0.49,0.5,24.5,87.7,24.5,87.7,355.7,504.88,1221.23,1469.79
2026-10-02T00:50:49Z,kalshi,SOL,KXSOL15M-26OCT012100-00,1790901900,349,0.67,0.68,33.5,371.86,33.5,371.86,73.1,624.4,580.49,1602.22
2026-10-02T00:50:49Z,kalshi,XRP,KXXRP15M-26OCT012100-00,1790901900,349,0.42,0.43,17.75,15.05,17.75,15.05,45.32,20.0,214.1,288.65
2026-10-02T00:51:49Z,polymarket,BTC,btc-updown-15m-1790901900,1790901900,409,0.19,0.2,9.5,55.86,9.5,55.86,28.5,131.66,506.31,863.31
2026-10-02T00:51:49Z,polymarket,ETH,eth-updown-15m-1790901900,1790901900,409,0.56,0.58,22.4,87.26,22.4,87.26,71.9,178.12,227.15,570.63
2026-10-02T00:51:49Z,polymarket,SOL,sol-updown-15m-1790901900,1790901900,409,0.66,0.68,52.34,20.91,52.34,20.91,77.69,298.73,229.57,390.66
2026-10-02T00:51:49Z,polymarket,XRP,xrp-updown-15m-1790901900,1790901900,409,0.43,0.44,7.74,16.72,7.74,16.72,27.9,27.07,89.58,129.29
2026-10-02T00:51:49Z,kalshi,BTC,KXBTC15M-26OCT012100-00,1790901900,409,0.18,0.19,890.78,1027.26,890.78,1027.26,1572.53,1974.06,2850.18,3384.45
2026-10-02T00:51:49Z,kalshi,ETH,KXETH15M-26OCT012100-00,1790901900,409,0.56,0.57,1.69,3891.94,1.69,3891.94,143.04,4232.4,1042.59,5421.35
2026-10-02T00:51:49Z,kalshi,SOL,KXSOL15M-26OCT012100-00,1790901900,409,0.63,0.64,184.36,46.34,184.36,46.34,436.7,46.34,1091.85,717.84
2026-10-02T00:51:49Z,kalshi,XRP,KXXRP15M-26OCT012100-00,1790901900,409,0.46,0.47,17.02,19.74,17.02,19.74,38.17,29.34,258.38,302.18
2026-10-02T00:52:49Z,polymarket,BTC,btc-updown-15m-1790901900,1790901900,469,0.13,0.14,14.3,27.15,14.3,27.15,29.89,122.85,1359.41,1753.87
2026-10-02T00:52:49Z,polymarket,ETH,eth-updown-15m-1790901900,1790901900,469,0.56,0.57,2.8,22.8,2.8,22.8,52.3,73.42,164.43,482.47
2026-10-02T00:52:49Z,polymarket,SOL,sol-updown-15m-1790901900,1790901900,469,0.53,0.56,16.6,3.36,0,0,16.6,3.36,111.25,38.4
2026-10-02T00:52:49Z,polymarket,XRP,xrp-updown-15m-1790901900,1790901900,469,0.29,0.3,2.9,7.2,2.9,7.2,26.39,16.5,63.77,337.44
2026-10-02T00:52:49Z,kalshi,BTC,KXBTC15M-26OCT012100-00,1790901900,469,0.13,0.14,690.34,321.85,690.34,321.85,1196.11,977.35,4013.25,2217.08
2026-10-02T00:52:49Z,kalshi,ETH,KXETH15M-26OCT012100-00,1790901900,469,0.56,0.57,24.64,91.66,24.64,91.66,324.39,155.46,1358.76,1206.4
2026-10-02T00:52:49Z,kalshi,SOL,KXSOL15M-26OCT012100-00,1790901900,469,0.55,0.56,2.75,33.64,2.75,33.64,8.15,261.07,606.73,967.69
2026-10-02T00:52:49Z,kalshi,XRP,KXXRP15M-26OCT012100-00,1790901900,469,0.28,0.29,14.28,17.69,14.28,17.69,32.98,131.43,168.01,161.51
2026-10-02T00:53:49Z,polymarket,BTC,btc-updown-15m-1790901900,1790901900,529,0.16,0.17,14.4,666.2,14.4,666.2,30.82,1709.12,140.12,2857.01
2026-10-02T00:53:49Z,polymarket,ETH,eth-updown-15m-1790901900,1790901900,529,0.73,0.74,451.71,33.3,451.71,33.3,635.31,33.3,1884.19,102.85
2026-10-02T00:53:49Z,polymarket,SOL,sol-updown-15m-1790901900,1790901900,529,0.48,0.51,4.8,3.57,0,0,4.8,3.57,128.46,11.97
2026-10-02T00:53:49Z,polymarket,XRP,xrp-updown-15m-1790901900,1790901900,529,0.28,0.3,15.12,12.0,15.12,12.0,31.32,149.95,107.54,202.09
2026-10-02T00:53:49Z,kalshi,BTC,KXBTC15M-26OCT012100-00,1790901900,529,0.13,0.14,957.01,1218.24,957.01,1218.24,1596.72,2014.85,4572.68,3665.73
2026-10-02T00:53:49Z,kalshi,ETH,KXETH15M-26OCT012100-00,1790901900,529,0.76,0.77,37.35,77.77,37.35,77.77,337.68,316.8,1680.3,1762.19
2026-10-02T00:53:49Z,kalshi,SOL,KXSOL15M-26OCT012100-00,1790901900,529,0.5,0.51,3.0,52.02,3.0,52.02,8.39,242.34,521.11,841.13
2026-10-02T00:53:49Z,kalshi,XRP,KXXRP15M-26OCT012100-00,1790901900,529,0.26,0.27,5.81,12.49,5.81,12.49,15.06,22.48,119.49,202.32
2026-10-02T00:54:15Z,polymarket,BTC,btc-updown-15m-1790901900,1790901900,555,0.15,0.16,33.87,36.75,33.87,36.75,52.86,177.19,785.73,3741.63
2026-10-02T00:54:15Z,polymarket,ETH,eth-updown-15m-1790901900,1790901900,555,0.76,0.77,30.4,73.15,30.4,73.15,72.4,104.35,885.61,428.06
2026-10-02T00:54:15Z,polymarket,SOL,sol-updown-15m-1790901900,1790901900,555,0.64,0.69,3.2,39.39,0,0,0,0,36.3,60.39
2026-10-02T00:54:15Z,polymarket,XRP,xrp-updown-15m-1790901900,1790901900,555,0.22,0.23,3.96,20.9,3.96,20.9,24.33,32.42,71.51,200.91
2026-10-02T00:54:15Z,kalshi,BTC,KXBTC15M-26OCT012100-00,1790901900,555,0.14,0.15,317.97,1291.9,317.97,1291.9,1865.82,2139.26,4656.38,3438.21
2026-10-02T00:54:15Z,kalshi,ETH,KXETH15M-26OCT012100-00,1790901900,555,0.77,0.78,23.79,40.79,23.79,40.79,458.51,371.21,1826.54,1715.09
2026-10-02T00:54:15Z,kalshi,SOL,KXSOL15M-26OCT012100-00,1790901900,555,0.65,0.66,21.45,3.3,21.45,3.3,279.89,12.01,949.59,784.82
2026-10-02T00:54:15Z,kalshi,XRP,KXXRP15M-26OCT012100-00,1790901900,555,0.2,0.21,6.8,14.35,6.8,14.35,9.13,38.51,113.43,171.83
2026-10-02T00:55:15Z,polymarket,BTC,btc-updown-15m-1790901900,1790901900,615,0.21,0.22,106.3,6.6,106.3,6.6,127.68,22.7,393.32,3546.54
2026-10-02T00:55:15Z,polymarket,ETH,eth-updown-15m-1790901900,1790901900,615,0.86,0.87,79.64,4.35,79.64,4.35,737.86,133.95,1844.96,680.82
2026-10-02T00:55:15Z,polymarket,SOL,sol-updown-15m-1790901900,1790901900,615,0.83,0.84,12.45,8.4,12.45,8.4,60.39,42.4,449.84,577.24
2026-10-02T00:55:15Z,polymarket,XRP,xrp-updown-15m-1790901900,1790901900,615,0.32,0.33,5.76,1.65,5.76,1.65,19.09,1.65,66.19,44.48
2026-10-02T00:55:15Z,kalshi,BTC,KXBTC15M-26OCT012100-00,1790901900,615,0.2,0.21,0.01,1515.25,0.01,1515.25,718.12,2554.95,1914.98,9505.99
2026-10-02T00:55:15Z,kalshi,ETH,KXETH15M-26OCT012100-00,1790901900,615,0.88,0.89,32.56,492.45,32.56,492.45,237.01,714.9,1866.12,3914.14
2026-10-02T00:55:15Z,kalshi,SOL,KXSOL15M-26OCT012100-00,1790901900,615,0.83,0.84,317.89,0.84,317.89,0.84,700.01,78.16,1558.4,1236.74
2026-10-02T00:55:15Z,kalshi,XRP,KXXRP15M-26OCT012100-00,1790901900,615,0.31,0.33,18.68,6.93,18.68,6.93,49.15,35.4,192.93,192.64
2026-10-02T00:56:15Z,polymarket,BTC,btc-updown-15m-1790901900,1790901900,675,0.03,0.04,6.01,11.73,6.01,11.73,8.52,42.68,16.04,1345.33
2026-10-02T00:56:15Z,polymarket,ETH,eth-updown-15m-1790901900,1790901900,675,0.53,0.54,10.6,54.54,10.6,54.54,21.0,79.29,372.26,103.77
2026-10-02T00:56:15Z,polymarket,SOL,sol-updown-15m-1790901900,1790901900,675,0.37,0.4,5.93,3.2,0,0,5.93,3.2,10.97,43.76
2026-10-02T00:56:15Z,polymarket,XRP,xrp-updown-15m-1790901900,1790901900,675,0.08,0.09,1.0,40.95,1.0,40.95,2.26,49.05,10.82,127.39
2026-10-02T00:56:15Z,kalshi,BTC,KXBTC15M-26OCT012100-00,1790901900,675,0.03,0.031,119.81,19.68,369.91,457.18,639.84,685.01,3049.32,3018.06
2026-10-02T00:56:15Z,kalshi,ETH,KXETH15M-26OCT012100-00,1790901900,675,0.55,0.56,2.75,56.34,2.75,56.34,13.55,506.07,885.57,1458.25
2026-10-02T00:56:15Z,kalshi,SOL,KXSOL15M-26OCT012100-00,1790901900,675,0.4,0.42,152.74,20.16,152.74,20.16,369.81,177.54,764.97,833.43
2026-10-02T00:56:15Z,kalshi,XRP,KXXRP15M-26OCT012100-00,1790901900,675,0.062,0.071,0.37,0.35,1.47,2.23,9.55,36.5,247.5,63.39
2026-10-02T00:57:15Z,polymarket,BTC,btc-updown-15m-1790901900,1790901900,735,0.01,0.02,1.25,5.8,1.25,5.8,1.25,41.17,1.25,774.6
2026-10-02T00:57:15Z,polymarket,ETH,eth-updown-15m-1790901900,1790901900,735,0.76,0.77,34.96,12.32,34.96,12.32,196.21,63.02,285.01,521.03
2026-10-02T00:57:15Z,polymarket,SOL,sol-updown-15m-1790901900,1790901900,735,0.54,0.55,13.71,5.65,13.71,5.65,17.95,5.65,37.94,5.65
2026-10-02T00:57:15Z,polymarket,XRP,xrp-updown-15m-1790901900,1790901900,735,0.03,0.04,0.34,1.09,0.34,1.09,3.16,3.11,6.24,13.75
2026-10-02T00:57:15Z,kalshi,BTC,KXBTC15M-26OCT012100-00,1790901900,735,0.021,0.022,24.8,36.58,229.62,358.46,1112.93,560.37,2447.18,1385.3
2026-10-02T00:57:15Z,kalshi,ETH,KXETH15M-26OCT012100-00,1790901900,735,0.74,0.75,51.87,66.28,51.87,66.28,157.72,667.44,1272.97,1942.66
2026-10-02T00:57:15Z,kalshi,SOL,KXSOL15M-26OCT012100-00,1790901900,735,0.5,0.51,207.5,397.72,207.5,397.72,387.33,397.72,1014.84,403.76
2026-10-02T00:57:15Z,kalshi,XRP,KXXRP15M-26OCT012100-00,1790901900,735,0.022,0.028,0.11,5.04,12.07,14.62,136.47,33.99,255.26,80.98
2026-10-02T00:58:15Z,polymarket,BTC,btc-updown-15m-1790901900,1790901900,795,0.05,0.06,8.25,8.82,8.25,8.82,15.93,22.31,140.61,1557.35
2026-10-02T00:58:15Z,polymarket,ETH,eth-updown-15m-1790901900,1790901900,795,0.94,0.96,150.4,609.6,150.4,609.6,267.58,991.78,432.23,1818.76
2026-10-02T00:58:15Z,polymarket,SOL,sol-updown-15m-1790901900,1790901900,795,0.81,0.83,12.15,4.89,12.15,4.89,43.84,19.17,102.64,349.7
2026-10-02T00:58:15Z,polymarket,XRP,xrp-updown-15m-1790901900,1790901900,795,0.06,0.07,0.36,6.15,0.36,6.15,0.36,9.19,8.03,79.94
2026-10-02T00:58:15Z,kalshi,BTC,KXBTC15M-26OCT012100-00,1790901900,795,0.063,0.064,0.0,31.77,210.68,900.13,497.28,1339.02,3658.6,2297.99
2026-10-02T00:58:15Z,kalshi,ETH,KXETH15M-26OCT012100-00,1790901900,795,0.926,0.931,19.45,35.38,72.93,523.08,247.19,829.11,1237.18,1851.31
2026-10-02T00:58:15Z,kalshi,SOL,KXSOL15M-26OCT012100-00,1790901900,795,0.79,0.81,290.72,4.86,290.72,4.86,563.72,307.44,1460.14,1247.27
2026-10-02T00:58:15Z,kalshi,XRP,KXXRP15M-26OCT012100-00,1790901900,795,0.058,0.067,0.52,0.34,2.81,28.48,3.67,29.38,114.67,69.72
2026-10-02T00:59:15Z,polymarket,XRP,xrp-updown-15m-1790901900,1790901900,855,0.001,0.003,0.02,0.03,0.02,13.68,0.02,13.68,0.02,16.91
2026-10-02T00:59:15Z,kalshi,ETH,KXETH15M-26OCT012100-00,1790901900,855,0.998,0.999,14452.48,16297.56,21536.49,16297.56,22185.63,16297.56,23681.33,16297.56
2026-10-02T00:59:15Z,kalshi,SOL,KXSOL15M-26OCT012100-00,1790901900,855,0.948,0.957,30.34,47.65,30.34,47.65,30.34,685.41,859.93,4610.46
2026-10-02T00:59:15Z,kalshi,XRP,KXXRP15M-26OCT012100-00,1790901900,855,0.001,0.002,0.86,0.97,0.86,12.44,0.86,23.89,0.86,100.46
2026-10-02T01:00:15Z,polymarket,BTC,btc-updown-15m-1790902800,1790902800,15,0.45,0.46,123.37,192.32,123.37,192.32,1002.62,238.38,2626.49,785.92
2026-10-02T01:00:15Z,polymarket,ETH,eth-updown-15m-1790902800,1790902800,15,0.45,0.46,2.7,60.98,2.7,60.98,26.02,82.13,489.74,185.31
2026-10-02T01:00:15Z,polymarket,SOL,sol-updown-15m-1790902800,1790902800,15,0.4,0.41,7.2,2.05,7.2,2.05,19.68,17.71,361.46,257.22
2026-10-02T01:00:15Z,polymarket,XRP,xrp-updown-15m-1790902800,1790902800,15,0.41,0.43,15.58,22.88,15.58,22.88,22.78,35.2,336.07,90.82
2026-10-02T01:00:15Z,kalshi,BTC,KXBTC15M-26OCT012115-15,1790902800,15,0.47,0.48,975.02,2751.51,975.02,2751.51,2844.84,6343.22,4514.58,10464.86
2026-10-02T01:01:15Z,polymarket,BTC,btc-updown-15m-1790902800,1790902800,75,0.39,0.4,176.54,10.6,176.54,10.6,602.61,67.07,4195.77,356.35
2026-10-02T01:01:15Z,polymarket,ETH,eth-updown-15m-1790902800,1790902800,75,0.43,0.44,8.79,29.04,8.79,29.04,27.69,57.84,439.75,234.78
2026-10-02T01:01:15Z,polymarket,SOL,sol-updown-15m-1790902800,1790902800,75,0.42,0.43,11.76,12.9,11.76,12.9,19.14,19.06,48.65,492.34
2026-10-02T01:01:15Z,polymarket,XRP,xrp-updown-15m-1790902800,1790902800,75,0.41,0.42,9.43,8.4,9.43,8.4,24.63,18.29,199.83,137.31
2026-10-02T01:01:15Z,kalshi,BTC,KXBTC15M-26OCT012115-15,1790902800,75,0.41,0.42,2426.42,526.63,2426.42,526.63,4297.42,4459.53,7007.35,7675.54
2026-10-02T01:01:15Z,kalshi,ETH,KXETH15M-26OCT012115-15,1790902800,75,0.43,0.44,357.31,7.04,357.31,7.04,611.83,34.47,1311.44,737.52
2026-10-02T01:01:15Z,kalshi,SOL,KXSOL15M-26OCT012115-15,1790902800,75,0.44,0.45,4.4,115.49,4.4,115.49,8.7,283.85,460.18,837.48
2026-10-02T01:01:15Z,kalshi,XRP,KXXRP15M-26OCT012115-15,1790902800,75,0.42,0.43,28.24,1.89,28.24,1.89,184.6,10.69,388.33,217.39
2026-10-02T01:02:15Z,polymarket,BTC,btc-updown-15m-1790902800,1790902800,135,0.39,0.4,247.77,81.6,247.77,81.6,3562.28,175.9,6338.17,636.59
2026-10-02T01:02:15Z,polymarket,ETH,eth-updown-15m-1790902800,1790902800,135,0.43,0.44,22.54,17.44,22.54,17.44,47.92,46.69,445.8,200.5
2026-10-02T01:02:15Z,polymarket,SOL,sol-updown-15m-1790902800,1790902800,135,0.34,0.35,19.71,2.1,19.71,2.1,33.9,4.26,180.62,32.52
2026-10-02T01:02:15Z,polymarket,XRP,xrp-updown-15m-1790902800,1790902800,135,0.36,0.37,18.9,2.22,18.9,2.22,173.25,4.5,256.14,51.08
2026-10-02T01:02:15Z,kalshi,BTC,KXBTC15M-26OCT012115-15,1790902800,135,0.42,0.43,3240.71,655.56,3240.71,655.56,5156.4,1622.18,7419.05,5563.67
2026-10-02T01:02:15Z,kalshi,ETH,KXETH15M-26OCT012115-15,1790902800,135,0.44,0.45,28.16,17.1,28.16,17.1,387.32,57.12,1052.47,775.11
2026-10-02T01:02:15Z,kalshi,SOL,KXSOL15M-26OCT012115-15,1790902800,135,0.37,0.38,6.29,10.26,6.29,10.26,135.89,24.3,502.98,470.13
2026-10-02T01:02:15Z,kalshi,XRP,KXXRP15M-26OCT012115-15,1790902800,135,0.39,0.4,7.8,2.8,7.8,2.8,18.06,23.3,205.94,339.52
2026-10-02T01:03:15Z,polymarket,BTC,btc-updown-15m-1790902800,1790902800,195,0.34,0.35,655.86,77.7,655.86,77.7,2685.31,205.86,5228.22,568.3
2026-10-02T01:03:15Z,polymarket,ETH,eth-updown-15m-1790902800,1790902800,195,0.33,0.34,34.65,5.1,34.65,5.1,47.45,24.35,288.22,470.57
2026-10-02T01:03:15Z,polymarket,SOL,sol-updown-15m-1790902800,1790902800,195,0.32,0.33,2.56,3.3,2.56,3.3,11.24,18.26,106.32,92.14
2026-10-02T01:03:15Z,polymarket,XRP,xrp-updown-15m-1790902800,1790902800,195,0.25,0.26,100.3,1.56,100.3,1.56,120.94,11.82,274.06,74.08
2026-10-02T01:03:15Z,kalshi,BTC,KXBTC15M-26OCT012115-15,1790902800,195,0.37,0.38,1911.8,1740.74,1911.8,1740.74,3579.81,5160.35,5253.93,8281.17
2026-10-02T01:03:15Z,kalshi,ETH,KXETH15M-26OCT012115-15,1790902800,195,0.33,0.34,110.02,171.55,110.02,171.55,142.02,403.25,631.93,1389.61
2026-10-02T01:03:15Z,kalshi,SOL,KXSOL15M-26OCT012115-15,1790902800,195,0.32,0.33,42.07,3.3,42.07,3.3,158.63,129.78,481.03,541.83
2026-10-02T01:03:15Z,kalshi,XRP,KXXRP15M-26OCT012115-15,1790902800,195,0.28,0.29,13.23,2.64,13.23,2.64,116.64,127.71,257.42,398.19
2026-10-02T01:04:15Z,polymarket,BTC,btc-updown-15m-1790902800,1790902800,255,0.33,0.34,102.96,129.37,102.96,129.37,122.16,163.67,2900.44,842.14
2026-10-02T01:04:15Z,polymarket,ETH,eth-updown-15m-1790902800,1790902800,255,0.23,0.24,13.8,10.8,13.8,10.8,27.22,168.58,210.36,545.38
2026-10-02T01:04:15Z,polymarket,SOL,sol-updown-15m-1790902800,1790902800,255,0.28,0.29,0.99,14.21,0.99,14.21,0.99,25.21,20.9,242.89
2026-10-02T01:04:15Z,polymarket,XRP,xrp-updown-15m-1790902800,1790902800,255,0.2,0.22,16.72,3.96,16.72,3.96,111.53,24.54,180.66,43.29
2026-10-02T01:04:15Z,kalshi,BTC,KXBTC15M-26OCT012115-15,1790902800,255,0.34,0.35,2683.55,1596.52,2683.55,1596.52,4105.35,3698.92,5616.68,6859.28
2026-10-02T01:04:15Z,kalshi,ETH,KXETH15M-26OCT012115-15,1790902800,255,0.22,0.23,28.32,126.67,28.32,126.67,102.77,227.99,476.72,670.05
2026-10-02T01:04:15Z,kalshi,SOL,KXSOL15M-26OCT012115-15,1790902800,255,0.27,0.28,5.13,18.76,5.13,18.76,102.89,126.06,379.99,500.06
2026-10-02T01:04:15Z,kalshi,XRP,KXXRP15M-26OCT012115-15,1790902800,255,0.23,0.24,9.26,5.28,9.26,5.28,19.38,105.27,185.22,262.5
2026-10-02T01:05:15Z,polymarket,BTC,btc-updown-15m-1790902800,1790902800,315,0.28,0.29,90.25,137.75,90.25,137.75,124.8,264.65,1761.92,605.54
2026-10-02T01:05:15Z,polymarket,ETH,eth-updown-15m-1790902800,1790902800,315,0.17,0.18,122.06,2.16,122.06,2.16,158.86,2.16,332.24,40.02
2026-10-02T01:05:15Z,polymarket,SOL,sol-updown-15m-1790902800,1790902800,315,0.3,0.31,5.57,8.13,5.57,8.13,20.86,13.89,260.53,42.3
2026-10-02T01:05:15Z,polymarket,XRP,xrp-updown-15m-1790902800,1790902800,315,0.22,0.23,3.96,6.21,3.96,6.21,18.97,10.53,197.46,62.75
2026-10-02T01:05:15Z,kalshi,BTC,KXBTC15M-26OCT012115-15,1790902800,315,0.29,0.3,1571.82,28.2,1571.82,28.2,2640.06,93.3,4486.35,1905.82
2026-10-02T01:05:15Z,kalshi,ETH,KXETH15M-26OCT012115-15,1790902800,315,0.21,0.22,170.1,0.44,170.1,0.44,410.32,9.87,732.02,448.77
2026-10-02T01:05:15Z,kalshi,SOL,KXSOL15M-26OCT012115-15,1790902800,315,0.33,0.34,5.61,7.14,5.61,7.14,122.73,139.68,462.13,537.8
2026-10-02T01:05:15Z,kalshi,XRP,KXXRP15M-26OCT012115-15,1790902800,315,0.24,0.25,9.66,0.25,9.66,0.25,15.93,13.77,131.28,148.43
2026-10-02T01:06:15Z,polymarket,BTC,btc-updown-15m-1790902800,1790902800,375,0.25,0.26,158.33,100.08,158.33,100.08,189.53,180.81,2361.27,1270.25
2026-10-02T01:06:15Z,polymarket,ETH,eth-updown-15m-1790902800,1790902800,375,0.2,0.21,19.66,13.62,19.66,13.62,33.53,33.42,243.74,138.0
2026-10-02T01:06:15Z,polymarket,SOL,sol-updown-15m-1790902800,1790902800,375,0.27,0.28,3.86,3.92,3.86,3.92,113.32,13.2,342.43,41.02
2026-10-02T01:06:15Z,polymarket,XRP,xrp-updown-15m-1790902800,1790902800,375,0.16,0.17,56.0,2.21,56.0,2.21,133.52,15.17,178.84,42.61
2026-10-02T01:06:15Z,kalshi,BTC,KXBTC15M-26OCT012115-15,1790902800,375,0.25,0.26,1616.04,78.26,1616.04,78.26,2611.19,2250.37,3436.77,4629.87
2026-10-02T01:06:15Z,kalshi,ETH,KXETH15M-26OCT012115-15,1790902800,375,0.22,0.23,0.89,185.4,0.89,185.4,11.81,355.92,272.62,767.56
2026-10-02T01:06:15Z,kalshi,SOL,KXSOL15M-26OCT012115-15,1790902800,375,0.28,0.29,109.18,0.59,109.18,0.59,208.27,5.39,496.81,252.43
2026-10-02T01:06:15Z,kalshi,XRP,KXXRP15M-26OCT012115-15,1790902800,375,0.19,0.2,69.92,77.0,69.92,77.0,73.88,87.08,208.38,144.5
2026-10-02T01:07:15Z,polymarket,BTC,btc-updown-15m-1790902800,1790902800,435,0.23,0.24,56.96,426.86,56.96,426.86,98.76,1495.11,157.74,4197.22
2026-10-02T01:07:15Z,polymarket,ETH,eth-updown-15m-1790902800,1790902800,435,0.21,0.22,134.82,2.86,134.82,2.86,152.29,5.85,563.48,102.03
2026-10-02T01:07:15Z,polymarket,SOL,sol-updown-15m-1790902800,1790902800,435,0.22,0.23,7.48,1.38,7.48,1.38,97.21,5.7,208.7,41.29
2026-10-02T01:07:15Z,polymarket,XRP,xrp-updown-15m-1790902800,1790902800,435,0.1,0.12,36.8,3.12,36.8,3.12,78.56,9.62,112.07,44.92
2026-10-02T01:07:15Z,kalshi,BTC,KXBTC15M-26OCT012115-15,1790902800,435,0.2,0.21,1783.24,883.86,1783.24,883.86,2610.68,1867.82,6154.09,4089.22
2026-10-02T01:07:15Z,kalshi,ETH,KXETH15M-26OCT012115-15,1790902800,435,0.23,0.24,134.09,9.36,134.09,9.36,269.17,45.36,692.73,565.31
2026-10-02T01:07:15Z,kalshi,SOL,KXSOL15M-26OCT012115-15,1790902800,435,0.24,0.25,5.52,3.0,5.52,3.0,89.7,108.63,248.79,465.85
2026-10-02T01:07:15Z,kalshi,XRP,KXXRP15M-26OCT012115-15,1790902800,435,0.12,0.13,49.95,2.99,49.95,2.99,69.13,14.89,274.89,185.9
2026-10-02T01:08:15Z,polymarket,BTC,btc-updown-15m-1790902800,1790902800,495,0.14,0.15,1639.66,0.9,1639.66,0.9,2221.78,0.9,2763.96,35.46
2026-10-02T01:08:15Z,polymarket,ETH,eth-updown-15m-1790902800,1790902800,495,0.2,0.21,19.0,1.58,19.0,1.58,49.02,2.68,207.28,77.47
2026-10-02T01:08:15Z,polymarket,SOL,sol-updown-15m-1790902800,1790902800,495,0.23,0.24,8.97,1.44,8.97,1.44,13.37,1.44,271.63,31.02
2026-10-02T01:08:15Z,polymarket,XRP,xrp-updown-15m-1790902800,1790902800,495,0.13,0.14,2.34,5.6,2.34,5.6,9.69,7.32,16.35,38.12
2026-10-02T01:08:15Z,kalshi,BTC,KXBTC15M-26OCT012115-15,1790902800,495,0.2,0.21,804.94,230.37,804.94,230.37,2199.28,454.88,6168.48,1487.34
2026-10-02T01:08:15Z,kalshi,ETH,KXETH15M-26OCT012115-15,1790902800,495,0.21,0.22,240.87,1.1,240.87,1.1,416.38,1.1,722.33,85.36
2026-10-02T01:08:15Z,kalshi,SOL,KXSOL15M-26OCT012115-15,1790902800,495,0.27,0.28,100.71,14.28,100.71,14.28,191.4,17.18,458.99,363.35
2026-10-02T01:08:15Z,kalshi,XRP,KXXRP15M-26OCT012115-15,1790902800,495,0.15,0.16,3.0,9.0,3.0,9.0,63.76,14.61,165.1,102.46
2026-10-02T01:09:15Z,polymarket,BTC,btc-updown-15m-1790902800,1790902800,555,0.15,0.16,54.45,30.88,54.45,30.88,89.03,51.28,1370.88,2810.22
2026-10-02T01:09:15Z,polymarket,ETH,eth-updown-15m-1790902800,1790902800,555,0.21,0.22,5.88,20.9,5.88,20.9,141.88,31.25,341.79,164.14
2026-10-02T01:09:15Z,polymarket,SOL,sol-updown-15m-1790902800,1790902800,555,0.21,0.24,3.5,3.36,0,0,3.5,3.36,110.12,49.21
2026-10-02T01:09:15Z,polymarket,XRP,xrp-updown-15m-1790902800,1790902800,555,0.1,0.12,46.2,1.2,46.2,1.2,56.46,7.4,80.06,38.36
2026-10-02T01:09:15Z,kalshi,BTC,KXBTC15M-26OCT012115-15,1790902800,555,0.15,0.16,145.2,1010.76,145.2,1010.76,1079.56,1831.97,3891.75,7746.45
2026-10-02T01:09:15Z,kalshi,ETH,KXETH15M-26OCT012115-15,1790902800,555,0.24,0.25,15.08,55.02,15.08,55.02,24.83,220.65,463.12,711.27
2026-10-02T01:09:15Z,kalshi,SOL,KXSOL15M-26OCT012115-15,1790902800,555,0.22,0.24,2.2,75.64,2.2,75.64,98.37,168.89,304.28,463.71
2026-10-02T01:09:15Z,kalshi,XRP,KXXRP15M-26OCT012115-15,1790902800,555,0.13,0.14,7.01,4.06,7.01,4.06,10.13,129.83,172.06,218.83
2026-10-02T01:10:15Z,polymarket,BTC,btc-updown-15m-1790902800,1790902800,615,0.05,0.06,11.9,11.82,11.9,11.82,109.68,150.35,497.57,2200.9
2026-10-02T01:10:15Z,polymarket,ETH,eth-updown-15m-1790902800,1790902800,615,0.07,0.08,5.25,5.2,5.25,5.2,10.71,26.62,61.82,226.88
2026-10-02T01:10:15Z,polymarket,SOL,sol-updown-15m-1790902800,1790902800,615,0.19,0.21,11.45,6.62,11.45,6.62,17.39,15.7,110.6,27.27
2026-10-02T01:10:15Z,polymarket,XRP,xrp-updown-15m-1790902800,1790902800,615,0.03,0.05,0.6,11.92,0.6,11.92,0.7,13.72,3.38,37.67
2026-10-02T01:10:15Z,kalshi,BTC,KXBTC15M-26OCT012115-15,1790902800,615,0.054,0.055,81.4,234.56,434.35,693.37,902.37,1122.05,2889.76,3801.13
2026-10-02T01:10:15Z,kalshi,ETH,KXETH15M-26OCT012115-15,1790902800,615,0.079,0.08,0.16,45.62,20.94,58.64,40.62,127.23,288.12,300.2
2026-10-02T01:10:15Z,kalshi,SOL,KXSOL15M-26OCT012115-15,1790902800,615,0.18,0.19,71.46,1.9,71.46,1.9,133.51,3.7,317.58,169.35
2026-10-02T01:10:15Z,kalshi,XRP,KXXRP15M-26OCT012115-15,1790902800,615,0.03,0.031,11.49,2.82,29.65,4.96,64.75,15.65,365.53,92.68
2026-10-02T01:11:15Z,polymarket,BTC,btc-updown-15m-1790902800,1790902800,675,0.03,0.04,5.92,7.49,5.92,7.49,12.75,32.38,24.29,1844.71
2026-10-02T01:11:15Z,polymarket,ETH,eth-updown-15m-1790902800,1790902800,675,0.02,0.03,1.0,2.87,1.0,2.87,2.32,9.27,2.32,159.25
2026-10-02T01:11:15Z,polymarket,SOL,sol-updown-15m-1790902800,1790902800,675,0.15,0.17,1.5,7.46,1.5,7.46,5.14,27.44,26.0,135.98
2026-10-02T01:11:15Z,polymarket,XRP,xrp-updown-15m-1790902800,1790902800,675,0.01,0.02,0.45,2.6,0.45,2.6,0.45,3.21,0.45,11.87
2026-10-02T01:11:15Z,kalshi,BTC,KXBTC15M-26OCT012115-15,1790902800,675,0.03,0.031,0.89,155.64,271.45,626.76,570.28,849.02,2713.21,3340.75
2026-10-02T01:11:15Z,kalshi,ETH,KXETH15M-26OCT012115-15,1790902800,675,0.021,0.022,0.74,0.44,28.28,23.57,283.49,71.18,345.88,143.29
2026-10-02T01:11:15Z,kalshi,SOL,KXSOL15M-26OCT012115-15,1790902800,675,0.13,0.15,4.81,11.92,4.81,11.92,44.64,77.47,149.09,273.54
2026-10-02T01:11:15Z,kalshi,XRP,KXXRP15M-26OCT012115-15,1790902800,675,0.019,0.022,4.86,0.27,18.47,0.63,271.4,24.67,271.4,59.16
2026-10-02T01:12:15Z,polymarket,BTC,btc-updown-15m-1790902800,1790902800,735,0.01,0.012,0.05,1.21,0.19,7.31,0.19,15.89,0.19,1108.69
2026-10-02T01:12:15Z,polymarket,ETH,eth-updown-15m-1790902800,1790902800,735,0.01,0.019,0.59,1.14,1.02,1.24,1.04,2.89,1.04,99.81
2026-10-02T01:12:15Z,polymarket,SOL,sol-updown-15m-1790902800,1790902800,735,0.15,0.18,2.25,2.45,0,0,2.25,2.45,24.16,15.42
2026-10-02T01:12:15Z,polymarket,XRP,xrp-updown-15m-1790902800,1790902800,735,0.004,0.011,0.08,0.1,0.48,0.1,0.48,0.1,0.48,12.51
2026-10-02T01:12:15Z,kalshi,BTC,KXBTC15M-26OCT012115-15,1790902800,735,0.014,0.015,19.16,6.66,466.2,249.96,2033.23,479.84,2033.23,2334.51
2026-10-02T01:12:15Z,kalshi,ETH,KXETH15M-26OCT012115-15,1790902800,735,0.009,0.012,0.48,0.41,178.77,13.69,178.77,24.36,178.77,109.47
2026-10-02T01:12:15Z,kalshi,SOL,KXSOL15M-26OCT012115-15,1790902800,735,0.13,0.15,4.68,55.27,4.68,55.27,8.45,113.98,46.08,349.62
2026-10-02T01:12:15Z,kalshi,XRP,KXXRP15M-26OCT012115-15,1790902800,735,0.025,0.032,0.28,0.16,1.08,7.46,34.3,22.33,250.21,84.6
2026-10-02T01:13:15Z,polymarket,ETH,eth-updown-15m-1790902800,1790902800,795,0.001,0.003,0.02,0.14,0.02,20.16,0.02,21.86,0.02,151.86
2026-10-02T01:13:15Z,polymarket,XRP,xrp-updown-15m-1790902800,1790902800,795,0.001,0.002,0.02,0.02,0.02,24.01,0.02,24.21,0.02,132.03
2026-10-02T01:13:15Z,kalshi,BTC,KXBTC15M-26OCT012115-15,1790902800,795,0.001,0.002,112.72,124.12,112.72,346.73,112.72,662.76,112.72,1970.44
2026-10-02T01:13:15Z,kalshi,ETH,KXETH15M-26OCT012115-15,1790902800,795,0.001,0.002,35.34,6.88,35.34,31.65,35.34,53.12,35.34,145.02
2026-10-02T01:13:15Z,kalshi,SOL,KXSOL15M-26OCT012115-15,1790902800,795,0.007,0.008,0.96,0.02,101.48,17.88,101.48,31.64,101.48,134.01
2026-10-02T01:13:15Z,kalshi,XRP,KXXRP15M-26OCT012115-15,1790902800,795,0.001,0.002,9.27,2.19,9.27,18.0,9.27,26.19,9.27,64.32
2026-10-02T01:14:15Z,polymarket,SOL,sol-updown-15m-1790902800,1790902800,855,0.001,0.002,0.01,0.02,0.01,22.44,0.01,22.74,0.01,31.7
2026-10-02T01:14:15Z,kalshi,SOL,KXSOL15M-26OCT012115-15,1790902800,855,0.001,0.002,1.13,0.21,1.13,6.83,1.13,23.71,1.13,111.22
2026-10-02T01:15:15Z,polymarket,BTC,btc-updown-15m-1790903700,1790903700,15,0.5,0.51,15.45,265.31,15.45,265.31,89.93,1629.27,186.28,10400.84
2026-10-02T01:15:15Z,polymarket,ETH,eth-updown-15m-1790903700,1790903700,15,0.55,0.56,33.0,103.66,33.0,103.66,91.86,176.62,1108.95,451.71
2026-10-02T01:15:15Z,polymarket,SOL,sol-updown-15m-1790903700,1790903700,15,0.54,0.56,7.56,4.48,7.56,4.48,35.12,25.57,194.8,118.34
2026-10-02T01:15:15Z,polymarket,XRP,xrp-updown-15m-1790903700,1790903700,15,0.53,0.56,14.84,10.08,0,0,14.84,10.08,364.86,99.22
2026-10-02T01:15:15Z,kalshi,ETH,KXETH15M-26OCT012130-30,1790903700,15,0.57,0.58,30.84,40.6,30.84,40.6,108.68,422.73,1010.98,1448.52
2026-10-02T01:16:15Z,polymarket,BTC,btc-updown-15m-1790903700,1790903700,75,0.4,0.41,88.4,269.09,88.4,269.09,237.48,315.19,6942.34,1519.3
2026-10-02T01:16:15Z,polymarket,ETH,eth-updown-15m-1790903700,1790903700,75,0.51,0.52,67.34,2.6,67.34,2.6,109.84,23.8,587.99,696.19
2026-10-02T01:16:15Z,polymarket,SOL,sol-updown-15m-1790903700,1790903700,75,0.47,0.48,3.76,14.32,3.76,14.32,16.64,32.94,50.21,542.51
2026-10-02T01:16:15Z,polymarket,XRP,xrp-updown-15m-1790903700,1790903700,75,0.51,0.53,9.18,12.19,9.18,12.19,30.68,21.91,389.36,352.71
2026-10-02T01:16:15Z,kalshi,BTC,KXBTC15M-26OCT012130-30,1790903700,75,0.41,0.42,3823.26,1173.15,3823.26,1173.15,5668.8,3040.67,9500.99,7650.37
2026-10-02T01:16:15Z,kalshi,ETH,KXETH15M-26OCT012130-30,1790903700,75,0.5,0.51,323.37,2.55,323.37,2.55,633.54,106.03,1498.18,1040.64
2026-10-02T01:16:15Z,kalshi,SOL,KXSOL15M-26OCT012130-30,1790903700,75,0.46,0.47,15.7,9.4,15.7,9.4,177.7,185.56,638.23,740.8
2026-10-02T01:16:15Z,kalshi,XRP,KXXRP15M-26OCT012130-30,1790903700,75,0.52,0.53,10.4,9.67,10.4,9.67,64.12,267.93,483.8,773.36
2026-10-02T01:17:15Z,polymarket,BTC,btc-updown-15m-1790903700,1790903700,135,0.65,0.66,24.7,457.45,24.7,457.45,137.0,939.85,458.19,12712.34
2026-10-02T01:17:15Z,polymarket,ETH,eth-updown-15m-1790903700,1790903700,135,0.77,0.78,59.0,8.58,59.0,8.58,146.4,48.08,749.75,803.38
2026-10-02T01:17:15Z,polymarket,SOL,sol-updown-15m-1790903700,1790903700,135,0.73,0.74,31.3,5.18,31.3,5.18,51.46,35.27,419.75,198.83
2026-10-02T01:17:15Z,polymarket,XRP,xrp-updown-15m-1790903700,1790903700,135,0.78,0.8,14.04,10.41,14.04,10.41,77.18,338.46,530.52,1077.66
2026-10-02T01:17:15Z,kalshi,BTC,KXBTC15M-26OCT012130-30,1790903700,135,0.63,0.64,4412.54,3710.82,4412.54,3710.82,8318.6,7872.77,11332.58,12331.01
2026-10-02T01:17:15Z,kalshi,ETH,KXETH15M-26OCT012130-30,1790903700,135,0.76,0.77,431.92,129.36,431.92,129.36,859.42,399.24,2180.7,1755.0
2026-10-02T01:17:15Z,kalshi,SOL,KXSOL15M-26OCT012130-30,1790903700,135,0.73,0.74,8.77,13.32,8.77,13.32,268.69,357.92,1031.82,1243.93
2026-10-02T01:17:15Z,kalshi,XRP,KXXRP15M-26OCT012130-30,1790903700,135,0.77,0.78,39.27,31.39,39.27,31.39,382.3,401.31,896.32,819.32
2026-10-02T01:18:15Z,polymarket,BTC,btc-updown-15m-1790903700,1790903700,195,0.47,0.48,158.61,142.29,158.61,142.29,195.76,192.75,2067.05,2575.95
2026-10-02T01:18:15Z,polymarket,ETH,eth-updown-15m-1790903700,1790903700,195,0.64,0.65,32.64,24.24,32.64,24.24,149.16,63.84,1429.79,364.51
2026-10-02T01:18:15Z,polymarket,SOL,sol-updown-15m-1790903700,1790903700,195,0.52,0.54,16.05,4.32,16.05,4.32,30.33,15.32,691.3,138.98
2026-10-02T01:18:15Z,polymarket,XRP,xrp-updown-15m-1790903700,1790903700,195,0.73,0.75,13.14,13.5,13.14,13.5,33.3,42.38,190.79,678.93
2026-10-02T01:18:15Z,kalshi,BTC,KXBTC15M-26OCT012130-30,1790903700,195,0.47,0.48,242.2,4350.06,242.2,4350.06,2179.97,7096.76,6071.45,10061.18
2026-10-02T01:18:15Z,kalshi,ETH,KXETH15M-26OCT012130-30,1790903700,195,0.66,0.67,180.32,149.13,180.32,149.13,596.68,364.69,1610.02,1582.45
2026-10-02T01:18:15Z,kalshi,SOL,KXSOL15M-26OCT012130-30,1790903700,195,0.53,0.55,189.78,4.96,189.78,4.96,386.33,200.21,944.71,871.02
2026-10-02T01:18:15Z,kalshi,XRP,KXXRP15M-26OCT012130-30,1790903700,195,0.72,0.73,12.96,22.27,12.96,22.27,295.42,78.69,659.81,938.64
2026-10-02T01:19:15Z,polymarket,BTC,btc-updown-15m-1790903700,1790903700,255,0.39,0.4,230.88,123.1,230.88,123.1,268.88,203.05,775.35,1741.1
2026-10-02T01:19:15Z,polymarket,ETH,eth-updown-15m-1790903700,1790903700,255,0.52,0.53,2.6,82.63,2.6,82.63,4.0,106.93,271.29,727.84
2026-10-02T01:19:15Z,polymarket,SOL,sol-updown-15m-1790903700,1790903700,255,0.37,0.39,28.81,8.5,28.81,8.5,53.23,11.7,289.77,75.76
2026-10-02T01:19:15Z,polymarket,XRP,xrp-updown-15m-1790903700,1790903700,255,0.53,0.54,9.54,9.72,9.54,9.72,9.54,22.92,321.38,161.46
2026-10-02T01:19:15Z,kalshi,BTC,KXBTC15M-26OCT012130-30,1790903700,255,0.39,0.4,334.67,4171.4,334.67,4171.4,1698.24,6339.94,5202.46,8393.28
2026-10-02T01:19:15Z,kalshi,ETH,KXETH15M-26OCT012130-30,1790903700,255,0.52,0.53,7.8,291.5,7.8,291.5,75.12,691.1,757.81,1782.91
2026-10-02T01:19:15Z,kalshi,SOL,KXSOL15M-26OCT012130-30,1790903700,255,0.4,0.41,0.8,158.26,0.8,158.26,7.04,313.66,435.89,770.97
2026-10-02T01:19:15Z,kalshi,XRP,KXXRP15M-26OCT012130-30,1790903700,255,0.54,0.55,6.75,17.6,6.75,17.6,211.66,155.16,478.73,645.82
2026-10-02T01:20:15Z,polymarket,BTC,btc-updown-15m-1790903700,1790903700,315,0.28,0.29,209.41,26.39,209.41,26.39,255.28,28.19,842.21,457.68
2026-10-02T01:20:15Z,polymarket,ETH,eth-updown-15m-1790903700,1790903700,315,0.4,0.41,2.0,78.8,2.0,78.8,17.6,159.02,108.32,405.02
2026-10-02T01:20:15Z,polymarket,SOL,sol-updown-15m-1790903700,1790903700,315,0.26,0.28,5.2,2.24,5.2,2.24,29.67,15.0,75.81,46.65
2026-10-02T01:20:15Z,polymarket,XRP,xrp-updown-15m-1790903700,1790903700,315,0.36,0.38,2.16,8.67,2.16,8.67,11.26,15.69,95.16,128.47
2026-10-02T01:20:15Z,kalshi,BTC,KXBTC15M-26OCT012130-30,1790903700,315,0.29,0.3,1216.9,1379.11,1216.9,1379.11,1634.71,3029.88,4917.16,5339.94
2026-10-02T01:20:15Z,kalshi,ETH,KXETH15M-26OCT012130-30,1790903700,315,0.41,0.42,13.94,14.55,13.94,14.55,315.14,86.36,1006.16,957.56
2026-10-02T01:20:15Z,kalshi,SOL,KXSOL15M-26OCT012130-30,1790903700,315,0.28,0.29,22.04,5.73,22.04,5.73,120.86,113.43,395.61,512.53
2026-10-02T01:20:15Z,kalshi,XRP,KXXRP15M-26OCT012130-30,1790903700,315,0.36,0.37,140.13,5.18,140.13,5.18,173.03,176.94,313.83,265.21
2026-10-02T01:21:15Z,polymarket,BTC,btc-updown-15m-1790903700,1790903700,375,0.12,0.13,30.75,35.83,30.75,35.83,57.8,210.13,276.84,475.77
2026-10-02T01:21:15Z,polymarket,ETH,eth-updown-15m-1790903700,1790903700,375,0.11,0.12,1.48,33.87,1.48,33.87,6.98,125.65,58.17,228.0
2026-10-02T01:21:15Z,polymarket,SOL,sol-updown-15m-1790903700,1790903700,375,0.04,0.06,7.99,0.9,7.99,0.9,11.85,5.45,13.76,72.22
2026-10-02T01:21:15Z,polymarket,XRP,xrp-updown-15m-1790903700,1790903700,375,0.11,0.12,6.61,1.3,6.61,1.3,61.61,7.9,79.1,37.76
2026-10-02T01:21:15Z,kalshi,BTC,KXBTC15M-26OCT012130-30,1790903700,375,0.1,0.11,288.14,519.65,1076.38,519.65,1623.21,1150.95,3829.74,2188.17
2026-10-02T01:21:15Z,kalshi,ETH,KXETH15M-26OCT012130-30,1790903700,375,0.1,0.11,24.0,55.69,38.53,55.69,47.32,134.86,188.27,382.09
2026-10-02T01:21:15Z,kalshi,SOL,KXSOL15M-26OCT012130-30,1790903700,375,0.059,0.06,1.35,0.3,7.56,19.4,26.48,52.86,259.36,186.37
2026-10-02T01:21:15Z,kalshi,XRP,KXXRP15M-26OCT012130-30,1790903700,375,0.13,0.14,1.95,15.3,1.95,15.3,53.25,82.65,132.47,300.37
2026-10-02T01:22:15Z,polymarket,BTC,btc-updown-15m-1790903700,1790903700,435,0.1,0.11,22.55,18.98,22.55,18.98,33.66,272.32,248.32,2826.91
2026-10-02T01:22:15Z,polymarket,ETH,eth-updown-15m-1790903700,1790903700,435,0.05,0.06,1.0,7.26,1.0,7.26,5.4,51.92,34.99,277.42
2026-10-02T01:22:15Z,polymarket,SOL,sol-updown-15m-1790903700,1790903700,435,0.04,0.06,2.0,2.1,2.0,2.1,8.61,5.81,11.89,86.69
2026-10-02T01:22:15Z,polymarket,XRP,xrp-updown-15m-1790903700,1790903700,435,0.14,0.15,6.3,3.3,6.3,3.3,73.25,18.82,136.24,68.83
2026-10-02T01:22:15Z,kalshi,BTC,KXBTC15M-26OCT012130-30,1790903700,435,0.095,0.096,160.55,24.48,659.68,1272.71,1167.88,1836.02,7119.48,2941.01
2026-10-02T01:22:15Z,kalshi,ETH,KXETH15M-26OCT012130-30,1790903700,435,0.052,0.053,0.62,33.92,12.24,50.2,33.37,83.98,486.73,218.18
2026-10-02T01:22:15Z,kalshi,SOL,KXSOL15M-26OCT012130-30,1790903700,435,0.048,0.051,0.24,3.66,1.98,4.91,12.88,33.12,262.61,127.85
2026-10-02T01:22:15Z,kalshi,XRP,KXXRP15M-26OCT012130-30,1790903700,435,0.16,0.17,17.91,1.7,17.91,1.7,77.35,2.54,185.89,181.46
2026-10-02T01:23:15Z,polymarket,BTC,btc-updown-15m-1790903700,1790903700,495,0.12,0.13,3.6,285.99,3.6,285.99,12.73,437.45,128.63,2398.62
2026-10-02T01:23:15Z,polymarket,ETH,eth-updown-15m-1790903700,1790903700,495,0.08,0.09,0.4,14.92,0.4,14.92,3.55,77.82,42.23,224.29
2026-10-02T01:23:15Z,polymarket,SOL,sol-updown-15m-1790903700,1790903700,495,0.06,0.08,2.32,4.45,2.32,4.45,12.87,7.78,30.47,105.55
2026-10-02T01:23:15Z,polymarket,XRP,xrp-updown-15m-1790903700,1790903700,495,0.18,0.22,10.08,6.6,0,0,10.08,6.6,111.6,55.79
2026-10-02T01:23:15Z,kalshi,BTC,KXBTC15M-26OCT012130-30,1790903700,495,0.1,0.11,313.28,184.4,808.07,184.4,1351.82,1219.7,3688.69,5595.96
2026-10-02T01:23:15Z,kalshi,ETH,KXETH15M-26OCT012130-30,1790903700,495,0.071,0.072,0.64,1.87,8.44,41.53,12.19,108.6,196.63,286.82
2026-10-02T01:23:15Z,kalshi,SOL,KXSOL15M-26OCT012130-30,1790903700,495,0.064,0.065,1.41,0.2,5.9,5.43,32.31,7.5,237.88,153.96
2026-10-02T01:23:15Z,kalshi,XRP,KXXRP15M-26OCT012130-30,1790903700,495,0.21,0.22,4.2,81.84,4.2,81.84,8.4,92.7,150.65,249.0
2026-10-02T01:24:15Z,polymarket,BTC,btc-updown-15m-1790903700,1790903700,555,0.11,0.12,25.19,25.98,25.19,25.98,35.39,276.77,974.11,2903.92
2026-10-02T01:24:15Z,polymarket,ETH,eth-updown-15m-1790903700,1790903700,555,0.05,0.06,3.71,3.0,3.71,3.0,14.55,8.74,54.46,156.52
2026-10-02T01:24:15Z,polymarket,SOL,sol-updown-15m-1790903700,1790903700,555,0.14,0.15,0.7,5.27,0.7,5.27,7.78,13.27,73.95,58.21
2026-10-02T01:24:15Z,polymarket,XRP,xrp-updown-15m-1790903700,1790903700,555,0.34,0.35,3.4,4.9,3.4,4.9,10.99,9.94,45.41,132.28
2026-10-02T01:24:15Z,kalshi,BTC,KXBTC15M-26OCT012130-30,1790903700,555,0.1,0.11,303.7,656.54,1042.05,656.54,1594.73,1399.52,8365.65,2404.4
2026-10-02T01:24:15Z,kalshi,ETH,KXETH15M-26OCT012130-30,1790903700,555,0.055,0.059,2.25,0.59,17.17,34.88,23.16,72.29,410.65,246.1
2026-10-02T01:24:15Z,kalshi,SOL,KXSOL15M-26OCT012130-30,1790903700,555,0.15,0.16,1.5,12.81,1.5,12.81,3.74,86.6,135.77,308.43
2026-10-02T01:24:15Z,kalshi,XRP,KXXRP15M-26OCT012130-30,1790903700,555,0.33,0.34,128.96,7.14,128.96,7.14,148.33,14.49,391.79,330.57
2026-10-02T01:25:15Z,polymarket,BTC,btc-updown-15m-1790903700,1790903700,615,0.43,0.44,144.48,55.16,144.48,55.16,324.98,124.07,725.31,4972.83
2026-10-02T01:25:15Z,polymarket,ETH,eth-updown-15m-1790903700,1790903700,615,0.25,0.27,17.5,25.65,17.5,25.65,51.58,45.25,461.15,301.72
2026-10-02T01:25:15Z,polymarket,SOL,sol-updown-15m-1790903700,1790903700,615,0.8,0.81,8.0,330.48,8.0,330.48,12.34,396.9,121.58,947.67
2026-10-02T01:25:15Z,polymarket,XRP,xrp-updown-15m-1790903700,1790903700,615,0.82,0.84,14.76,6.72,14.76,6.72,20.15,448.72,1017.18,1144.21
2026-10-02T01:25:15Z,kalshi,BTC,KXBTC15M-26OCT012130-30,1790903700,615,0.42,0.43,1815.8,2003.66,1815.8,2003.66,3694.91,3738.51,5175.72,6594.72
2026-10-02T01:25:15Z,kalshi,ETH,KXETH15M-26OCT012130-30,1790903700,615,0.26,0.27,136.5,26.46,136.5,26.46,275.5,89.26,700.86,593.98
2026-10-02T01:25:15Z,kalshi,SOL,KXSOL15M-26OCT012130-30,1790903700,615,0.77,0.78,16.94,13.26,16.94,13.26,241.95,326.1,999.41,1218.58
2026-10-02T01:25:15Z,kalshi,XRP,KXXRP15M-26OCT012130-30,1790903700,615,0.82,0.83,555.13,292.24,555.13,292.24,583.48,387.9,1229.21,819.84
2026-10-02T01:26:15Z,polymarket,BTC,btc-updown-15m-1790903700,1790903700,675,0.08,0.09,130.16,2.16,130.16,2.16,160.93,16.01,1122.85,734.33
2026-10-02T01:26:15Z,polymarket,ETH,eth-updown-15m-1790903700,1790903700,675,0.05,0.06,1.21,6.63,1.21,6.63,4.81,51.1,42.12,198.3
2026-10-02T01:26:15Z,polymarket,SOL,sol-updown-15m-1790903700,1790903700,675,0.22,0.23,88.0,1.84,88.0,1.84,88.0,9.52,246.41,29.94
2026-10-02T01:26:15Z,polymarket,XRP,xrp-updown-15m-1790903700,1790903700,675,0.35,0.4,2.8,7.2,0,0,0,0,12.8,21.72
2026-10-02T01:26:15Z,kalshi,BTC,KXBTC15M-26OCT012130-30,1790903700,675,0.09,0.091,291.85,376.75,556.15,1261.5,1074.39,1521.4,3308.65,4177.99
2026-10-02T01:26:15Z,kalshi,ETH,KXETH15M-26OCT012130-30,1790903700,675,0.051,0.052,2.19,1.12,7.35,37.28,18.76,78.6,573.36,257.14
2026-10-02T01:26:15Z,kalshi,SOL,KXSOL15M-26OCT012130-30,1790903700,675,0.24,0.25,87.66,2.5,87.66,2.5,172.18,5.1,406.67,301.06
2026-10-02T01:26:15Z,kalshi,XRP,KXXRP15M-26OCT012130-30,1790903700,675,0.38,0.39,7.2,3.9,7.2,3.9,162.6,9.1,164.3,193.62
2026-10-02T01:27:15Z,polymarket,BTC,btc-updown-15m-1790903700,1790903700,735,0.06,0.07,25.88,18.64,25.88,18.64,37.23,414.73,214.08,1666.46
2026-10-02T01:27:15Z,polymarket,ETH,eth-updown-15m-1790903700,1790903700,735,0.07,0.08,0.42,13.04,0.42,13.04,5.82,27.35,35.77,220.28
2026-10-02T01:27:15Z,polymarket,SOL,sol-updown-15m-1790903700,1790903700,735,0.55,0.56,4.4,7.84,4.4,7.84,22.76,16.39,77.42,46.6
2026-10-02T01:27:15Z,polymarket,XRP,xrp-updown-15m-1790903700,1790903700,735,0.33,0.36,5.94,6.48,0,0,5.94,6.48,56.14,238.45
2026-10-02T01:27:15Z,kalshi,BTC,KXBTC15M-26OCT012130-30,1790903700,735,0.054,0.055,126.8,96.31,476.28,721.34,759.42,1087.29,3363.89,2387.93
2026-10-02T01:27:15Z,kalshi,ETH,KXETH15M-26OCT012130-30,1790903700,735,0.059,0.062,1.4,15.24,6.68,23.05,14.76,83.94,253.34,296.51
2026-10-02T01:27:15Z,kalshi,SOL,KXSOL15M-26OCT012130-30,1790903700,735,0.5,0.53,11.51,189.21,0,0,11.51,189.21,549.22,776.41
2026-10-02T01:27:15Z,kalshi,XRP,KXXRP15M-26OCT012130-30,1790903700,735,0.31,0.33,1.55,6.93,1.55,6.93,49.32,154.15,78.11,368.1
2026-10-02T01:28:15Z,polymarket,SOL,sol-updown-15m-1790903700,1790903700,795,0.08,0.09,1.36,0.81,1.36,0.81,13.82,0.81,23.11,2.25
2026-10-02T01:28:15Z,polymarket,XRP,xrp-updown-15m-1790903700,1790903700,795,0.02,0.03,0.1,2.38,0.1,2.38,0.24,22.09,0.24,38.51
2026-10-02T01:28:15Z,kalshi,BTC,KXBTC15M-26OCT012130-30,1790903700,795,0.006,0.007,1.01,5.73,546.34,243.77,546.34,356.01,546.34,894.97
2026-10-02T01:28:15Z,kalshi,ETH,KXETH15M-26OCT012130-30,1790903700,795,0.002,0.003,7.13,0.14,38.96,1.12,38.96,20.16,38.96,102.24
2026-10-02T01:28:15Z,kalshi,SOL,KXSOL15M-26OCT012130-30,1790903700,795,0.05,0.065,0.23,0.39,0.23,1.45,2.75,26.12,220.48,138.47
2026-10-02T01:28:15Z,kalshi,XRP,KXXRP15M-26OCT012130-30,1790903700,795,0.014,0.016,0.8,1.2,75.42,10.75,186.09,34.6,186.09,80.82
2026-10-02T01:29:15Z,kalshi,ETH,KXETH15M-26OCT012130-30,1790903700,855,0.001,0.002,5.29,24.39,5.29,47.13,5.29,62.13,5.29,178.63
2026-10-02T01:29:15Z,kalshi,SOL,KXSOL15M-26OCT012130-30,1790903700,855,0.002,0.004,1.27,0.06,2.46,0.11,2.46,6.6,2.46,43.95
2026-10-02T01:29:15Z,kalshi,XRP,KXXRP15M-26OCT012130-30,1790903700,855,0.001,0.002,1.01,2.59,1.01,30.08,1.01,48.7,1.01,98.79
2026-10-02T01:30:15Z,polymarket,BTC,btc-updown-15m-1790904600,1790904600,15,0.55,0.56,214.7,6.16,214.7,6.16,393.44,52.33,8254.28,1853.01
2026-10-02T01:30:15Z,polymarket,ETH,eth-updown-15m-1790904600,1790904600,15,0.57,0.58,42.75,35.38,42.75,35.38,79.15,70.78,371.55,1131.89
2026-10-02T01:30:15Z,polymarket,SOL,sol-updown-15m-1790904600,1790904600,15,0.57,0.59,4.56,4.72,4.56,4.72,22.48,283.72,100.57,676.89
2026-10-02T01:30:15Z,polymarket,XRP,xrp-updown-15m-1790904600,1790904600,15,0.57,0.59,10.26,10.62,10.26,10.62,20.34,34.62,589.3,231.0
2026-10-02T01:31:15Z,polymarket,BTC,btc-updown-15m-1790904600,1790904600,75,0.57,0.58,8.55,407.03,8.55,407.03,94.79,681.97,1434.33,5369.71
2026-10-02T01:31:15Z,polymarket,ETH,eth-updown-15m-1790904600,1790904600,75,0.67,0.68,50.25,57.66,50.25,57.66,50.25,531.13,199.1,2136.98
2026-10-02T01:31:15Z,polymarket,SOL,sol-updown-15m-1790904600,1790904600,75,0.6,0.61,4.8,3.05,4.8,3.05,16.6,8.01,111.39,79.73
2026-10-02T01:31:15Z,polymarket,XRP,xrp-updown-15m-1790904600,1790904600,75,0.61,0.62,236.68,6.2,236.68,6.2,287.68,23.84,447.8,90.68
2026-10-02T01:31:15Z,kalshi,BTC,KXBTC15M-26OCT012145-45,1790904600,75,0.56,0.57,193.67,5192.53,193.67,5192.53,1524.71,8136.37,5245.78,11784.88
2026-10-02T01:31:15Z,kalshi,ETH,KXETH15M-26OCT012145-45,1790904600,75,0.65,0.66,50.7,96.54,50.7,96.54,423.18,538.74,1604.0,1822.5
2026-10-02T01:31:15Z,kalshi,SOL,KXSOL15M-26OCT012145-45,1790904600,75,0.61,0.62,1.2,227.19,1.2,227.19,8.89,460.29,730.59,1292.59
2026-10-02T01:31:15Z,kalshi,XRP,KXXRP15M-26OCT012145-45,1790904600,75,0.65,0.66,0.65,31.19,0.65,31.19,38.37,68.87,359.24,677.23
2026-10-02T01:32:15Z,polymarket,BTC,btc-updown-15m-1790904600,1790904600,135,0.59,0.6,237.68,57.0,237.68,57.0,286.19,75.3,6053.25,1999.15
2026-10-02T01:32:15Z,polymarket,ETH,eth-updown-15m-1790904600,1790904600,135,0.69,0.7,34.5,116.78,34.5,116.78,75.3,346.55,213.55,1393.59
2026-10-02T01:32:15Z,polymarket,SOL,sol-updown-15m-1790904600,1790904600,135,0.65,0.66,5.2,6.78,5.2,6.78,10.32,25.54,87.25,697.59
2026-10-02T01:32:15Z,polymarket,XRP,xrp-updown-15m-1790904600,1790904600,135,0.68,0.69,12.24,13.8,12.24,13.8,24.3,34.8,97.26,510.09
2026-10-02T01:32:15Z,kalshi,BTC,KXBTC15M-26OCT012145-45,1790904600,135,0.59,0.6,5099.41,239.63,5099.41,239.63,8084.96,4984.21,11550.15,11247.53
2026-10-02T01:32:15Z,kalshi,ETH,KXETH15M-26OCT012145-45,1790904600,135,0.66,0.67,49.5,42.88,49.5,42.88,444.05,93.88,1618.63,1562.37
2026-10-02T01:32:15Z,kalshi,SOL,KXSOL15M-26OCT012145-45,1790904600,135,0.64,0.65,13.44,3.25,13.44,3.25,252.56,240.85,905.46,1022.2
2026-10-02T01:32:15Z,kalshi,XRP,KXXRP15M-26OCT012145-45,1790904600,135,0.68,0.69,23.12,32.89,23.12,32.89,53.44,60.89,396.98,661.74
2026-10-02T01:33:15Z,polymarket,BTC,btc-updown-15m-1790904600,1790904600,195,0.48,0.49,199.68,172.48,199.68,172.48,265.01,257.48,4632.49,2614.32
2026-10-02T01:33:15Z,polymarket,ETH,eth-updown-15m-1790904600,1790904600,195,0.61,0.62,50.45,24.8,50.45,24.8,92.45,129.38,266.44,1155.78
2026-10-02T01:33:15Z,polymarket,SOL,sol-updown-15m-1790904600,1790904600,195,0.53,0.55,4.24,4.4,4.24,4.4,8.4,29.6,316.85,608.38
2026-10-02T01:33:15Z,polymarket,XRP,xrp-updown-15m-1790904600,1790904600,195,0.53,0.55,13.78,9.9,13.78,9.9,13.78,31.18,383.73,365.18
2026-10-02T01:33:15Z,kalshi,BTC,KXBTC15M-26OCT012145-45,1790904600,195,0.48,0.49,3845.75,1604.33,3845.75,1604.33,5806.67,4347.82,8890.88,6800.78
2026-10-02T01:33:15Z,kalshi,ETH,KXETH15M-26OCT012145-45,1790904600,195,0.59,0.6,345.98,16.8,345.98,16.8,698.04,174.18,1761.79,1005.12
2026-10-02T01:33:15Z,kalshi,SOL,KXSOL15M-26OCT012145-45,1790904600,195,0.52,0.53,259.21,0.53,259.21,0.53,445.87,19.3,993.89,739.54
2026-10-02T01:33:15Z,kalshi,XRP,KXXRP15M-26OCT012145-45,1790904600,195,0.54,0.55,10.78,18.83,10.78,18.83,25.09,257.17,485.46,541.56
2026-10-02T01:34:15Z,polymarket,BTC,btc-updown-15m-1790904600,1790904600,255,0.71,0.72,286.62,303.72,286.62,303.72,359.42,539.51,4758.85,2953.57
2026-10-02T01:34:15Z,polymarket,ETH,eth-updown-15m-1790904600,1790904600,255,0.81,0.82,4.05,98.61,4.05,98.61,4.05,252.84,198.03,2200.84
2026-10-02T01:34:15Z,polymarket,SOL,sol-updown-15m-1790904600,1790904600,255,0.69,0.7,13.8,31.64,13.8,31.64,19.24,44.42,351.62,839.1
2026-10-02T01:34:15Z,polymarket,XRP,xrp-updown-15m-1790904600,1790904600,255,0.75,0.76,41.98,7.6,41.98,7.6,61.22,29.16,575.62,250.6
2026-10-02T01:34:15Z,kalshi,BTC,KXBTC15M-26OCT012145-45,1790904600,255,0.71,0.72,4149.83,1483.78,4149.83,1483.78,7378.73,7229.53,10202.53,14155.99
2026-10-02T01:34:15Z,kalshi,ETH,KXETH15M-26OCT012145-45,1790904600,255,0.81,0.82,0.42,378.02,0.42,378.02,42.02,1010.54,1418.06,2715.74
2026-10-02T01:34:15Z,kalshi,SOL,KXSOL15M-26OCT012145-45,1790904600,255,0.67,0.69,284.87,6.9,284.87,6.9,536.44,374.4,1353.18,1193.28
2026-10-02T01:34:15Z,kalshi,XRP,KXXRP15M-26OCT012145-45,1790904600,255,0.76,0.77,3.04,28.68,3.04,28.68,55.73,464.31,714.81,647.77
2026-10-02T01:35:15Z,polymarket,BTC,btc-updown-15m-1790904600,1790904600,315,0.37,0.38,123.88,146.31,123.88,146.31,284.44,268.46,3519.46,784.49
2026-10-02T01:35:15Z,polymarket,ETH,eth-updown-15m-1790904600,1790904600,315,0.46,0.47,2.3,65.07,2.3,65.07,37.4,89.55,308.24,342.15
2026-10-02T01:35:15Z,polymarket,SOL,sol-updown-15m-1790904600,1790904600,315,0.27,0.28,11.7,2.24,11.7,2.24,24.18,4.56,90.65,314.69
2026-10-02T01:35:15Z,polymarket,XRP,xrp-updown-15m-1790904600,1790904600,315,0.37,0.38,7.4,6.84,7.4,6.84,19.28,13.86,162.43,80.12
2026-10-02T01:35:15Z,kalshi,BTC,KXBTC15M-26OCT012145-45,1790904600,315,0.38,0.39,1120.02,1205.27,1120.02,1205.27,3480.18,3591.62,6081.3,6326.52
2026-10-02T01:35:15Z,kalshi,ETH,KXETH15M-26OCT012145-45,1790904600,315,0.47,0.48,7.05,40.77,7.05,40.77,58.11,399.94,908.46,1371.83
2026-10-02T01:35:15Z,kalshi,SOL,KXSOL15M-26OCT012145-45,1790904600,315,0.26,0.27,11.1,89.89,11.1,89.89,27.6,231.57,328.8,557.35
2026-10-02T01:35:15Z,kalshi,XRP,KXXRP15M-26OCT012145-45,1790904600,315,0.38,0.39,8.74,1.95,8.74,1.95,37.23,172.74,332.3,386.8
2026-10-02T01:36:15Z,polymarket,BTC,btc-updown-15m-1790904600,1790904600,375,0.49,0.5,127.89,54.29,127.89,54.29,234.93,111.92,3990.68,597.69
2026-10-02T01:36:15Z,polymarket,ETH,eth-updown-15m-1790904600,1790904600,375,0.57,0.58,31.35,59.56,31.35,59.56,59.91,167.53,241.24,1129.44
2026-10-02T01:36:15Z,polymarket,SOL,sol-updown-15m-1790904600,1790904600,375,0.41,0.43,27.06,3.44,27.06,3.44,32.26,25.25,88.38,329.85
2026-10-02T01:36:15Z,polymarket,XRP,xrp-updown-15m-1790904600,1790904600,375,0.3,0.31,3.6,21.25,3.6,21.25,9.4,47.49,130.46,220.82
2026-10-02T01:36:15Z,kalshi,BTC,KXBTC15M-26OCT012145-45,1790904600,375,0.5,0.51,1796.38,2974.95,1796.38,2974.95,2970.5,5145.27,7106.01,8227.55
2026-10-02T01:36:15Z,kalshi,ETH,KXETH15M-26OCT012145-45,1790904600,375,0.56,0.57,8.41,425.79,8.41,425.79,123.91,759.29,803.26,1970.24
2026-10-02T01:36:15Z,kalshi,SOL,KXSOL15M-26OCT012145-45,1790904600,375,0.42,0.43,0.42,234.56,0.42,234.56,2.47,401.76,294.13,921.87
2026-10-02T01:36:15Z,kalshi,XRP,KXXRP15M-26OCT012145-45,1790904600,375,0.29,0.3,134.05,85.37,134.05,85.37,164.01,107.46,404.54,351.66
2026-10-02T01:37:15Z,polymarket,BTC,btc-updown-15m-1790904600,1790904600,435,0.63,0.64,320.22,28.8,320.22,28.8,1503.8,113.12,9307.58,723.13
2026-10-02T01:37:15Z,polymarket,ETH,eth-updown-15m-1790904600,1790904600,435,0.62,0.63,34.1,28.35,34.1,28.35,89.75,124.87,306.75,1406.43
2026-10-02T01:37:15Z,polymarket,SOL,sol-updown-15m-1790904600,1790904600,435,0.54,0.55,4.32,18.72,4.32,18.72,40.36,29.92,83.4,684.98
2026-10-02T01:37:15Z,polymarket,XRP,xrp-updown-15m-1790904600,1790904600,435,0.37,0.39,6.66,14.04,6.66,14.04,36.54,45.24,140.3,333.51
2026-10-02T01:37:15Z,kalshi,BTC,KXBTC15M-26OCT012145-45,1790904600,435,0.65,0.66,2974.7,525.35,2974.7,525.35,5857.45,4848.29,8895.44,10636.15
2026-10-02T01:37:15Z,kalshi,ETH,KXETH15M-26OCT012145-45,1790904600,435,0.6,0.61,4.8,26.23,4.8,26.23,346.41,390.17,1426.69,1653.77
2026-10-02T01:37:15Z,kalshi,SOL,KXSOL15M-26OCT012145-45,1790904600,435,0.51,0.52,7.65,91.07,7.65,91.07,201.65,308.9,791.77,962.0
2026-10-02T01:37:15Z,kalshi,XRP,KXXRP15M-26OCT012145-45,1790904600,435,0.37,0.38,7.4,142.2,7.4,142.2,16.4,169.16,308.28,218.29
2026-10-02T01:38:15Z,polymarket,BTC,btc-updown-15m-1790904600,1790904600,495,0.61,0.62,350.91,36.06,350.91,36.06,436.79,172.59,8437.64,1147.08
2026-10-02T01:38:15Z,polymarket,ETH,eth-updown-15m-1790904600,1790904600,495,0.61,0.62,33.55,63.61,33.55,63.61,57.55,155.47,256.65,1088.82
2026-10-02T01:38:15Z,polymarket,SOL,sol-updown-15m-1790904600,1790904600,495,0.42,0.44,11.76,3.52,11.76,3.52,11.76,12.52,78.34,187.94
2026-10-02T01:38:15Z,polymarket,XRP,xrp-updown-15m-1790904600,1790904600,495,0.22,0.23,2.2,4.14,2.2,4.14,9.13,8.46,237.39,60.63
2026-10-02T01:38:15Z,kalshi,BTC,KXBTC15M-26OCT012145-45,1790904600,495,0.62,0.63,3716.6,1057.58,3716.6,1057.58,6641.85,4206.96,9747.54,8727.38
2026-10-02T01:38:15Z,kalshi,ETH,KXETH15M-26OCT012145-45,1790904600,495,0.59,0.6,5.31,14.87,5.31,14.87,439.33,95.39,1574.18,1370.99
2026-10-02T01:38:15Z,kalshi,SOL,KXSOL15M-26OCT012145-45,1790904600,495,0.4,0.41,155.92,4.1,155.92,4.1,300.48,12.5,769.22,502.55
2026-10-02T01:38:15Z,kalshi,XRP,KXXRP15M-26OCT012145-45,1790904600,495,0.24,0.25,6.72,3.75,6.72,3.75,191.7,11.88,299.93,250.55
2026-10-02T01:39:15Z,polymarket,BTC,btc-updown-15m-1790904600,1790904600,555,0.59,0.6,35.85,158.88,35.85,158.88,136.58,223.83,3134.73,2657.76
2026-10-02T01:39:15Z,polymarket,ETH,eth-updown-15m-1790904600,1790904600,555,0.59,0.6,43.14,27.0,43.14,27.0,88.52,127.65,500.32,410.18
2026-10-02T01:39:15Z,polymarket,SOL,sol-updown-15m-1790904600,1790904600,555,0.49,0.5,4.9,27.79,4.9,27.79,8.74,31.87,26.1,122.73
2026-10-02T01:39:15Z,polymarket,XRP,xrp-updown-15m-1790904600,1790904600,555,0.17,0.18,3.4,3.24,3.4,3.24,7.4,9.32,179.71,27.45
2026-10-02T01:39:15Z,kalshi,BTC,KXBTC15M-26OCT012145-45,1790904600,555,0.59,0.6,2657.89,608.88,2657.89,608.88,5978.83,4248.55,9345.07,10248.71
2026-10-02T01:39:15Z,kalshi,ETH,KXETH15M-26OCT012145-45,1790904600,555,0.59,0.6,317.93,18.6,317.93,18.6,617.21,89.36,1724.71,1015.54
2026-10-02T01:39:15Z,kalshi,SOL,KXSOL15M-26OCT012145-45,1790904600,555,0.47,0.48,176.54,4.8,176.54,4.8,350.86,7.74,889.59,660.15
2026-10-02T01:39:15Z,kalshi,XRP,KXXRP15M-26OCT012145-45,1790904600,555,0.19,0.2,2.32,80.55,2.32,80.55,7.18,93.77,211.7,239.06
2026-10-02T01:40:15Z,polymarket,BTC,btc-updown-15m-1790904600,1790904600,615,0.46,0.47,214.49,7.05,214.49,7.05,283.55,18.89,3132.94,2407.71
2026-10-02T01:40:15Z,polymarket,ETH,eth-updown-15m-1790904600,1790904600,615,0.6,0.61,30.0,62.62,30.0,62.62,53.6,171.12,119.39,580.05
2026-10-02T01:40:15Z,polymarket,SOL,sol-updown-15m-1790904600,1790904600,615,0.23,0.25,99.13,2.0,99.13,2.0,125.09,4.08,234.47,43.95
2026-10-02T01:40:15Z,polymarket,XRP,xrp-updown-15m-1790904600,1790904600,615,0.08,0.1,6.96,1.8,6.96,1.8,17.67,5.32,35.33,35.27
2026-10-02T01:40:15Z,kalshi,BTC,KXBTC15M-26OCT012145-45,1790904600,615,0.46,0.47,2745.74,1575.97,2745.74,1575.97,4418.94,3363.51,6555.71,6494.71
2026-10-02T01:40:15Z,kalshi,ETH,KXETH15M-26OCT012145-45,1790904600,615,0.59,0.61,335.12,19.47,335.12,19.47,781.55,80.23,1764.51,1346.56
2026-10-02T01:40:15Z,kalshi,SOL,KXSOL15M-26OCT012145-45,1790904600,615,0.26,0.27,6.23,1.35,6.23,1.35,98.08,6.76,390.07,374.85
2026-10-02T01:40:15Z,kalshi,XRP,KXXRP15M-26OCT012145-45,1790904600,615,0.11,0.12,0.66,6.39,0.66,6.39,12.02,65.95,203.95,132.33
2026-10-02T01:41:15Z,polymarket,BTC,btc-updown-15m-1790904600,1790904600,675,0.45,0.46,18.97,95.68,18.97,95.68,83.75,141.74,2823.4,632.24
2026-10-02T01:41:15Z,polymarket,ETH,eth-updown-15m-1790904600,1790904600,675,0.62,0.63,46.5,43.89,46.5,43.89,110.98,149.49,574.63,443.39
2026-10-02T01:41:15Z,polymarket,SOL,sol-updown-15m-1790904600,1790904600,675,0.19,0.2,20.92,2.4,20.92,2.4,26.32,11.55,58.19,118.57
2026-10-02T01:41:15Z,polymarket,XRP,xrp-updown-15m-1790904600,1790904600,675,0.04,0.05,1.8,0.4,1.8,0.4,5.32,1.6,15.16,37.62
2026-10-02T01:41:15Z,kalshi,BTC,KXBTC15M-26OCT012145-45,1790904600,675,0.46,0.47,1731.15,262.95,1731.15,262.95,2458.32,2736.39,3955.47,6324.37
2026-10-02T01:41:15Z,kalshi,ETH,KXETH15M-26OCT012145-45,1790904600,675,0.63,0.64,320.67,10.24,320.67,10.24,642.45,167.54,1770.97,1387.74
2026-10-02T01:41:15Z,kalshi,SOL,KXSOL15M-26OCT012145-45,1790904600,675,0.17,0.19,8.5,1.9,8.5,1.9,97.02,78.31,271.66,271.15
2026-10-02T01:41:15Z,kalshi,XRP,KXXRP15M-26OCT012145-45,1790904600,675,0.049,0.055,2.01,0.77,3.21,11.7,21.55,70.7,371.74,112.75
2026-10-02T01:42:15Z,polymarket,BTC,btc-updown-15m-1790904600,1790904600,735,0.49,0.55,1854.59,8.25,0,0,0,0,3768.51,30.85
2026-10-02T01:42:15Z,polymarket,ETH,eth-updown-15m-1790904600,1790904600,735,0.69,0.72,62.1,14.4,0,0,62.1,14.4,1199.52,123.54
2026-10-02T01:42:15Z,polymarket,SOL,sol-updown-15m-1790904600,1790904600,735,0.13,0.14,1.72,6.1,1.72,6.1,1.72,8.05,58.22,25.29
2026-10-02T01:42:15Z,polymarket,XRP,xrp-updown-15m-1790904600,1790904600,735,0.02,0.03,0.12,1.5,0.12,1.5,0.77,1.82,0.77,142.65
2026-10-02T01:42:15Z,kalshi,BTC,KXBTC15M-26OCT012145-45,1790904600,735,0.54,0.55,1530.53,1724.81,1530.53,1724.81,3457.22,2536.2,4914.13,4498.44
2026-10-02T01:42:15Z,kalshi,ETH,KXETH15M-26OCT012145-45,1790904600,735,0.72,0.73,170.64,14.6,170.64,14.6,666.22,392.0,1764.35,1889.03
2026-10-02T01:42:15Z,kalshi,SOL,KXSOL15M-26OCT012145-45,1790904600,735,0.13,0.14,22.36,0.7,22.36,0.7,71.32,57.25,144.82,297.8
2026-10-02T01:42:15Z,kalshi,XRP,KXXRP15M-26OCT012145-45,1790904600,735,0.022,0.029,6.67,26.59,17.01,65.53,59.59,76.67,202.66,178.17
2026-10-02T01:43:15Z,polymarket,BTC,btc-updown-15m-1790904600,1790904600,795,0.14,0.15,21.14,19.39,21.14,19.39,35.07,20.99,813.81,1393.57
2026-10-02T01:43:15Z,polymarket,ETH,eth-updown-15m-1790904600,1790904600,795,0.5,0.51,80.36,13.26,80.36,13.26,161.2,13.26,802.28,203.45
2026-10-02T01:43:15Z,kalshi,BTC,KXBTC15M-26OCT012145-45,1790904600,795,0.14,0.15,362.94,1059.44,362.94,1059.44,941.42,1619.14,2144.29,2798.45
2026-10-02T01:43:15Z,kalshi,ETH,KXETH15M-26OCT012145-45,1790904600,795,0.51,0.52,198.6,7.8,198.6,7.8,449.6,24.9,1210.74,376.83
2026-10-02T01:43:15Z,kalshi,SOL,KXSOL15M-26OCT012145-45,1790904600,795,0.011,0.013,3.97,0.04,77.42,33.63,128.98,52.69,128.98,173.2
2026-10-02T01:43:15Z,kalshi,XRP,KXXRP15M-26OCT012145-45,1790904600,795,0.004,0.005,0.1,0.64,15.86,4.68,15.86,27.02,15.86,122.66
2026-10-02T01:44:15Z,polymarket,BTC,btc-updown-15m-1790904600,1790904600,855,0.01,0.02,2.24,14.48,2.24,14.48,2.24,40.71,2.24,53.04
2026-10-02T01:44:15Z,polymarket,ETH,eth-updown-15m-1790904600,1790904600,855,0.56,0.59,7.92,33.04,0,0,7.92,33.04,79.02,33.04
2026-10-02T01:44:15Z,polymarket,SOL,sol-updown-15m-1790904600,1790904600,855,0.001,0.007,0.01,0.71,0.01,1.61,0.01,2.15,0.01,11.33
2026-10-02T01:44:15Z,kalshi,BTC,KXBTC15M-26OCT012145-45,1790904600,855,0.004,0.005,30.41,5.39,341.76,219.94,341.76,464.0,341.76,965.11
2026-10-02T01:44:15Z,kalshi,ETH,KXETH15M-26OCT012145-45,1790904600,855,0.74,0.76,540.2,13.68,540.2,13.68,897.54,406.38,1992.06,1319.1
2026-10-02T01:44:15Z,kalshi,SOL,KXSOL15M-26OCT012145-45,1790904600,855,0.002,0.004,0.28,0.08,0.88,6.56,0.88,15.62,0.88,54.18
2026-10-02T01:45:15Z,polymarket,BTC,btc-updown-15m-1790905500,1790905500,15,0.58,0.59,182.1,79.65,182.1,79.65,255.55,316.65,9398.27,1949.57
2026-10-02T01:45:15Z,polymarket,ETH,eth-updown-15m-1790905500,1790905500,15,0.58,0.59,78.44,2.95,78.44,2.95,153.11,7.1,368.19,671.44
2026-10-02T01:45:15Z,polymarket,SOL,sol-updown-15m-1790905500,1790905500,15,0.61,0.62,4.88,3.72,4.88,3.72,25.17,21.36,94.04,186.47
2026-10-02T01:45:15Z,polymarket,XRP,xrp-updown-15m-1790905500,1790905500,15,0.58,0.6,15.08,8.42,15.08,8.42,67.52,49.9,173.3,272.6
2026-10-02T01:45:15Z,kalshi,BTC,KXBTC15M-26OCT012200-00,1790905500,15,0.59,0.6,5084.59,2327.81,5084.59,2327.81,8652.17,3304.73,11246.07,11325.37
2026-10-02T01:45:15Z,kalshi,XRP,KXXRP15M-26OCT012200-00,1790905500,15,0.61,0.62,14.61,331.86,14.61,331.86,14.61,523.38,148.94,828.75
2026-10-02T01:46:15Z,polymarket,BTC,btc-updown-15m-1790905500,1790905500,75,0.55,0.56,188.69,50.4,188.69,50.4,281.3,325.71,6215.71,1898.87
2026-10-02T01:46:15Z,polymarket,ETH,eth-updown-15m-1790905500,1790905500,75,0.57,0.58,3.42,43.82,3.42,43.82,51.58,459.77,272.79,1614.86
2026-10-02T01:46:15Z,polymarket,SOL,sol-updown-15m-1790905500,1790905500,75,0.56,0.58,22.4,4.64,22.4,4.64,70.25,13.49,191.53,784.58
2026-10-02T01:46:15Z,polymarket,XRP,xrp-updown-15m-1790905500,1790905500,75,0.59,0.61,13.57,5.57,13.57,5.57,28.65,46.49,684.81,439.66
2026-10-02T01:46:15Z,kalshi,BTC,KXBTC15M-26OCT012200-00,1790905500,75,0.56,0.57,1396.02,2555.32,1396.02,2555.32,4249.85,4369.79,6439.23,11476.27
2026-10-02T01:46:15Z,kalshi,ETH,KXETH15M-26OCT012200-00,1790905500,75,0.54,0.55,16.2,22.0,16.2,22.0,129.09,445.36,971.05,1467.44
2026-10-02T01:46:15Z,kalshi,SOL,KXSOL15M-26OCT012200-00,1790905500,75,0.55,0.57,219.27,5.7,219.27,5.7,428.79,327.6,1059.39,1129.74
2026-10-02T01:46:15Z,kalshi,XRP,KXXRP15M-26OCT012200-00,1790905500,75,0.6,0.61,273.75,28.32,273.75,28.32,295.1,285.78,760.19,626.18
2026-10-02T01:47:15Z,polymarket,BTC,btc-updown-15m-1790905500,1790905500,135,0.77,0.78,113.96,2233.38,113.96,2233.38,263.68,3079.47,673.01,13134.47
2026-10-02T01:47:15Z,polymarket,ETH,eth-updown-15m-1790905500,1790905500,135,0.68,0.69,17.0,371.65,17.0,371.65,105.44,476.82,487.33,1817.7
2026-10-02T01:47:15Z,polymarket,SOL,sol-updown-15m-1790905500,1790905500,135,0.67,0.68,58.38,3.4,58.38,3.4,86.76,8.92,457.87,83.89
2026-10-02T01:47:15Z,polymarket,XRP,xrp-updown-15m-1790905500,1790905500,135,0.67,0.68,270.83,3.4,270.83,3.4,287.99,15.82,1072.31,232.75
2026-10-02T01:47:15Z,kalshi,BTC,KXBTC15M-26OCT012200-00,1790905500,135,0.74,0.75,5185.79,1115.7,5185.79,1115.7,9113.65,6891.41,13144.76,12803.05
2026-10-02T01:47:15Z,kalshi,ETH,KXETH15M-26OCT012200-00,1790905500,135,0.65,0.66,23.72,74.58,23.72,74.58,84.74,541.57,1256.09,1788.22
2026-10-02T01:47:15Z,kalshi,SOL,KXSOL15M-26OCT012200-00,1790905500,135,0.67,0.69,255.27,7.59,255.27,7.59,496.84,134.99,1283.44,924.2
2026-10-02T01:47:15Z,kalshi,XRP,KXXRP15M-26OCT012200-00,1790905500,135,0.69,0.7,317.57,15.39,317.57,15.39,682.59,26.16,1000.59,609.27
