ts,platform,asset,market,window_start,secs_into_window,best_bid,best_ask,bid_usd,ask_usd,bid_1c_usd,ask_1c_usd,bid_2c_usd,ask_2c_usd,bid_5c_usd,ask_5c_usd
2026-10-10T00:00:26Z,polymarket,BTC,btc-updown-15m-1791590400,1791590400,26,0.41,0.42,152.87,157.23,152.87,157.23,442.47,222.59,6206.37,730.01
2026-10-10T00:00:26Z,polymarket,ETH,eth-updown-15m-1791590400,1791590400,26,0.49,0.5,4.41,94.41,4.41,94.41,4.41,189.27,34.37,797.17
2026-10-10T00:00:26Z,polymarket,SOL,sol-updown-15m-1791590400,1791590400,26,0.48,0.49,2.88,9.8,2.88,9.8,2.88,48.87,32.57,714.61
2026-10-10T00:00:26Z,polymarket,XRP,xrp-updown-15m-1791590400,1791590400,26,0.47,0.52,2.35,8.02,0,0,0,0,26.99,10.72
2026-10-10T00:00:26Z,kalshi,BTC,KXBTC15M-26OCT092015-15,1791590400,26,0.43,0.44,5126.51,1048.49,5126.51,1048.49,5812.54,2428.44,6705.09,3527.76
2026-10-10T00:00:26Z,kalshi,SOL,KXSOL15M-26OCT092015-15,1791590400,26,0.46,0.48,173.88,168.48,173.88,168.48,335.88,363.99,961.59,924.69
2026-10-10T00:00:54Z,polymarket,BTC,btc-updown-15m-1791590400,1791590400,54,0.41,0.42,363.81,309.23,363.81,309.23,1466.61,482.95,5148.15,764.34
2026-10-10T00:00:54Z,polymarket,ETH,eth-updown-15m-1791590400,1791590400,54,0.49,0.5,4.41,161.91,4.41,161.91,4.41,417.93,4.41,1304.36
2026-10-10T00:00:54Z,polymarket,SOL,sol-updown-15m-1791590400,1791590400,54,0.39,0.4,1.95,28.74,1.95,28.74,1.95,61.95,12.6,170.0
2026-10-10T00:00:54Z,polymarket,XRP,xrp-updown-15m-1791590400,1791590400,54,0.44,0.48,31.71,3.36,0,0,31.71,3.36,278.45,77.48
2026-10-10T00:00:54Z,kalshi,BTC,KXBTC15M-26OCT092015-15,1791590400,54,0.44,0.45,1101.04,1880.34,1101.04,1880.34,3716.78,3824.36,4991.34,4801.42
2026-10-10T00:00:54Z,kalshi,ETH,KXETH15M-26OCT092015-15,1791590400,54,0.46,0.47,1.84,114.72,1.84,114.72,231.51,139.68,1016.96,987.99
2026-10-10T00:00:54Z,kalshi,SOL,KXSOL15M-26OCT092015-15,1791590400,54,0.36,0.38,16.2,258.92,16.2,258.92,146.05,399.32,628.57,867.33
2026-10-10T00:00:54Z,kalshi,XRP,KXXRP15M-26OCT092015-15,1791590400,54,0.48,0.49,178.17,5.88,178.17,5.88,216.24,7.88,395.98,466.85
2026-10-10T00:01:54Z,polymarket,BTC,btc-updown-15m-1791590400,1791590400,114,0.37,0.38,31.45,439.11,31.45,439.11,71.5,510.48,173.92,3915.92
2026-10-10T00:01:54Z,polymarket,ETH,eth-updown-15m-1791590400,1791590400,114,0.42,0.43,6.49,38.7,6.49,38.7,261.51,65.1,920.37,289.24
2026-10-10T00:01:54Z,polymarket,SOL,sol-updown-15m-1791590400,1791590400,114,0.26,0.27,1.82,19.79,1.82,19.79,7.57,34.35,41.02,385.32
2026-10-10T00:01:54Z,polymarket,XRP,xrp-updown-15m-1791590400,1791590400,114,0.76,0.77,51.22,105.49,51.22,105.49,105.22,132.79,221.22,1794.27
2026-10-10T00:01:54Z,kalshi,BTC,KXBTC15M-26OCT092015-15,1791590400,114,0.36,0.37,1271.05,1050.07,1271.05,1050.07,1595.15,1799.45,2968.11,3371.13
2026-10-10T00:01:54Z,kalshi,ETH,KXETH15M-26OCT092015-15,1791590400,114,0.45,0.47,241.07,248.77,241.07,248.77,528.39,526.79,1331.04,1423.04
2026-10-10T00:01:54Z,kalshi,SOL,KXSOL15M-26OCT092015-15,1791590400,114,0.25,0.26,103.23,79.42,103.23,79.42,108.03,174.19,410.25,513.41
2026-10-10T00:01:54Z,kalshi,XRP,KXXRP15M-26OCT092015-15,1791590400,114,0.74,0.76,187.52,312.03,187.52,312.03,196.2,1128.23,751.79,1207.3
2026-10-10T00:02:54Z,polymarket,BTC,btc-updown-15m-1791590400,1791590400,174,0.37,0.38,259.69,15.58,259.69,15.58,306.85,129.46,1223.23,3574.52
2026-10-10T00:02:54Z,polymarket,ETH,eth-updown-15m-1791590400,1791590400,174,0.58,0.59,62.37,23.6,62.37,23.6,109.53,159.96,678.35,595.63
2026-10-10T00:02:54Z,polymarket,SOL,sol-updown-15m-1791590400,1791590400,174,0.26,0.27,5.2,4.86,5.2,4.86,7.2,8.5,201.31,50.03
2026-10-10T00:02:54Z,polymarket,XRP,xrp-updown-15m-1791590400,1791590400,174,0.77,0.78,47.82,12.48,47.82,12.48,117.74,29.07,249.35,623.62
2026-10-10T00:02:54Z,kalshi,BTC,KXBTC15M-26OCT092015-15,1791590400,174,0.37,0.38,1126.18,2268.72,1126.18,2268.72,1374.66,2714.17,2274.87,3788.71
2026-10-10T00:02:54Z,kalshi,ETH,KXETH15M-26OCT092015-15,1791590400,174,0.58,0.59,335.49,96.76,335.49,96.76,621.63,175.96,1501.23,893.65
2026-10-10T00:02:54Z,kalshi,SOL,KXSOL15M-26OCT092015-15,1791590400,174,0.28,0.29,1.96,5.8,1.96,5.8,193.66,12.1,493.31,644.44
2026-10-10T00:02:54Z,kalshi,XRP,KXXRP15M-26OCT092015-15,1791590400,174,0.74,0.75,239.36,1.5,239.36,1.5,295.57,3.77,595.51,705.89
2026-10-10T00:03:54Z,polymarket,BTC,btc-updown-15m-1791590400,1791590400,234,0.42,0.43,65.1,167.43,65.1,167.43,1010.97,459.15,2359.91,922.32
2026-10-10T00:03:54Z,polymarket,ETH,eth-updown-15m-1791590400,1791590400,234,0.69,0.7,541.28,46.2,541.28,46.2,927.52,178.26,1578.44,524.05
2026-10-10T00:03:54Z,polymarket,SOL,sol-updown-15m-1791590400,1791590400,234,0.24,0.26,25.56,2.08,25.56,2.08,33.15,13.42,62.84,47.84
2026-10-10T00:03:54Z,polymarket,XRP,xrp-updown-15m-1791590400,1791590400,234,0.78,0.81,73.28,21.87,0,0,73.28,21.87,203.2,664.93
2026-10-10T00:03:54Z,kalshi,BTC,KXBTC15M-26OCT092015-15,1791590400,234,0.45,0.46,1225.81,1932.89,1225.81,1932.89,2009.15,3157.91,3095.02,5836.77
2026-10-10T00:03:54Z,kalshi,ETH,KXETH15M-26OCT092015-15,1791590400,234,0.73,0.74,464.1,35.1,464.1,35.1,814.51,92.92,2064.97,1011.79
2026-10-10T00:03:54Z,kalshi,SOL,KXSOL15M-26OCT092015-15,1791590400,234,0.28,0.3,91.94,21.9,91.94,21.9,197.24,135.67,474.34,626.92
2026-10-10T00:03:54Z,kalshi,XRP,KXXRP15M-26OCT092015-15,1791590400,234,0.78,0.79,5.54,5.81,5.54,5.81,215.84,318.95,838.61,740.11
2026-10-10T00:04:54Z,polymarket,BTC,btc-updown-15m-1791590400,1791590400,294,0.32,0.33,112.08,117.14,112.08,117.14,138.43,241.92,4945.87,862.32
2026-10-10T00:04:54Z,polymarket,ETH,eth-updown-15m-1791590400,1791590400,294,0.28,0.29,5.8,40.23,5.8,40.23,13.9,83.9,148.63,326.94
2026-10-10T00:04:54Z,polymarket,SOL,sol-updown-15m-1791590400,1791590400,294,0.09,0.11,3.79,5.61,3.79,5.61,8.71,11.13,45.76,84.08
2026-10-10T00:04:54Z,polymarket,XRP,xrp-updown-15m-1791590400,1791590400,294,0.51,0.54,4.59,9.72,0,0,4.59,9.72,153.0,68.97
2026-10-10T00:04:54Z,kalshi,BTC,KXBTC15M-26OCT092015-15,1791590400,294,0.34,0.35,1104.46,235.44,1104.46,235.44,1349.93,442.8,6368.23,1504.38
2026-10-10T00:04:54Z,kalshi,ETH,KXETH15M-26OCT092015-15,1791590400,294,0.29,0.3,36.25,98.74,36.25,98.74,105.41,209.99,526.81,846.8
2026-10-10T00:04:54Z,kalshi,SOL,KXSOL15M-26OCT092015-15,1791590400,294,0.1,0.12,36.14,43.8,36.14,43.8,39.36,93.27,182.52,336.27
2026-10-10T00:04:54Z,kalshi,XRP,KXXRP15M-26OCT092015-15,1791590400,294,0.52,0.53,29.12,12.72,29.12,12.72,238.13,225.43,641.03,459.52
2026-10-10T00:05:54Z,polymarket,BTC,btc-updown-15m-1791590400,1791590400,354,0.3,0.31,96.98,135.6,96.98,135.6,120.18,390.32,3459.16,685.03
2026-10-10T00:05:54Z,polymarket,ETH,eth-updown-15m-1791590400,1791590400,354,0.17,0.18,22.14,4.53,22.14,4.53,57.02,31.13,404.15,136.2
2026-10-10T00:05:54Z,polymarket,SOL,sol-updown-15m-1791590400,1791590400,354,0.07,0.1,3.51,11.6,0,0,3.51,11.6,17.0,121.14
2026-10-10T00:05:54Z,polymarket,XRP,xrp-updown-15m-1791590400,1791590400,354,0.5,0.51,22.15,12.75,22.15,12.75,53.51,22.11,177.86,92.38
2026-10-10T00:05:54Z,kalshi,BTC,KXBTC15M-26OCT092015-15,1791590400,354,0.32,0.33,1126.49,1156.44,1126.49,1156.44,1525.22,1422.32,4558.37,2487.35
2026-10-10T00:05:54Z,kalshi,ETH,KXETH15M-26OCT092015-15,1791590400,354,0.2,0.21,14.25,31.5,14.25,31.5,116.47,103.08,450.32,569.69
2026-10-10T00:05:54Z,kalshi,SOL,KXSOL15M-26OCT092015-15,1791590400,354,0.087,0.093,2.35,1.86,14.95,49.7,15.1,125.92,424.19,231.96
2026-10-10T00:05:54Z,kalshi,XRP,KXXRP15M-26OCT092015-15,1791590400,354,0.52,0.53,0.14,29.15,0.14,29.15,7.37,132.82,266.99,415.63
2026-10-10T00:06:54Z,polymarket,BTC,btc-updown-15m-1791590400,1791590400,414,0.26,0.27,72.35,280.27,72.35,280.27,73.6,319.47,3143.74,485.6
2026-10-10T00:06:54Z,polymarket,ETH,eth-updown-15m-1791590400,1791590400,414,0.13,0.14,10.06,8.99,10.06,8.99,42.58,16.93,284.51,104.68
2026-10-10T00:06:54Z,polymarket,SOL,sol-updown-15m-1791590400,1791590400,414,0.05,0.08,2.25,1.2,0,0,2.25,1.2,26.53,24.8
2026-10-10T00:06:54Z,polymarket,XRP,xrp-updown-15m-1791590400,1791590400,414,0.56,0.6,7.28,10.8,0,0,7.28,10.8,118.72,191.54
2026-10-10T00:06:54Z,kalshi,BTC,KXBTC15M-26OCT092015-15,1791590400,414,0.28,0.29,1152.84,1445.56,1152.84,1445.56,3009.9,3082.93,4143.73,4345.38
2026-10-10T00:06:54Z,kalshi,ETH,KXETH15M-26OCT092015-15,1791590400,414,0.15,0.17,30.15,106.82,30.15,106.82,121.16,220.94,418.49,543.79
2026-10-10T00:06:54Z,kalshi,SOL,KXSOL15M-26OCT092015-15,1791590400,414,0.07,0.079,0.07,1.26,0.69,2.6,32.91,5.28,259.27,142.83
2026-10-10T00:06:54Z,kalshi,XRP,KXXRP15M-26OCT092015-15,1791590400,414,0.57,0.58,2.85,24.81,2.85,24.81,15.17,63.06,416.69,383.35
2026-10-10T00:07:54Z,polymarket,BTC,btc-updown-15m-1791590400,1791590400,474,0.21,0.22,41.0,78.12,41.0,78.12,60.0,157.24,1441.87,650.75
2026-10-10T00:07:54Z,polymarket,ETH,eth-updown-15m-1791590400,1791590400,474,0.2,0.21,14.8,10.97,14.8,10.97,55.65,26.37,250.69,113.32
2026-10-10T00:07:54Z,polymarket,SOL,sol-updown-15m-1791590400,1791590400,474,0.07,0.1,3.8,5.96,0,0,3.8,5.96,51.63,55.8
2026-10-10T00:07:54Z,polymarket,XRP,xrp-updown-15m-1791590400,1791590400,474,0.68,0.72,6.12,23.76,0,0,6.12,23.76,178.22,338.83
2026-10-10T00:07:54Z,kalshi,BTC,KXBTC15M-26OCT092015-15,1791590400,474,0.22,0.23,1048.13,946.3,1048.13,946.3,1466.24,1984.78,2194.97,2462.54
2026-10-10T00:07:54Z,kalshi,ETH,KXETH15M-26OCT092015-15,1791590400,474,0.24,0.25,0.02,160.93,0.02,160.93,32.43,299.25,275.02,909.44
2026-10-10T00:07:54Z,kalshi,SOL,KXSOL15M-26OCT092015-15,1791590400,474,0.084,0.086,0.84,6.94,10.34,8.24,50.2,12.5,388.67,126.98
2026-10-10T00:07:54Z,kalshi,XRP,KXXRP15M-26OCT092015-15,1791590400,474,0.69,0.7,63.48,46.52,63.48,46.52,65.52,151.59,492.26,461.61
2026-10-10T00:08:54Z,polymarket,BTC,btc-updown-15m-1791590400,1791590400,534,0.37,0.38,9.25,142.37,9.25,142.37,872.17,160.85,1783.02,241.07
2026-10-10T00:08:54Z,polymarket,ETH,eth-updown-15m-1791590400,1791590400,534,0.24,0.25,34.44,6.55,34.44,6.55,43.64,19.55,393.39,158.06
2026-10-10T00:08:54Z,polymarket,SOL,sol-updown-15m-1791590400,1791590400,534,0.04,0.06,2.2,0.9,2.2,0.9,6.56,11.05,9.47,39.46
2026-10-10T00:08:54Z,polymarket,XRP,xrp-updown-15m-1791590400,1791590400,534,0.66,0.69,8.99,19.24,0,0,8.99,19.24,75.45,151.86
2026-10-10T00:08:54Z,kalshi,BTC,KXBTC15M-26OCT092015-15,1791590400,534,0.41,0.42,2288.04,941.42,2288.04,941.42,3257.66,1318.1,4752.76,3327.25
2026-10-10T00:08:54Z,kalshi,ETH,KXETH15M-26OCT092015-15,1791590400,534,0.26,0.27,9.1,36.57,9.1,36.57,152.35,46.35,567.12,581.35
2026-10-10T00:08:54Z,kalshi,SOL,KXSOL15M-26OCT092015-15,1791590400,534,0.067,0.074,1.01,1.26,1.88,4.15,5.93,65.59,220.51,236.22
2026-10-10T00:08:54Z,kalshi,XRP,KXXRP15M-26OCT092015-15,1791590400,534,0.65,0.66,10.4,1.32,10.4,1.32,60.76,4.0,329.71,409.38
2026-10-10T00:09:54Z,polymarket,BTC,btc-updown-15m-1791590400,1791590400,594,0.62,0.63,89.57,219.87,89.57,219.87,106.65,341.47,840.16,1304.93
2026-10-10T00:09:54Z,polymarket,ETH,eth-updown-15m-1791590400,1791590400,594,0.45,0.46,4.95,24.02,4.95,24.02,4.95,133.88,290.62,315.18
2026-10-10T00:09:54Z,polymarket,SOL,sol-updown-15m-1791590400,1791590400,594,0.31,0.37,11.16,14.43,0,0,0,0,31.05,33.3
2026-10-10T00:09:54Z,polymarket,XRP,xrp-updown-15m-1791590400,1791590400,594,0.97,0.98,22.53,4.9,22.53,4.9,43.89,159.34,632.66,159.34
2026-10-10T00:09:54Z,kalshi,BTC,KXBTC15M-26OCT092015-15,1791590400,594,0.59,0.6,1819.06,80.98,1819.06,80.98,2310.99,873.98,3240.72,1888.74
2026-10-10T00:09:54Z,kalshi,ETH,KXETH15M-26OCT092015-15,1791590400,594,0.45,0.46,237.75,45.54,237.75,45.54,457.75,161.63,1108.25,780.55
2026-10-10T00:09:54Z,kalshi,SOL,KXSOL15M-26OCT092015-15,1791590400,594,0.31,0.34,3.1,137.7,0,0,3.1,137.7,318.48,524.85
2026-10-10T00:09:54Z,kalshi,XRP,KXXRP15M-26OCT092015-15,1791590400,594,0.971,0.972,12.62,104.14,241.44,1293.59,428.55,6547.62,2013.8,74766.31
2026-10-10T00:10:54Z,polymarket,BTC,btc-updown-15m-1791590400,1791590400,654,0.61,0.62,146.96,185.97,146.96,185.97,156.56,189.12,5152.05,1448.95
2026-10-10T00:10:54Z,polymarket,ETH,eth-updown-15m-1791590400,1791590400,654,0.38,0.39,6.46,45.68,6.46,45.68,21.16,96.08,799.2,284.35
2026-10-10T00:10:54Z,polymarket,SOL,sol-updown-15m-1791590400,1791590400,654,0.17,0.21,2.55,26.21,0,0,2.55,26.21,25.86,217.84
2026-10-10T00:10:54Z,polymarket,XRP,xrp-updown-15m-1791590400,1791590400,654,0.98,0.99,7.1,57.58,7.1,57.58,30.27,57.58,723.39,57.58
2026-10-10T00:10:54Z,kalshi,BTC,KXBTC15M-26OCT092015-15,1791590400,654,0.63,0.64,2220.38,1433.98,2220.38,1433.98,3323.98,1879.88,4441.63,3172.91
2026-10-10T00:10:54Z,kalshi,ETH,KXETH15M-26OCT092015-15,1791590400,654,0.44,0.45,24.96,239.85,24.96,239.85,24.96,507.11,424.0,1288.24
2026-10-10T00:10:54Z,kalshi,SOL,KXSOL15M-26OCT092015-15,1791590400,654,0.18,0.19,5.0,84.59,5.0,84.59,5.0,156.59,195.99,397.44
2026-10-10T00:10:54Z,kalshi,XRP,KXXRP15M-26OCT092015-15,1791590400,654,0.977,0.979,3.91,94.96,378.67,1980.34,1235.93,51748.99,2296.58,73886.83
2026-10-10T00:11:54Z,polymarket,BTC,btc-updown-15m-1791590400,1791590400,714,0.62,0.63,122.98,262.86,122.98,262.86,126.03,426.06,3768.43,653.11
2026-10-10T00:11:54Z,polymarket,ETH,eth-updown-15m-1791590400,1791590400,714,0.31,0.32,89.48,10.09,89.48,10.09,110.48,11.74,138.08,30.57
2026-10-10T00:11:54Z,polymarket,SOL,sol-updown-15m-1791590400,1791590400,714,0.18,0.2,17.23,1.2,17.23,1.2,17.23,2.46,33.93,4.22
2026-10-10T00:11:54Z,kalshi,BTC,KXBTC15M-26OCT092015-15,1791590400,714,0.64,0.65,1853.11,46.03,1853.11,46.03,3491.11,46.03,5649.43,1425.96
2026-10-10T00:11:54Z,kalshi,ETH,KXETH15M-26OCT092015-15,1791590400,714,0.41,0.42,214.43,21.0,214.43,21.0,454.03,62.71,1024.03,594.58
2026-10-10T00:11:54Z,kalshi,SOL,KXSOL15M-26OCT092015-15,1791590400,714,0.17,0.2,1.7,103.4,0,0,1.7,103.4,189.92,347.97
2026-10-10T00:11:54Z,kalshi,XRP,KXXRP15M-26OCT092015-15,1791590400,714,0.991,0.994,204.76,171.96,428.04,43662.21,2181.62,43662.21,4164.03,43662.21
2026-10-10T00:12:54Z,polymarket,BTC,btc-updown-15m-1791590400,1791590400,774,0.72,0.73,215.52,10.95,215.52,10.95,782.8,19.83,1234.1,1235.75
2026-10-10T00:12:54Z,polymarket,ETH,eth-updown-15m-1791590400,1791590400,774,0.56,0.57,575.12,3.42,575.12,3.42,963.86,6.9,1452.62,87.3
2026-10-10T00:12:54Z,polymarket,SOL,sol-updown-15m-1791590400,1791590400,774,0.08,0.11,1.64,6.0,0,0,1.64,6.0,19.44,10.75
2026-10-10T00:12:54Z,polymarket,XRP,xrp-updown-15m-1791590400,1791590400,774,0.991,0.999,39.47,14.98,766.17,14.98,779.89,14.98,3787.23,14.98
2026-10-10T00:12:54Z,kalshi,BTC,KXBTC15M-26OCT092015-15,1791590400,774,0.76,0.77,959.66,33.13,959.66,33.13,1972.91,85.04,3088.57,933.4
2026-10-10T00:12:54Z,kalshi,ETH,KXETH15M-26OCT092015-15,1791590400,774,0.61,0.62,255.84,208.41,255.84,208.41,552.61,210.3,1452.29,1209.62
2026-10-10T00:12:54Z,kalshi,SOL,KXSOL15M-26OCT092015-15,1791590400,774,0.091,0.11,0.55,26.92,0.55,26.92,15.69,68.92,148.5,251.87
2026-10-10T00:12:54Z,kalshi,XRP,KXXRP15M-26OCT092015-15,1791590400,774,0.995,0.997,390.04,505.48,5910.69,6223.03,7380.11,6223.03,9627.93,6223.03
2026-10-10T00:13:54Z,polymarket,BTC,btc-updown-15m-1791590400,1791590400,834,0.81,0.82,48.6,3175.38,48.6,3175.38,48.6,3175.38,68.11,3208.53
2026-10-10T00:13:54Z,polymarket,SOL,sol-updown-15m-1791590400,1791590400,834,0.95,0.96,76.47,27.08,76.47,27.08,173.82,32.9,239.04,68.49
2026-10-10T00:13:54Z,polymarket,XRP,xrp-updown-15m-1791590400,1791590400,834,0.992,0.999,54.39,14.98,1292.41,14.98,1471.5,14.98,1487.79,14.98
2026-10-10T00:13:54Z,kalshi,BTC,KXBTC15M-26OCT092015-15,1791590400,834,0.89,0.9,0.02,0.02,0.02,23.51,423.48,454.15,2375.49,4383.94
2026-10-10T00:13:54Z,kalshi,ETH,KXETH15M-26OCT092015-15,1791590400,834,0.997,0.998,19.94,703.31,3601.33,3758.25,4454.84,3758.25,7821.08,3758.25
2026-10-10T00:13:54Z,kalshi,SOL,KXSOL15M-26OCT092015-15,1791590400,834,0.976,0.978,176.37,7.12,194.75,460.29,550.68,3684.65,1805.79,10639.36
2026-10-10T00:14:54Z,kalshi,BTC,KXBTC15M-26OCT092015-15,1791590400,894,0.993,0.995,4058.1,14664.03,12315.65,91036.1,14447.78,91036.1,20822.31,91036.1
2026-10-10T00:15:54Z,polymarket,BTC,btc-updown-15m-1791591300,1791591300,54,0.38,0.39,156.03,17.55,156.03,17.55,233.36,41.88,596.81,177.93
2026-10-10T00:15:54Z,polymarket,ETH,eth-updown-15m-1791591300,1791591300,54,0.53,0.54,26.5,32.3,26.5,32.3,62.9,84.55,121.7,394.56
2026-10-10T00:15:54Z,polymarket,SOL,sol-updown-15m-1791591300,1791591300,54,0.45,0.46,40.2,2.3,40.2,2.3,278.24,2.3,598.16,22.4
2026-10-10T00:15:54Z,polymarket,XRP,xrp-updown-15m-1791591300,1791591300,54,0.48,0.51,40.92,7.65,0,0,40.92,7.65,190.27,49.84
2026-10-10T00:15:54Z,kalshi,BTC,KXBTC15M-26OCT092030-30,1791591300,54,0.39,0.4,2185.04,45.69,2185.04,45.69,3054.48,4745.93,4467.45,5606.54
2026-10-10T00:15:54Z,kalshi,ETH,KXETH15M-26OCT092030-30,1791591300,54,0.51,0.52,342.84,1.2,342.84,1.2,608.84,2.79,1474.86,590.7
2026-10-10T00:15:54Z,kalshi,SOL,KXSOL15M-26OCT092030-30,1791591300,54,0.48,0.49,170.88,23.52,170.88,23.52,335.85,217.52,814.67,945.53
2026-10-10T00:15:54Z,kalshi,XRP,KXXRP15M-26OCT092030-30,1791591300,54,0.48,0.49,587.4,366.64,587.4,366.64,1044.1,391.14,1209.64,1105.41
2026-10-10T00:16:54Z,polymarket,BTC,btc-updown-15m-1791591300,1791591300,114,0.46,0.47,449.88,98.7,449.88,98.7,3411.33,125.1,5741.41,203.61
2026-10-10T00:16:54Z,polymarket,ETH,eth-updown-15m-1791591300,1791591300,114,0.73,0.74,98.57,39.22,98.57,39.22,130.97,39.22,482.05,1272.16
2026-10-10T00:16:54Z,polymarket,SOL,sol-updown-15m-1791591300,1791591300,114,0.56,0.58,5.6,38.92,5.6,38.92,5.6,51.31,79.47,483.27
2026-10-10T00:16:54Z,polymarket,XRP,xrp-updown-15m-1791591300,1791591300,114,0.71,0.72,54.58,17.28,54.58,17.28,72.08,31.88,165.88,546.57
2026-10-10T00:16:54Z,kalshi,BTC,KXBTC15M-26OCT092030-30,1791591300,114,0.49,0.5,2745.56,3506.23,2745.56,3506.23,3783.32,4030.51,4954.41,5588.95
2026-10-10T00:16:54Z,kalshi,ETH,KXETH15M-26OCT092030-30,1791591300,114,0.71,0.72,10.65,334.8,10.65,334.8,381.78,407.8,1771.22,1760.52
2026-10-10T00:16:54Z,kalshi,SOL,KXSOL15M-26OCT092030-30,1791591300,114,0.55,0.56,149.36,1.12,149.36,1.12,310.23,202.33,1043.93,871.14
2026-10-10T00:16:54Z,kalshi,XRP,KXXRP15M-26OCT092030-30,1791591300,114,0.69,0.7,972.27,76.01,972.27,76.01,999.25,76.01,1321.51,1092.95
2026-10-10T00:17:54Z,polymarket,BTC,btc-updown-15m-1791591300,1791591300,174,0.49,0.5,34.3,244.46,34.3,244.46,82.3,318.92,2896.43,1195.44
2026-10-10T00:17:54Z,polymarket,ETH,eth-updown-15m-1791591300,1791591300,174,0.72,0.73,104.26,18.98,104.26,18.98,217.86,46.64,453.31,1020.06
2026-10-10T00:17:54Z,polymarket,SOL,sol-updown-15m-1791591300,1791591300,174,0.47,0.48,4.7,4.8,4.7,4.8,13.25,4.8,59.61,93.54
2026-10-10T00:17:54Z,polymarket,XRP,xrp-updown-15m-1791591300,1791591300,174,0.62,0.65,3.1,6.5,0,0,3.1,6.5,52.21,28.4
2026-10-10T00:17:54Z,kalshi,BTC,KXBTC15M-26OCT092030-30,1791591300,174,0.49,0.5,2153.67,1.01,2153.67,1.01,2506.32,1181.66,3442.6,2255.03
2026-10-10T00:17:54Z,kalshi,ETH,KXETH15M-26OCT092030-30,1791591300,174,0.7,0.71,92.4,3.62,92.4,3.62,475.02,199.09,1392.89,1568.02
2026-10-10T00:17:54Z,kalshi,SOL,KXSOL15M-26OCT092030-30,1791591300,174,0.45,0.48,174.6,27.36,0,0,174.6,27.36,724.37,704.47
2026-10-10T00:17:54Z,kalshi,XRP,KXXRP15M-26OCT092030-30,1791591300,174,0.58,0.6,558.41,1.2,558.41,1.2,802.94,3.03,1053.72,1194.23
2026-10-10T00:18:54Z,polymarket,BTC,btc-updown-15m-1791591300,1791591300,234,0.3,0.31,650.79,71.92,650.79,71.92,1253.7,155.44,1802.98,435.09
2026-10-10T00:18:54Z,polymarket,ETH,eth-updown-15m-1791591300,1791591300,234,0.51,0.52,15.3,12.48,15.3,12.48,21.88,97.28,192.62,415.0
2026-10-10T00:18:54Z,polymarket,SOL,sol-updown-15m-1791591300,1791591300,234,0.27,0.28,15.87,2.24,15.87,2.24,22.11,15.0,59.52,64.83
2026-10-10T00:18:54Z,polymarket,XRP,xrp-updown-15m-1791591300,1791591300,234,0.58,0.6,5.9,16.8,5.9,16.8,42.38,233.35,110.57,527.52
2026-10-10T00:18:54Z,kalshi,BTC,KXBTC15M-26OCT092030-30,1791591300,234,0.34,0.35,200.07,1948.48,200.07,1948.48,662.43,2612.25,1650.52,3471.18
2026-10-10T00:18:54Z,kalshi,ETH,KXETH15M-26OCT092030-30,1791591300,234,0.51,0.52,88.44,12.01,88.44,12.01,360.26,309.77,1218.76,1204.98
2026-10-10T00:18:54Z,kalshi,SOL,KXSOL15M-26OCT092030-30,1791591300,234,0.26,0.27,96.2,5.01,96.2,5.01,183.31,7.81,436.52,272.67
2026-10-10T00:18:54Z,kalshi,XRP,KXXRP15M-26OCT092030-30,1791591300,234,0.54,0.56,10.8,4.48,10.8,4.48,56.91,214.48,323.64,606.44
2026-10-10T00:19:54Z,polymarket,BTC,btc-updown-15m-1791591300,1791591300,294,0.46,0.47,424.37,18.8,424.37,18.8,573.98,57.2,915.18,88.98
2026-10-10T00:19:54Z,polymarket,ETH,eth-updown-15m-1791591300,1791591300,294,0.81,0.82,167.79,33.71,167.79,33.71,267.79,38.69,509.0,1449.09
2026-10-10T00:19:54Z,polymarket,SOL,sol-updown-15m-1791591300,1791591300,294,0.68,0.69,61.01,6.9,61.01,6.9,73.07,28.18,399.21,142.73
2026-10-10T00:19:54Z,polymarket,XRP,xrp-updown-15m-1791591300,1791591300,294,0.88,0.89,4.4,65.48,4.4,65.48,8.75,119.48,96.66,619.12
2026-10-10T00:19:54Z,kalshi,BTC,KXBTC15M-26OCT092030-30,1791591300,294,0.52,0.53,487.61,935.63,487.61,935.63,747.2,1170.53,1694.81,2388.15
2026-10-10T00:19:54Z,kalshi,ETH,KXETH15M-26OCT092030-30,1791591300,294,0.79,0.8,121.03,37.01,121.03,37.01,599.17,66.17,1993.97,1545.7
2026-10-10T00:19:54Z,kalshi,SOL,KXSOL15M-26OCT092030-30,1791591300,294,0.7,0.71,245.76,261.99,245.76,261.99,246.45,549.99,508.45,1439.55
2026-10-10T00:19:54Z,kalshi,XRP,KXXRP15M-26OCT092030-30,1791591300,294,0.85,0.86,821.61,16.59,821.61,16.59,1160.95,34.86,1534.29,1510.3
2026-10-10T00:20:54Z,polymarket,BTC,btc-updown-15m-1791591300,1791591300,354,0.42,0.43,25.2,17.2,25.2,17.2,223.2,52.4,446.61,1761.28
2026-10-10T00:20:54Z,polymarket,ETH,eth-updown-15m-1791591300,1791591300,354,0.73,0.74,37.11,5.18,37.11,5.18,58.71,89.16,284.81,234.8
2026-10-10T00:20:54Z,polymarket,SOL,sol-updown-15m-1791591300,1791591300,354,0.65,0.66,5.2,24.02,5.2,24.02,16.72,48.81,37.56,173.76
2026-10-10T00:20:54Z,polymarket,XRP,xrp-updown-15m-1791591300,1791591300,354,0.82,0.85,60.45,51.0,0,0,60.45,51.0,264.63,142.37
2026-10-10T00:20:54Z,kalshi,BTC,KXBTC15M-26OCT092030-30,1791591300,354,0.39,0.4,1503.32,673.54,1503.32,673.54,2004.67,966.28,3082.77,2090.01
2026-10-10T00:20:54Z,kalshi,ETH,KXETH15M-26OCT092030-30,1791591300,354,0.71,0.73,571.78,88.33,571.78,88.33,999.46,556.01,2318.32,1825.5
2026-10-10T00:20:54Z,kalshi,SOL,KXSOL15M-26OCT092030-30,1791591300,354,0.63,0.65,10.08,97.5,10.08,97.5,220.51,349.62,952.69,1112.57
2026-10-10T00:20:54Z,kalshi,XRP,KXXRP15M-26OCT092030-30,1791591300,354,0.79,0.81,365.98,1.62,365.98,1.62,691.09,4.08,1209.94,1204.6
2026-10-10T00:21:54Z,polymarket,BTC,btc-updown-15m-1791591300,1791591300,414,0.44,0.45,187.77,21.5,187.77,21.5,237.65,58.3,2629.63,150.29
2026-10-10T00:21:54Z,polymarket,ETH,eth-updown-15m-1791591300,1791591300,414,0.84,0.85,101.19,5.1,101.19,5.1,113.64,42.94,1859.52,252.1
2026-10-10T00:21:54Z,polymarket,SOL,sol-updown-15m-1791591300,1791591300,414,0.82,0.83,70.95,7.47,70.95,7.47,79.05,30.15,188.3,175.53
2026-10-10T00:21:54Z,polymarket,XRP,xrp-updown-15m-1791591300,1791591300,414,0.93,0.96,135.78,54.03,0,0,135.78,54.03,361.94,1305.27
2026-10-10T00:21:54Z,kalshi,BTC,KXBTC15M-26OCT092030-30,1791591300,414,0.46,0.47,786.72,1465.49,786.72,1465.49,2043.99,1807.73,3316.48,3556.03
2026-10-10T00:21:54Z,kalshi,ETH,KXETH15M-26OCT092030-30,1791591300,414,0.85,0.86,152.15,0.86,152.15,0.86,687.23,192.03,2189.61,1931.38
2026-10-10T00:21:54Z,kalshi,SOL,KXSOL15M-26OCT092030-30,1791591300,414,0.79,0.8,468.1,4.63,468.1,4.63,742.95,4.63,1349.19,325.28
2026-10-10T00:21:54Z,kalshi,XRP,KXXRP15M-26OCT092030-30,1791591300,414,0.935,0.942,4.17,4.8,118.06,9.54,189.87,884.54,1725.68,12128.63
2026-10-10T00:22:54Z,polymarket,BTC,btc-updown-15m-1791591300,1791591300,474,0.38,0.39,74.86,164.84,74.86,164.84,104.46,421.38,149.59,2457.17
2026-10-10T00:22:54Z,polymarket,ETH,eth-updown-15m-1791591300,1791591300,474,0.82,0.83,32.8,18.26,32.8,18.26,45.76,35.06,450.61,1905.55
2026-10-10T00:22:54Z,polymarket,SOL,sol-updown-15m-1791591300,1791591300,474,0.77,0.78,7.7,53.66,7.7,53.66,13.78,71.83,105.67,1882.91
2026-10-10T00:22:54Z,polymarket,XRP,xrp-updown-15m-1791591300,1791591300,474,0.91,0.93,13.65,26.97,13.65,26.97,203.55,50.47,575.84,1211.29
2026-10-10T00:22:54Z,kalshi,BTC,KXBTC15M-26OCT092030-30,1791591300,474,0.36,0.37,1057.36,1444.7,1057.36,1444.7,1295.36,1796.2,2619.59,2639.59
2026-10-10T00:22:54Z,kalshi,ETH,KXETH15M-26OCT092030-30,1791591300,474,0.81,0.82,33.32,304.94,33.32,304.94,436.52,906.69,1710.29,3006.88
2026-10-10T00:22:54Z,kalshi,SOL,KXSOL15M-26OCT092030-30,1791591300,474,0.76,0.77,266.0,1547.7,266.0,1547.7,540.8,1673.23,1428.02,2518.98
2026-10-10T00:22:54Z,kalshi,XRP,KXXRP15M-26OCT092030-30,1791591300,474,0.914,0.917,8.32,1.01,90.26,72.09,144.26,798.49,927.89,6476.75
2026-10-10T00:23:54Z,polymarket,BTC,btc-updown-15m-1791591300,1791591300,534,0.34,0.35,217.92,74.6,217.92,74.6,906.18,125.36,2934.38,231.82
2026-10-10T00:23:54Z,polymarket,ETH,eth-updown-15m-1791591300,1791591300,534,0.8,0.81,97.94,0.22,97.94,0.22,97.94,32.99,1295.9,442.08
2026-10-10T00:23:54Z,polymarket,SOL,sol-updown-15m-1791591300,1791591300,534,0.79,0.81,55.87,36.77,55.87,36.77,70.69,55.63,155.68,641.31
2026-10-10T00:23:54Z,polymarket,XRP,xrp-updown-15m-1791591300,1791591300,534,0.94,0.96,18.8,138.24,18.8,138.24,37.4,286.0,219.72,426.3
2026-10-10T00:23:54Z,kalshi,BTC,KXBTC15M-26OCT092030-30,1791591300,534,0.37,0.38,2631.54,501.22,2631.54,501.22,2919.54,700.51,4716.83,1833.38
2026-10-10T00:23:54Z,kalshi,ETH,KXETH15M-26OCT092030-30,1791591300,534,0.84,0.85,40.16,797.48,40.16,797.48,40.99,1445.92,1888.1,3130.17
2026-10-10T00:23:54Z,kalshi,SOL,KXSOL15M-26OCT092030-30,1791591300,534,0.77,0.8,284.9,127.95,0,0,284.9,127.95,1238.56,1062.12
2026-10-10T00:23:54Z,kalshi,XRP,KXXRP15M-26OCT092030-30,1791591300,534,0.922,0.927,27.66,12.98,72.67,40.14,432.39,110.53,1358.09,6257.72
2026-10-10T00:24:54Z,polymarket,BTC,btc-updown-15m-1791591300,1791591300,594,0.31,0.32,94.81,152.66,94.81,152.66,164.11,206.45,1411.86,260.83
2026-10-10T00:24:54Z,polymarket,ETH,eth-updown-15m-1791591300,1791591300,594,0.84,0.85,30.8,136.0,30.8,136.0,39.1,245.99,1734.32,600.75
2026-10-10T00:24:54Z,polymarket,SOL,sol-updown-15m-1791591300,1791591300,594,0.6,0.63,4.2,5.04,0,0,4.2,5.04,27.02,74.06
2026-10-10T00:24:54Z,polymarket,XRP,xrp-updown-15m-1791591300,1791591300,594,0.94,0.96,18.8,84.48,18.8,84.48,37.4,581.12,178.92,745.03
2026-10-10T00:24:54Z,kalshi,BTC,KXBTC15M-26OCT092030-30,1791591300,594,0.33,0.34,786.54,1291.06,786.54,1291.06,963.5,1503.96,1480.37,2296.15
2026-10-10T00:24:54Z,kalshi,ETH,KXETH15M-26OCT092030-30,1791591300,594,0.85,0.87,8.18,14.79,8.18,14.79,512.18,478.86,2280.1,2126.51
2026-10-10T00:24:54Z,kalshi,SOL,KXSOL15M-26OCT092030-30,1791591300,594,0.62,0.63,227.59,18.9,227.59,18.9,447.8,31.7,1098.67,529.52
2026-10-10T00:24:54Z,kalshi,XRP,KXXRP15M-26OCT092030-30,1791591300,594,0.923,0.934,11.08,28.95,16.68,85.23,106.09,435.86,1246.05,4813.97
2026-10-10T00:25:54Z,polymarket,BTC,btc-updown-15m-1791591300,1791591300,654,0.13,0.14,6.24,66.84,6.24,66.84,6.24,139.95,250.38,1670.28
2026-10-10T00:25:54Z,polymarket,ETH,eth-updown-15m-1791591300,1791591300,654,0.63,0.64,40.37,37.12,40.37,37.12,162.87,141.12,616.08,447.92
2026-10-10T00:25:54Z,polymarket,SOL,sol-updown-15m-1791591300,1791591300,654,0.3,0.31,5.1,30.56,5.1,30.56,6.55,64.28,33.55,207.0
2026-10-10T00:25:54Z,polymarket,XRP,xrp-updown-15m-1791591300,1791591300,654,0.82,0.87,20.96,57.79,0,0,0,0,72.42,604.58
2026-10-10T00:25:54Z,kalshi,BTC,KXBTC15M-26OCT092030-30,1791591300,654,0.12,0.13,135.36,525.93,135.36,525.93,178.52,791.8,1623.89,1316.56
2026-10-10T00:25:54Z,kalshi,ETH,KXETH15M-26OCT092030-30,1791591300,654,0.66,0.67,130.68,216.12,130.68,216.12,193.73,489.15,1276.38,1540.58
2026-10-10T00:25:54Z,kalshi,SOL,KXSOL15M-26OCT092030-30,1791591300,654,0.26,0.28,20.75,9.52,20.75,9.52,101.12,103.48,352.17,451.21
2026-10-10T00:25:54Z,kalshi,XRP,KXXRP15M-26OCT092030-30,1791591300,654,0.83,0.84,8.3,7.56,8.3,7.56,82.1,371.44,768.89,1408.62
2026-10-10T00:26:54Z,polymarket,BTC,btc-updown-15m-1791591300,1791591300,714,0.1,0.11,39.74,12.76,39.74,12.76,248.05,19.36,440.42,106.33
2026-10-10T00:26:54Z,polymarket,ETH,eth-updown-15m-1791591300,1791591300,714,0.89,0.9,74.63,36.0,74.63,36.0,74.63,101.52,395.22,1169.36
2026-10-10T00:26:54Z,polymarket,SOL,sol-updown-15m-1791591300,1791591300,714,0.73,0.75,26.46,31.8,26.46,31.8,49.21,53.08,374.22,183.22
2026-10-10T00:26:54Z,polymarket,XRP,xrp-updown-15m-1791591300,1791591300,714,0.95,0.98,17.1,39.36,0,0,17.1,39.36,121.09,498.9
2026-10-10T00:26:54Z,kalshi,BTC,KXBTC15M-26OCT092030-30,1791591300,714,0.12,0.13,341.31,489.73,341.31,489.73,502.27,686.71,1388.35,1184.55
2026-10-10T00:26:54Z,kalshi,ETH,KXETH15M-26OCT092030-30,1791591300,714,0.901,0.913,9.91,118.69,9.91,637.02,157.65,1981.48,1353.69,7726.82
2026-10-10T00:26:54Z,kalshi,SOL,KXSOL15M-26OCT092030-30,1791591300,714,0.75,0.78,20.82,26.52,0,0,20.82,26.52,795.36,947.88
2026-10-10T00:26:54Z,kalshi,XRP,KXXRP15M-26OCT092030-30,1791591300,714,0.953,0.96,11.44,57.6,32.29,388.63,100.72,837.27,804.62,80735.5
2026-10-10T00:27:54Z,polymarket,BTC,btc-updown-15m-1791591300,1791591300,774,0.09,0.1,40.32,4.41,40.32,4.41,45.52,9.58,547.35,632.48
2026-10-10T00:27:54Z,polymarket,ETH,eth-updown-15m-1791591300,1791591300,774,0.96,0.97,160.17,0.73,160.17,0.73,929.3,202.61,3436.16,1195.24
2026-10-10T00:27:54Z,polymarket,SOL,sol-updown-15m-1791591300,1791591300,774,0.82,0.83,32.79,4.15,32.79,4.15,120.07,32.71,145.27,626.85
2026-10-10T00:27:54Z,kalshi,BTC,KXBTC15M-26OCT092030-30,1791591300,774,0.1,0.11,116.9,394.07,290.17,394.07,491.92,586.35,977.61,835.87
2026-10-10T00:27:54Z,kalshi,ETH,KXETH15M-26OCT092030-30,1791591300,774,0.981,0.982,32.47,0.1,740.12,2696.91,1554.45,87598.71,4343.83,87598.71
2026-10-10T00:27:54Z,kalshi,SOL,KXSOL15M-26OCT092030-30,1791591300,774,0.8,0.84,291.02,438.4,0,0,291.02,438.4,1084.86,1374.12
2026-10-10T00:27:54Z,kalshi,XRP,KXXRP15M-26OCT092030-30,1791591300,774,0.989,0.99,8.9,349.75,284.26,53812.96,1335.88,53812.96,1443.17,53812.96
2026-10-10T00:28:54Z,polymarket,BTC,btc-updown-15m-1791591300,1791591300,834,0.06,0.07,7.2,28.15,7.2,28.15,11.2,91.12,34.57,120.82
2026-10-10T00:28:54Z,polymarket,SOL,sol-updown-15m-1791591300,1791591300,834,0.96,0.97,68.6,15.52,68.6,15.52,109.11,31.2,116.55,42.09
2026-10-10T00:28:54Z,polymarket,XRP,xrp-updown-15m-1791591300,1791591300,834,0.993,0.999,14.89,19.98,1048.14,19.98,1048.14,19.98,1180.17,19.98
2026-10-10T00:28:54Z,kalshi,BTC,KXBTC15M-26OCT092030-30,1791591300,834,0.059,0.06,52.07,11.19,322.49,130.18,529.5,324.3,1493.57,749.28
2026-10-10T00:28:54Z,kalshi,ETH,KXETH15M-26OCT092030-30,1791591300,834,0.997,0.998,578.67,23.31,3940.98,13568.02,6133.04,13568.02,8586.3,13568.02
2026-10-10T00:28:54Z,kalshi,SOL,KXSOL15M-26OCT092030-30,1791591300,834,0.964,0.975,30.85,18.52,366.77,195.13,533.7,701.04,1031.85,7180.07
2026-10-10T00:28:54Z,kalshi,XRP,KXXRP15M-26OCT092030-30,1791591300,834,0.998,0.999,29.94,1143.82,4421.65,1143.82,5836.71,1143.82,7045.28,1143.82
2026-10-10T00:30:54Z,polymarket,BTC,btc-updown-15m-1791592200,1791592200,54,0.45,0.46,50.11,202.91,50.11,202.91,115.67,351.9,5691.35,921.41
2026-10-10T00:30:54Z,polymarket,ETH,eth-updown-15m-1791592200,1791592200,54,0.55,0.56,80.21,2.8,80.21,2.8,183.89,2.8,952.21,53.35
2026-10-10T00:30:54Z,polymarket,SOL,sol-updown-15m-1791592200,1791592200,54,0.68,0.69,43.05,6.9,43.05,6.9,55.11,12.5,595.29,108.88
2026-10-10T00:30:54Z,polymarket,XRP,xrp-updown-15m-1791592200,1791592200,54,0.52,0.53,2.03,39.51,2.03,39.51,2.03,49.23,319.78,659.11
2026-10-10T00:30:54Z,kalshi,BTC,KXBTC15M-26OCT092045-45,1791592200,54,0.46,0.47,4568.86,1439.2,4568.86,1439.2,4905.91,3500.96,5819.22,9797.87
2026-10-10T00:30:54Z,kalshi,ETH,KXETH15M-26OCT092045-45,1791592200,54,0.56,0.57,68.42,59.85,68.42,59.85,246.21,119.01,1043.79,1218.21
2026-10-10T00:30:54Z,kalshi,SOL,KXSOL15M-26OCT092045-45,1791592200,54,0.69,0.7,2.07,40.52,2.07,40.52,475.09,293.2,1194.49,1334.79
2026-10-10T00:30:54Z,kalshi,XRP,KXXRP15M-26OCT092045-45,1791592200,54,0.51,0.52,585.74,490.38,585.74,490.38,586.74,523.24,1240.03,751.55
2026-10-10T00:31:54Z,polymarket,BTC,btc-updown-15m-1791592200,1791592200,114,0.4,0.41,28.31,238.1,28.31,238.1,82.91,397.7,1424.83,3157.57
2026-10-10T00:31:54Z,polymarket,ETH,eth-updown-15m-1791592200,1791592200,114,0.57,0.59,39.9,109.17,39.9,109.17,39.9,194.37,242.6,1320.21
2026-10-10T00:31:54Z,polymarket,SOL,sol-updown-15m-1791592200,1791592200,114,0.7,0.71,50.29,8.52,50.29,8.52,79.27,40.2,175.09,667.03
2026-10-10T00:31:54Z,polymarket,XRP,xrp-updown-15m-1791592200,1791592200,114,0.49,0.5,5.88,9.0,5.88,9.0,10.68,70.29,101.38,210.72
2026-10-10T00:31:54Z,kalshi,BTC,KXBTC15M-26OCT092045-45,1791592200,114,0.4,0.41,1442.09,1410.31,1442.09,1410.31,2125.96,2256.57,3317.31,7736.51
2026-10-10T00:31:54Z,kalshi,ETH,KXETH15M-26OCT092045-45,1791592200,114,0.55,0.56,39.94,30.2,39.94,30.2,338.02,468.53,1210.09,1459.45
2026-10-10T00:31:54Z,kalshi,SOL,KXSOL15M-26OCT092045-45,1791592200,114,0.67,0.7,235.17,25.9,0,0,235.17,25.9,714.18,789.2
2026-10-10T00:31:54Z,kalshi,XRP,KXXRP15M-26OCT092045-45,1791592200,114,0.48,0.49,9.6,31.36,9.6,31.36,10.54,65.67,58.93,546.94
2026-10-10T00:32:54Z,polymarket,BTC,btc-updown-15m-1791592200,1791592200,174,0.35,0.36,15.75,200.17,15.75,200.17,36.15,408.11,1458.57,2684.7
2026-10-10T00:32:54Z,polymarket,ETH,eth-updown-15m-1791592200,1791592200,174,0.31,0.32,3.72,55.6,3.72,55.6,3.72,110.05,133.74,233.31
2026-10-10T00:32:54Z,polymarket,SOL,sol-updown-15m-1791592200,1791592200,174,0.53,0.55,7.95,45.23,7.95,45.23,12.11,49.71,123.39,761.69
2026-10-10T00:32:54Z,polymarket,XRP,xrp-updown-15m-1791592200,1791592200,174,0.29,0.3,1.74,12.53,1.74,12.53,3.42,37.65,41.59,560.67
2026-10-10T00:32:54Z,kalshi,BTC,KXBTC15M-26OCT092045-45,1791592200,174,0.35,0.36,1052.62,1069.48,1052.62,1069.48,1645.55,1671.42,2413.06,2666.05
2026-10-10T00:32:54Z,kalshi,ETH,KXETH15M-26OCT092045-45,1791592200,174,0.31,0.32,7.75,35.84,7.75,35.84,161.65,79.07,675.84,685.56
2026-10-10T00:32:54Z,kalshi,SOL,KXSOL15M-26OCT092045-45,1791592200,174,0.52,0.54,26.03,199.49,26.03,199.49,151.49,391.99,1036.12,988.62
2026-10-10T00:32:54Z,kalshi,XRP,KXXRP15M-26OCT092045-45,1791592200,174,0.27,0.28,42.53,0.56,42.53,0.56,288.23,3.17,400.53,417.18
2026-10-10T00:33:54Z,polymarket,BTC,btc-updown-15m-1791592200,1791592200,234,0.27,0.28,74.47,132.4,74.47,132.4,305.89,204.9,2435.83,531.92
2026-10-10T00:33:54Z,polymarket,ETH,eth-updown-15m-1791592200,1791592200,234,0.26,0.27,10.4,24.3,10.4,24.3,21.65,55.41,101.95,211.91
2026-10-10T00:33:54Z,polymarket,SOL,sol-updown-15m-1791592200,1791592200,234,0.45,0.47,36.0,3.76,36.0,3.76,50.08,23.92,259.56,110.97
2026-10-10T00:33:54Z,polymarket,XRP,xrp-updown-15m-1791592200,1791592200,234,0.27,0.29,8.91,12.47,8.91,12.47,25.03,307.07,70.55,357.61
2026-10-10T00:33:54Z,kalshi,BTC,KXBTC15M-26OCT092045-45,1791592200,234,0.29,0.3,1160.02,972.13,1160.02,972.13,1484.87,1936.86,2584.21,3010.94
2026-10-10T00:33:54Z,kalshi,ETH,KXETH15M-26OCT092045-45,1791592200,234,0.25,0.26,63.08,1.3,63.08,1.3,203.48,154.83,655.54,665.92
2026-10-10T00:33:54Z,kalshi,SOL,KXSOL15M-26OCT092045-45,1791592200,234,0.45,0.48,145.42,352.92,0,0,145.42,352.92,777.73,892.04
2026-10-10T00:33:54Z,kalshi,XRP,KXXRP15M-26OCT092045-45,1791592200,234,0.25,0.26,1.35,246.85,1.35,246.85,1.35,253.33,318.27,290.38
2026-10-10T00:34:54Z,polymarket,BTC,btc-updown-15m-1791592200,1791592200,294,0.32,0.33,176.56,105.93,176.56,105.93,272.66,139.93,609.99,1066.53
2026-10-10T00:34:54Z,polymarket,ETH,eth-updown-15m-1791592200,1791592200,294,0.22,0.23,12.32,2.99,12.32,2.99,35.63,12.59,192.48,52.65
2026-10-10T00:34:54Z,polymarket,SOL,sol-updown-15m-1791592200,1791592200,294,0.5,0.52,6.5,19.76,6.5,19.76,10.42,27.18,246.5,442.96
2026-10-10T00:34:54Z,polymarket,XRP,xrp-updown-15m-1791592200,1791592200,294,0.26,0.27,23.04,2.7,23.04,2.7,24.54,14.74,72.54,65.91
2026-10-10T00:34:54Z,kalshi,BTC,KXBTC15M-26OCT092045-45,1791592200,294,0.31,0.32,1066.71,541.43,1066.71,541.43,1447.66,953.49,1958.37,1989.91
2026-10-10T00:34:54Z,kalshi,ETH,KXETH15M-26OCT092045-45,1791592200,294,0.23,0.24,35.28,129.28,35.28,129.28,57.06,266.78,245.77,517.72
2026-10-10T00:34:54Z,kalshi,SOL,KXSOL15M-26OCT092045-45,1791592200,294,0.5,0.52,179.0,191.88,179.0,191.88,269.65,383.74,933.4,1010.01
2026-10-10T00:34:54Z,kalshi,XRP,KXXRP15M-26OCT092045-45,1791592200,294,0.23,0.24,220.87,116.28,220.87,116.28,225.27,116.28,336.09,492.37
2026-10-10T00:35:54Z,polymarket,BTC,btc-updown-15m-1791592200,1791592200,354,0.25,0.26,114.64,93.6,114.64,93.6,342.42,162.45,2336.07,315.64
2026-10-10T00:35:54Z,polymarket,ETH,eth-updown-15m-1791592200,1791592200,354,0.23,0.24,35.81,7.2,35.81,7.2,223.25,17.2,591.27,87.01
2026-10-10T00:35:54Z,polymarket,SOL,sol-updown-15m-1791592200,1791592200,354,0.57,0.59,4.56,4.72,4.56,4.72,33.68,84.52,119.08,554.17
2026-10-10T00:35:54Z,polymarket,XRP,xrp-updown-15m-1791592200,1791592200,354,0.3,0.32,8.7,5.76,8.7,5.76,8.7,11.7,64.49,83.86
2026-10-10T00:35:54Z,kalshi,BTC,KXBTC15M-26OCT092045-45,1791592200,354,0.27,0.28,1217.58,728.61,1217.58,728.61,1428.76,964.38,2060.35,1780.11
2026-10-10T00:35:54Z,kalshi,ETH,KXETH15M-26OCT092045-45,1791592200,354,0.26,0.27,151.1,2.7,151.1,2.7,283.52,17.52,711.68,548.3
2026-10-10T00:35:54Z,kalshi,SOL,KXSOL15M-26OCT092045-45,1791592200,354,0.55,0.57,1.65,122.49,1.65,122.49,106.41,318.34,701.07,1043.03
2026-10-10T00:35:54Z,kalshi,XRP,KXXRP15M-26OCT092045-45,1791592200,354,0.3,0.33,0.63,124.53,0,0,0.63,124.53,136.48,431.1
2026-10-10T00:36:54Z,polymarket,BTC,btc-updown-15m-1791592200,1791592200,414,0.26,0.27,464.93,30.73,464.93,30.73,688.68,56.21,1144.9,240.61
2026-10-10T00:36:54Z,polymarket,ETH,eth-updown-15m-1791592200,1791592200,414,0.35,0.36,19.95,60.5,19.95,60.5,33.55,77.15,143.85,578.06
2026-10-10T00:36:54Z,polymarket,SOL,sol-updown-15m-1791592200,1791592200,414,0.77,0.78,6.16,70.84,6.16,70.84,19.84,77.16,406.83,139.74
2026-10-10T00:36:54Z,polymarket,XRP,xrp-updown-15m-1791592200,1791592200,414,0.48,0.49,24.66,14.21,24.66,14.21,44.87,23.21,347.06,82.8
2026-10-10T00:36:54Z,kalshi,BTC,KXBTC15M-26OCT092045-45,1791592200,414,0.3,0.31,9.61,1816.79,9.61,1816.79,38.63,2052.02,966.68,2930.39
2026-10-10T00:36:54Z,kalshi,ETH,KXETH15M-26OCT092045-45,1791592200,414,0.33,0.35,49.5,164.85,49.5,164.85,82.78,344.85,540.49,1189.98
2026-10-10T00:36:54Z,kalshi,SOL,KXSOL15M-26OCT092045-45,1791592200,414,0.8,0.81,0.8,331.86,0.8,331.86,0.8,627.88,566.16,1633.7
2026-10-10T00:36:54Z,kalshi,XRP,KXXRP15M-26OCT092045-45,1791592200,414,0.48,0.5,192.0,5.0,192.0,5.0,224.48,10.61,435.77,591.38
2026-10-10T00:37:54Z,polymarket,BTC,btc-updown-15m-1791592200,1791592200,474,0.22,0.23,8.14,177.1,8.14,177.1,16.54,420.73,225.43,1231.73
2026-10-10T00:37:54Z,polymarket,ETH,eth-updown-15m-1791592200,1791592200,474,0.42,0.43,48.65,2.37,48.65,2.37,77.35,35.37,213.83,376.12
2026-10-10T00:37:54Z,polymarket,SOL,sol-updown-15m-1791592200,1791592200,474,0.89,0.9,7.12,42.3,7.12,42.3,22.96,74.26,649.92,696.01
2026-10-10T00:37:54Z,polymarket,XRP,xrp-updown-15m-1791592200,1791592200,474,0.74,0.75,47.52,15.0,47.52,15.0,47.52,51.48,273.34,311.21
2026-10-10T00:37:54Z,kalshi,BTC,KXBTC15M-26OCT092045-45,1791592200,474,0.2,0.21,866.51,1310.65,866.51,1310.65,1062.95,1443.31,2698.86,2146.18
2026-10-10T00:37:54Z,kalshi,ETH,KXETH15M-26OCT092045-45,1791592200,474,0.4,0.42,241.6,27.3,241.6,27.3,483.79,113.3,1057.71,939.81
2026-10-10T00:37:54Z,kalshi,SOL,KXSOL15M-26OCT092045-45,1791592200,474,0.89,0.9,392.89,246.86,392.89,268.53,515.03,338.96,1925.0,2327.37
2026-10-10T00:37:54Z,kalshi,XRP,KXXRP15M-26OCT092045-45,1791592200,474,0.75,0.76,25.5,4.51,25.5,4.51,82.48,18.37,640.74,705.27
2026-10-10T00:38:54Z,polymarket,BTC,btc-updown-15m-1791592200,1791592200,534,0.13,0.14,35.66,59.17,35.66,59.17,68.3,109.57,1123.01,527.93
2026-10-10T00:38:54Z,polymarket,ETH,eth-updown-15m-1791592200,1791592200,534,0.24,0.25,9.71,1.25,9.71,1.25,18.91,21.36,109.41,181.06
2026-10-10T00:38:54Z,polymarket,SOL,sol-updown-15m-1791592200,1791592200,534,0.84,0.85,6.72,46.98,6.72,46.98,13.36,103.74,104.14,669.56
2026-10-10T00:38:54Z,polymarket,XRP,xrp-updown-15m-1791592200,1791592200,534,0.6,0.61,36.46,3.05,36.46,3.05,106.08,3.05,201.22,167.59
2026-10-10T00:38:54Z,kalshi,BTC,KXBTC15M-26OCT092045-45,1791592200,534,0.13,0.14,507.25,268.28,507.25,268.28,786.22,730.33,1822.67,1095.72
2026-10-10T00:38:54Z,kalshi,ETH,KXETH15M-26OCT092045-45,1791592200,534,0.23,0.24,165.61,27.19,165.61,27.19,326.76,32.19,699.49,445.47
2026-10-10T00:38:54Z,kalshi,SOL,KXSOL15M-26OCT092045-45,1791592200,534,0.81,0.83,52.65,14.11,52.65,14.11,341.45,435.79,1341.12,1737.89
2026-10-10T00:38:54Z,kalshi,XRP,KXXRP15M-26OCT092045-45,1791592200,534,0.57,0.6,26.17,10.2,0,0,26.17,10.2,331.61,307.58
2026-10-10T00:39:54Z,polymarket,BTC,btc-updown-15m-1791592200,1791592200,594,0.08,0.09,1.12,45.83,1.12,45.83,18.69,151.03,546.63,2343.55
2026-10-10T00:39:54Z,polymarket,ETH,eth-updown-15m-1791592200,1791592200,594,0.21,0.22,22.02,2.2,22.02,2.2,48.86,17.69,128.35,146.43
2026-10-10T00:39:54Z,polymarket,SOL,sol-updown-15m-1791592200,1791592200,594,0.85,0.88,75.25,28.16,0,0,75.25,28.16,190.7,931.04
2026-10-10T00:39:54Z,polymarket,XRP,xrp-updown-15m-1791592200,1791592200,594,0.67,0.69,40.02,3.45,40.02,3.45,73.86,22.35,204.42,1164.66
2026-10-10T00:39:54Z,kalshi,BTC,KXBTC15M-26OCT092045-45,1791592200,594,0.078,0.079,12.97,63.2,364.13,317.6,725.42,1405.08,1701.64,2421.86
2026-10-10T00:39:54Z,kalshi,ETH,KXETH15M-26OCT092045-45,1791592200,594,0.19,0.22,28.24,58.03,0,0,28.24,58.03,331.23,510.18
2026-10-10T00:39:54Z,kalshi,SOL,KXSOL15M-26OCT092045-45,1791592200,594,0.85,0.87,8.5,387.76,8.5,387.76,126.23,723.92,1079.2,1885.72
2026-10-10T00:39:54Z,kalshi,XRP,KXXRP15M-26OCT092045-45,1791592200,594,0.63,0.64,12.6,108.52,12.6,108.52,13.22,115.02,116.56,1019.38
2026-10-10T00:40:54Z,polymarket,BTC,btc-updown-15m-1791592200,1791592200,654,0.05,0.06,2.3,32.27,2.3,32.27,15.83,50.7,130.98,170.49
2026-10-10T00:40:54Z,polymarket,ETH,eth-updown-15m-1791592200,1791592200,654,0.2,0.21,2.13,35.99,2.13,35.99,19.42,47.65,92.24,138.64
2026-10-10T00:40:54Z,polymarket,SOL,sol-updown-15m-1791592200,1791592200,654,0.81,0.82,304.56,24.6,304.56,24.6,790.98,24.6,848.36,136.19
2026-10-10T00:40:54Z,polymarket,XRP,xrp-updown-15m-1791592200,1791592200,654,0.76,0.78,44.08,23.4,44.08,23.4,83.08,66.06,700.96,298.78
2026-10-10T00:40:54Z,kalshi,BTC,KXBTC15M-26OCT092045-45,1791592200,654,0.054,0.055,189.14,24.98,270.33,309.93,484.31,551.72,2322.11,1216.19
2026-10-10T00:40:54Z,kalshi,ETH,KXETH15M-26OCT092045-45,1791592200,654,0.2,0.21,100.8,32.97,100.8,32.97,155.73,55.85,464.29,362.39
2026-10-10T00:40:54Z,kalshi,SOL,KXSOL15M-26OCT092045-45,1791592200,654,0.84,0.86,286.17,254.56,286.17,254.56,706.38,662.99,1620.48,2131.96
2026-10-10T00:40:54Z,kalshi,XRP,KXXRP15M-26OCT092045-45,1791592200,654,0.78,0.79,248.13,2.97,248.13,2.97,602.33,4.57,893.21,237.71
2026-10-10T00:41:54Z,polymarket,BTC,btc-updown-15m-1791592200,1791592200,714,0.13,0.14,47.23,44.62,47.23,44.62,81.73,128.75,864.79,783.44
2026-10-10T00:41:54Z,polymarket,ETH,eth-updown-15m-1791592200,1791592200,714,0.36,0.37,75.91,6.29,75.91,6.29,137.43,6.29,289.79,897.73
2026-10-10T00:41:54Z,polymarket,SOL,sol-updown-15m-1791592200,1791592200,714,0.98,0.99,127.4,10.89,127.4,10.89,166.2,10.89,1027.59,10.89
2026-10-10T00:41:54Z,polymarket,XRP,xrp-updown-15m-1791592200,1791592200,714,0.86,0.88,15.48,20.24,15.48,20.24,111.2,40.71,297.53,616.78
2026-10-10T00:41:54Z,kalshi,BTC,KXBTC15M-26OCT092045-45,1791592200,714,0.14,0.15,361.33,490.88,361.33,490.88,479.3,927.6,927.35,1672.45
2026-10-10T00:41:54Z,kalshi,ETH,KXETH15M-26OCT092045-45,1791592200,714,0.32,0.34,48.96,69.7,48.96,69.7,244.26,286.7,741.17,989.72
2026-10-10T00:41:54Z,kalshi,SOL,KXSOL15M-26OCT092045-45,1791592200,714,0.982,0.987,24.55,56.26,694.53,3886.9,817.09,55863.89,1826.36,55863.89
2026-10-10T00:41:54Z,kalshi,XRP,KXXRP15M-26OCT092045-45,1791592200,714,0.85,0.86,63.99,1.72,63.99,1.72,451.23,3.55,894.79,905.71
2026-10-10T00:42:54Z,polymarket,BTC,btc-updown-15m-1791592200,1791592200,774,0.03,0.04,13.77,14.61,13.77,14.61,20.93,20.61,33.2,492.68
2026-10-10T00:42:54Z,polymarket,ETH,eth-updown-15m-1791592200,1791592200,774,0.17,0.18,5.1,28.97,5.1,28.97,11.5,70.77,53.35,316.12
2026-10-10T00:42:54Z,polymarket,XRP,xrp-updown-15m-1791592200,1791592200,774,0.8,0.81,71.62,4.05,71.62,4.05,160.1,22.91,620.9,108.61
2026-10-10T00:42:54Z,kalshi,BTC,KXBTC15M-26OCT092045-45,1791592200,774,0.033,0.034,0.0,0.22,216.27,126.51,531.12,232.95,2304.14,702.57
2026-10-10T00:42:54Z,kalshi,ETH,KXETH15M-26OCT092045-45,1791592200,774,0.15,0.16,37.05,21.12,37.05,21.12,99.86,37.95,310.61,434.35
2026-10-10T00:42:54Z,kalshi,SOL,KXSOL15M-26OCT092045-45,1791592200,774,0.988,0.989,33.59,1.98,978.34,19778.2,1377.77,41128.82,2666.3,41128.82
2026-10-10T00:42:54Z,kalshi,XRP,KXXRP15M-26OCT092045-45,1791592200,774,0.82,0.83,4.92,306.1,4.92,306.1,364.78,306.1,1739.5,789.98
2026-10-10T00:43:54Z,polymarket,BTC,btc-updown-15m-1791592200,1791592200,834,0.001,0.008,0.02,0.08,0.02,21.75,0.02,34.09,0.02,52.13
2026-10-10T00:43:54Z,polymarket,ETH,eth-updown-15m-1791592200,1791592200,834,0.09,0.1,2.7,10.91,2.7,10.91,2.7,16.58,3.7,32.0
2026-10-10T00:43:54Z,polymarket,SOL,sol-updown-15m-1791592200,1791592200,834,0.992,0.999,64.47,19.98,3567.69,19.98,3626.37,19.98,3666.87,19.98
2026-10-10T00:43:54Z,polymarket,XRP,xrp-updown-15m-1791592200,1791592200,834,0.95,0.97,98.6,57.23,98.6,57.23,115.52,192.47,132.19,528.08
2026-10-10T00:43:54Z,kalshi,BTC,KXBTC15M-26OCT092045-45,1791592200,834,0.001,0.002,257.0,24.61,257.0,185.16,257.0,257.53,257.0,576.7
2026-10-10T00:43:54Z,kalshi,ETH,KXETH15M-26OCT092045-45,1791592200,834,0.09,0.095,8.28,2.47,8.28,48.02,8.28,102.94,151.41,252.31
2026-10-10T00:43:54Z,kalshi,XRP,KXXRP15M-26OCT092045-45,1791592200,834,0.965,0.968,0.1,12.39,2.02,53.31,483.78,614.19,1274.18,7448.22
2026-10-10T00:44:54Z,polymarket,XRP,xrp-updown-15m-1791592200,1791592200,894,0.66,0.67,6.6,30.15,6.6,30.15,9.85,30.15,19.3,40.88
2026-10-10T00:44:54Z,kalshi,XRP,KXXRP15M-26OCT092045-45,1791592200,894,0.985,0.997,158.87,181.05,158.87,11933.98,560.43,11933.98,1662.05,11933.98
2026-10-10T00:45:54Z,polymarket,BTC,btc-updown-15m-1791593100,1791593100,54,0.45,0.46,41.93,216.51,41.93,216.51,85.93,643.74,376.97,7064.11
2026-10-10T00:45:54Z,polymarket,ETH,eth-updown-15m-1791593100,1791593100,54,0.49,0.5,38.71,2.5,38.71,2.5,168.76,7.6,921.42,242.99
2026-10-10T00:45:54Z,polymarket,SOL,sol-updown-15m-1791593100,1791593100,54,0.45,0.46,53.89,3.45,53.89,3.45,63.13,8.15,411.43,77.82
2026-10-10T00:45:54Z,polymarket,XRP,xrp-updown-15m-1791593100,1791593100,54,0.35,0.37,14.8,8.51,14.8,8.51,20.92,29.03,56.1,111.22
2026-10-10T00:45:54Z,kalshi,BTC,KXBTC15M-26OCT092100-00,1791593100,54,0.43,0.44,2006.32,3842.61,2006.32,3842.61,2728.71,4113.96,3803.59,5275.53
2026-10-10T00:45:54Z,kalshi,ETH,KXETH15M-26OCT092100-00,1791593100,54,0.52,0.53,8.84,29.15,8.84,29.15,349.67,57.23,1339.25,1021.19
2026-10-10T00:45:54Z,kalshi,SOL,KXSOL15M-26OCT092100-00,1791593100,54,0.49,0.5,0.98,167.16,0.98,167.16,6.74,561.9,670.33,1118.41
2026-10-10T00:45:54Z,kalshi,XRP,KXXRP15M-26OCT092100-00,1791593100,54,0.34,0.35,0.68,0.7,0.68,0.7,23.45,1.42,173.91,161.21
2026-10-10T00:46:54Z,polymarket,BTC,btc-updown-15m-1791593100,1791593100,114,0.49,0.5,12.25,288.28,12.25,288.28,62.4,477.76,1850.47,2038.09
2026-10-10T00:46:54Z,polymarket,ETH,eth-updown-15m-1791593100,1791593100,114,0.62,0.63,9.3,55.76,9.3,55.76,61.15,100.56,338.35,501.69
2026-10-10T00:46:54Z,polymarket,SOL,sol-updown-15m-1791593100,1791593100,114,0.62,0.64,17.92,35.83,17.92,35.83,38.66,44.93,135.85,900.24
2026-10-10T00:46:54Z,polymarket,XRP,xrp-updown-15m-1791593100,1791593100,114,0.5,0.51,33.81,2.55,33.81,2.55,52.43,22.31,310.3,110.06
2026-10-10T00:46:54Z,kalshi,BTC,KXBTC15M-26OCT092100-00,1791593100,114,0.49,0.5,1108.07,1095.51,1108.07,1095.51,1978.79,2330.73,3250.02,4225.92
2026-10-10T00:46:54Z,kalshi,ETH,KXETH15M-26OCT092100-00,1791593100,114,0.62,0.63,0.62,248.28,0.62,248.28,1.84,722.66,1108.97,1942.73
2026-10-10T00:46:54Z,kalshi,SOL,KXSOL15M-26OCT092100-00,1791593100,114,0.62,0.64,11.2,453.12,11.2,453.12,237.51,700.12,1080.3,1448.8
2026-10-10T00:46:54Z,kalshi,XRP,KXXRP15M-26OCT092100-00,1791593100,114,0.5,0.55,34.0,63.25,0,0,0,0,165.6,290.09
2026-10-10T00:47:54Z,polymarket,BTC,btc-updown-15m-1791593100,1791593100,174,0.48,0.49,243.95,179.55,243.95,179.55,670.71,332.05,5749.47,856.7
2026-10-10T00:47:54Z,polymarket,ETH,eth-updown-15m-1791593100,1791593100,174,0.63,0.64,83.72,9.6,83.72,9.6,200.78,17.4,479.47,512.24
2026-10-10T00:47:54Z,polymarket,SOL,sol-updown-15m-1791593100,1791593100,174,0.68,0.69,3.08,94.68,3.08,94.68,3.08,125.48,46.82,722.89
2026-10-10T00:47:54Z,polymarket,XRP,xrp-updown-15m-1791593100,1791593100,174,0.4,0.41,26.76,15.58,26.76,15.58,41.58,77.74,118.22,303.94
2026-10-10T00:47:54Z,kalshi,BTC,KXBTC15M-26OCT092100-00,1791593100,174,0.5,0.51,2995.08,501.75,2995.08,501.75,3590.76,1312.19,4751.69,2569.65
2026-10-10T00:47:54Z,kalshi,ETH,KXETH15M-26OCT092100-00,1791593100,174,0.61,0.63,237.53,126.0,237.53,126.0,675.53,191.28,1868.92,1400.85
2026-10-10T00:47:54Z,kalshi,SOL,KXSOL15M-26OCT092100-00,1791593100,174,0.65,0.67,340.01,6.03,340.01,6.03,593.97,252.87,1279.75,1304.65
2026-10-10T00:47:54Z,kalshi,XRP,KXXRP15M-26OCT092100-00,1791593100,174,0.4,0.41,8.0,166.87,8.0,166.87,8.0,195.43,198.53,420.32
2026-10-10T00:48:54Z,polymarket,BTC,btc-updown-15m-1791593100,1791593100,234,0.49,0.5,204.06,254.97,204.06,254.97,2785.5,442.65,5001.48,1166.09
2026-10-10T00:48:54Z,polymarket,ETH,eth-updown-15m-1791593100,1791593100,234,0.68,0.69,94.79,3.45,94.79,3.45,201.99,31.44,754.21,376.61
2026-10-10T00:48:54Z,polymarket,SOL,sol-updown-15m-1791593100,1791593100,234,0.72,0.73,59.82,21.55,59.82,21.55,82.54,43.08,335.4,275.77
2026-10-10T00:48:54Z,polymarket,XRP,xrp-updown-15m-1791593100,1791593100,234,0.42,0.44,20.96,7.92,20.96,7.92,32.85,40.32,118.28,78.04
2026-10-10T00:48:54Z,kalshi,BTC,KXBTC15M-26OCT092100-00,1791593100,234,0.52,0.53,2603.91,1604.3,2603.91,1604.3,3384.21,2024.04,5595.31,3337.98
2026-10-10T00:48:54Z,kalshi,ETH,KXETH15M-26OCT092100-00,1791593100,234,0.68,0.69,238.96,37.95,238.96,37.95,519.69,199.66,1667.48,1507.52
2026-10-10T00:48:54Z,kalshi,SOL,KXSOL15M-26OCT092100-00,1791593100,234,0.75,0.76,262.5,245.96,262.5,245.96,406.67,255.2,1086.08,907.04
2026-10-10T00:48:54Z,kalshi,XRP,KXXRP15M-26OCT092100-00,1791593100,234,0.43,0.45,0.86,18.78,0.86,18.78,2.12,24.3,198.63,281.98
2026-10-10T00:49:54Z,polymarket,BTC,btc-updown-15m-1791593100,1791593100,294,0.64,0.65,112.73,459.09,112.73,459.09,194.63,683.49,4201.76,1407.55
2026-10-10T00:49:54Z,polymarket,ETH,eth-updown-15m-1791593100,1791593100,294,0.77,0.78,69.15,3.9,69.15,3.9,145.78,3.9,1080.57,297.58
2026-10-10T00:49:54Z,polymarket,SOL,sol-updown-15m-1791593100,1791593100,294,0.8,0.81,8.0,331.21,8.0,331.21,22.22,693.94,104.46,1152.77
2026-10-10T00:49:54Z,polymarket,XRP,xrp-updown-15m-1791593100,1791593100,294,0.49,0.51,56.06,14.38,56.06,14.38,71.9,34.14,347.42,461.74
2026-10-10T00:49:54Z,kalshi,BTC,KXBTC15M-26OCT092100-00,1791593100,294,0.65,0.66,1755.05,2133.96,1755.05,2133.96,2368.26,2868.95,4268.49,4701.2
2026-10-10T00:49:54Z,kalshi,ETH,KXETH15M-26OCT092100-00,1791593100,294,0.77,0.78,433.4,54.33,433.4,54.33,690.8,123.06,1882.29,1216.85
2026-10-10T00:49:54Z,kalshi,SOL,KXSOL15M-26OCT092100-00,1791593100,294,0.77,0.78,40.39,287.04,40.39,287.04,60.39,610.15,913.25,1893.07
2026-10-10T00:49:54Z,kalshi,XRP,KXXRP15M-26OCT092100-00,1791593100,294,0.5,0.51,213.81,262.07,213.81,262.07,246.16,262.07,440.31,520.47
2026-10-10T00:50:54Z,polymarket,BTC,btc-updown-15m-1791593100,1791593100,354,0.6,0.61,25.8,315.36,25.8,315.36,110.17,656.36,731.24,3474.06
2026-10-10T00:50:54Z,polymarket,ETH,eth-updown-15m-1791593100,1791593100,354,0.7,0.71,56.0,25.18,56.0,25.18,191.4,192.93,390.01,1067.97
2026-10-10T00:50:54Z,polymarket,SOL,sol-updown-15m-1791593100,1791593100,354,0.71,0.72,5.25,55.44,5.25,55.44,22.05,124.99,108.29,298.88
2026-10-10T00:50:54Z,polymarket,XRP,xrp-updown-15m-1791593100,1791593100,354,0.43,0.45,14.19,12.19,14.19,12.19,39.81,14.49,186.41,145.01
2026-10-10T00:50:54Z,kalshi,BTC,KXBTC15M-26OCT092100-00,1791593100,354,0.58,0.59,1674.77,1955.55,1674.77,1955.55,2590.19,2377.35,4174.27,3903.67
2026-10-10T00:50:54Z,kalshi,ETH,KXETH15M-26OCT092100-00,1791593100,354,0.67,0.68,288.16,63.51,288.16,63.51,628.06,131.13,1991.03,1379.15
2026-10-10T00:50:54Z,kalshi,SOL,KXSOL15M-26OCT092100-00,1791593100,354,0.71,0.73,35.5,2.01,35.5,2.01,418.4,266.93,1166.97,1193.67
2026-10-10T00:50:54Z,kalshi,XRP,KXXRP15M-26OCT092100-00,1791593100,354,0.45,0.47,22.0,3.88,22.0,3.88,26.4,207.36,203.78,293.45
2026-10-10T00:51:54Z,polymarket,BTC,btc-updown-15m-1791593100,1791593100,414,0.59,0.6,4852.59,180.0,4852.59,180.0,6825.79,282.31,8628.02,638.36
2026-10-10T00:51:54Z,polymarket,ETH,eth-updown-15m-1791593100,1791593100,414,0.76,0.77,30.4,105.81,30.4,105.81,82.9,137.01,427.66,778.66
2026-10-10T00:51:54Z,polymarket,SOL,sol-updown-15m-1791593100,1791593100,414,0.83,0.84,6.14,44.52,6.14,44.52,25.82,79.37,72.82,862.8
2026-10-10T00:51:54Z,polymarket,XRP,xrp-updown-15m-1791593100,1791593100,414,0.46,0.48,35.3,13.26,35.3,13.26,74.45,22.08,401.25,67.22
2026-10-10T00:51:54Z,kalshi,BTC,KXBTC15M-26OCT092100-00,1791593100,414,0.63,0.64,3804.71,1396.31,3804.71,1396.31,4794.85,1767.68,6438.08,3012.99
2026-10-10T00:51:54Z,kalshi,ETH,KXETH15M-26OCT092100-00,1791593100,414,0.75,0.76,353.25,106.0,353.25,106.0,705.79,183.77,2278.65,1855.98
2026-10-10T00:51:54Z,kalshi,SOL,KXSOL15M-26OCT092100-00,1791593100,414,0.81,0.84,57.28,178.39,0,0,57.28,178.39,1020.56,1274.09
2026-10-10T00:51:54Z,kalshi,XRP,KXXRP15M-26OCT092100-00,1791593100,414,0.47,0.49,7.79,0.98,7.79,0.98,215.77,10.53,351.5,243.14
2026-10-10T00:52:54Z,polymarket,BTC,btc-updown-15m-1791593100,1791593100,474,0.7,0.71,4208.16,1247.14,4208.16,1247.14,4411.71,1730.23,5859.73,2127.68
2026-10-10T00:52:54Z,polymarket,ETH,eth-updown-15m-1791593100,1791593100,474,0.88,0.89,61.47,56.07,61.47,56.07,96.27,127.17,1018.26,1168.35
2026-10-10T00:52:54Z,polymarket,SOL,sol-updown-15m-1791593100,1791593100,474,0.9,0.91,6.66,161.57,6.66,161.57,17.34,259.56,36.53,1109.18
2026-10-10T00:52:54Z,polymarket,XRP,xrp-updown-15m-1791593100,1791593100,474,0.49,0.5,8.82,7.01,8.82,7.01,43.38,15.28,284.11,102.11
2026-10-10T00:52:54Z,kalshi,BTC,KXBTC15M-26OCT092100-00,1791593100,474,0.74,0.75,4691.4,3329.14,4691.4,3329.14,5684.2,4033.79,7789.66,6528.87
2026-10-10T00:52:54Z,kalshi,ETH,KXETH15M-26OCT092100-00,1791593100,474,0.87,0.88,451.38,231.63,451.38,231.63,972.22,341.61,2458.52,3659.48
2026-10-10T00:52:54Z,kalshi,SOL,KXSOL15M-26OCT092100-00,1791593100,474,0.89,0.901,8.33,9.01,8.33,328.67,41.77,705.82,566.29,2808.97
2026-10-10T00:52:54Z,kalshi,XRP,KXXRP15M-26OCT092100-00,1791593100,474,0.49,0.51,196.0,1.02,196.0,1.02,196.0,7.78,430.16,282.34
2026-10-10T00:53:54Z,polymarket,BTC,btc-updown-15m-1791593100,1791593100,534,0.64,0.65,2968.94,75.78,2968.94,75.78,3527.31,174.78,5140.81,597.37
2026-10-10T00:53:54Z,polymarket,ETH,eth-updown-15m-1791593100,1791593100,534,0.88,0.89,44.0,229.71,44.0,229.71,209.3,558.62,454.75,1107.92
2026-10-10T00:53:54Z,polymarket,SOL,sol-updown-15m-1791593100,1791593100,534,0.82,0.84,4.1,28.56,4.1,28.56,8.96,41.31,484.24,240.13
2026-10-10T00:53:54Z,polymarket,XRP,xrp-updown-15m-1791593100,1791593100,534,0.27,0.28,6.35,27.89,6.35,27.89,6.35,33.11,33.49,260.78
2026-10-10T00:53:54Z,kalshi,BTC,KXBTC15M-26OCT092100-00,1791593100,534,0.68,0.69,2927.47,1089.04,2927.47,1089.04,3262.47,1446.04,4401.83,2865.15
2026-10-10T00:53:54Z,kalshi,ETH,KXETH15M-26OCT092100-00,1791593100,534,0.85,0.86,389.78,93.74,389.78,93.74,994.58,300.8,2513.91,2246.62
2026-10-10T00:53:54Z,kalshi,SOL,KXSOL15M-26OCT092100-00,1791593100,534,0.83,0.84,72.57,1.68,72.57,1.68,359.57,16.98,1342.88,1255.86
2026-10-10T00:53:54Z,kalshi,XRP,KXXRP15M-26OCT092100-00,1791593100,534,0.25,0.27,0.9,124.73,0.9,124.73,3.3,124.73,108.98,271.22
2026-10-10T00:54:20Z,polymarket,BTC,btc-updown-15m-1791593100,1791593100,560,0.68,0.69,461.22,58.65,461.22,58.65,798.23,212.65,5080.77,887.45
2026-10-10T00:54:20Z,polymarket,ETH,eth-updown-15m-1791593100,1791593100,560,0.88,0.89,52.8,39.25,52.8,39.25,165.77,96.85,1349.87,988.26
2026-10-10T00:54:20Z,polymarket,SOL,sol-updown-15m-1791593100,1791593100,560,0.84,0.85,65.66,4.25,65.66,4.25,65.66,4.25,793.7,171.26
2026-10-10T00:54:20Z,polymarket,XRP,xrp-updown-15m-1791593100,1791593100,560,0.22,0.24,6.38,4.32,6.38,4.32,10.16,10.32,62.45,154.68
2026-10-10T00:54:20Z,kalshi,BTC,KXBTC15M-26OCT092100-00,1791593100,560,0.7,0.71,3264.04,1656.64,3264.04,1656.64,4362.52,3242.15,5903.19,5232.8
2026-10-10T00:54:20Z,kalshi,ETH,KXETH15M-26OCT092100-00,1791593100,560,0.88,0.9,266.51,511.0,266.51,511.0,749.91,1375.65,2178.2,3033.57
2026-10-10T00:54:20Z,kalshi,SOL,KXSOL15M-26OCT092100-00,1791593100,560,0.86,0.87,294.03,8.7,294.03,8.7,610.59,9.58,1604.79,1353.57
2026-10-10T00:54:20Z,kalshi,XRP,KXXRP15M-26OCT092100-00,1791593100,560,0.23,0.24,0.46,80.0,0.46,80.0,0.46,97.17,106.54,137.49
2026-10-10T00:55:20Z,polymarket,BTC,btc-updown-15m-1791593100,1791593100,620,0.57,0.58,477.66,147.9,477.66,147.9,1212.37,235.22,2069.32,1381.91
2026-10-10T00:55:20Z,polymarket,ETH,eth-updown-15m-1791593100,1791593100,620,0.73,0.75,113.87,46.5,113.87,46.5,253.99,455.38,599.41,1320.05
2026-10-10T00:55:20Z,polymarket,SOL,sol-updown-15m-1791593100,1791593100,620,0.7,0.71,13.3,22.89,13.3,22.89,13.3,49.53,1100.78,110.37
2026-10-10T00:55:20Z,polymarket,XRP,xrp-updown-15m-1791593100,1791593100,620,0.07,0.09,2.43,5.75,2.43,5.75,8.61,13.24,33.62,56.63
2026-10-10T00:55:20Z,kalshi,BTC,KXBTC15M-26OCT092100-00,1791593100,620,0.62,0.63,199.71,3169.39,199.71,3169.39,552.9,3584.3,1808.64,5875.61
2026-10-10T00:55:20Z,kalshi,ETH,KXETH15M-26OCT092100-00,1791593100,620,0.71,0.72,14.2,257.76,14.2,257.76,388.71,443.09,1574.51,1584.87
2026-10-10T00:55:20Z,kalshi,SOL,KXSOL15M-26OCT092100-00,1791593100,620,0.73,0.74,219.39,7.4,219.39,7.4,493.71,146.49,1313.36,721.19
2026-10-10T00:55:20Z,kalshi,XRP,KXXRP15M-26OCT092100-00,1791593100,620,0.072,0.077,2.02,0.31,7.45,6.88,23.76,15.11,247.38,91.44
2026-10-10T00:56:20Z,polymarket,BTC,btc-updown-15m-1791593100,1791593100,680,0.6,0.61,3843.22,209.85,3843.22,209.85,4698.27,352.45,5431.77,728.31
2026-10-10T00:56:20Z,polymarket,ETH,eth-updown-15m-1791593100,1791593100,680,0.65,0.66,77.81,17.82,77.81,17.82,103.41,17.82,280.03,1700.93
2026-10-10T00:56:20Z,polymarket,SOL,sol-updown-15m-1791593100,1791593100,680,0.71,0.72,89.78,4.47,89.78,4.47,279.48,8.12,618.22,128.45
2026-10-10T00:56:20Z,polymarket,XRP,xrp-updown-15m-1791593100,1791593100,680,0.03,0.04,1.45,0.63,1.45,0.63,3.58,2.53,8.86,20.83
2026-10-10T00:56:20Z,kalshi,BTC,KXBTC15M-26OCT092100-00,1791593100,680,0.66,0.67,2196.97,1504.12,2196.97,1504.12,2672.78,1996.4,4613.26,3145.42
2026-10-10T00:56:20Z,kalshi,ETH,KXETH15M-26OCT092100-00,1791593100,680,0.61,0.62,93.33,4.96,93.33,4.96,511.53,376.76,1529.86,1423.22
2026-10-10T00:56:20Z,kalshi,SOL,KXSOL15M-26OCT092100-00,1791593100,680,0.74,0.76,185.66,6.16,185.66,6.16,476.93,281.05,1197.38,1128.22
2026-10-10T00:56:20Z,kalshi,XRP,KXXRP15M-26OCT092100-00,1791593100,680,0.041,0.057,2.29,0.45,14.08,0.74,25.44,5.96,418.73,46.94
2026-10-10T00:57:20Z,polymarket,BTC,btc-updown-15m-1791593100,1791593100,740,0.4,0.41,100.43,27.92,100.43,27.92,136.54,55.22,496.83,299.55
2026-10-10T00:57:20Z,polymarket,ETH,eth-updown-15m-1791593100,1791593100,740,0.63,0.65,6.3,58.14,6.3,58.14,24.9,169.02,1242.54,437.67
2026-10-10T00:57:20Z,polymarket,SOL,sol-updown-15m-1791593100,1791593100,740,0.63,0.67,5.67,6.7,0,0,5.67,6.7,23.97,13.6
2026-10-10T00:57:20Z,polymarket,XRP,xrp-updown-15m-1791593100,1791593100,740,0.014,0.022,0.21,0.23,2.33,0.23,4.93,0.38,4.93,5.3
2026-10-10T00:57:20Z,kalshi,BTC,KXBTC15M-26OCT092100-00,1791593100,740,0.47,0.48,1139.09,633.59,1139.09,633.59,1439.93,878.59,3428.82,2165.08
2026-10-10T00:57:20Z,kalshi,ETH,KXETH15M-26OCT092100-00,1791593100,740,0.65,0.66,553.15,7.26,553.15,7.26,919.65,55.5,1945.22,802.21
2026-10-10T00:57:20Z,kalshi,SOL,KXSOL15M-26OCT092100-00,1791593100,740,0.67,0.69,184.77,8.28,184.77,8.28,425.83,9.68,1148.27,773.59
2026-10-10T00:57:20Z,kalshi,XRP,KXXRP15M-26OCT092100-00,1791593100,740,0.033,0.047,1.18,0.05,2.09,0.05,30.85,2.8,268.39,32.22
2026-10-10T00:58:20Z,polymarket,BTC,btc-updown-15m-1791593100,1791593100,800,0.63,0.64,1715.5,12.8,1715.5,12.8,1911.42,697.31,2157.59,2906.72
2026-10-10T00:58:20Z,polymarket,ETH,eth-updown-15m-1791593100,1791593100,800,0.83,0.84,5.36,208.12,5.36,208.12,9.46,265.92,486.72,664.25
2026-10-10T00:58:20Z,polymarket,SOL,sol-updown-15m-1791593100,1791593100,800,0.94,0.98,13.83,488.58,0,0,13.83,488.58,22.93,504.42
2026-10-10T00:58:20Z,polymarket,XRP,xrp-updown-15m-1791593100,1791593100,800,0.001,0.005,0.07,0.04,0.07,2.25,0.07,2.25,0.07,124.05
2026-10-10T00:58:20Z,kalshi,BTC,KXBTC15M-26OCT092100-00,1791593100,800,0.71,0.72,735.15,358.77,735.15,358.77,1106.18,723.77,1922.59,2599.6
2026-10-10T00:58:20Z,kalshi,ETH,KXETH15M-26OCT092100-00,1791593100,800,0.83,0.84,418.13,85.98,418.13,85.98,834.69,133.55,2114.45,1563.27
2026-10-10T00:58:20Z,kalshi,SOL,KXSOL15M-26OCT092100-00,1791593100,800,0.93,0.931,130.2,5.59,420.68,5.59,751.84,30.29,1768.93,5807.4
2026-10-10T00:58:20Z,kalshi,XRP,KXXRP15M-26OCT092100-00,1791593100,800,0.006,0.01,0.38,0.16,84.4,35.86,84.4,67.01,84.4,118.16
2026-10-10T00:59:20Z,polymarket,ETH,eth-updown-15m-1791593100,1791593100,860,0.95,0.98,66.5,11.49,0,0,66.5,11.49,104.1,32.28
2026-10-10T00:59:20Z,kalshi,BTC,KXBTC15M-26OCT092100-00,1791593100,860,0.997,0.998,28211.36,7931.33,60603.31,125312.71,74785.72,125312.71,87618.29,125312.71
2026-10-10T00:59:20Z,kalshi,ETH,KXETH15M-26OCT092100-00,1791593100,860,0.968,0.983,12.58,5.9,452.93,68.88,974.63,3358.42,1990.31,25942.2
2026-10-10T00:59:20Z,kalshi,SOL,KXSOL15M-26OCT092100-00,1791593100,860,0.997,0.998,1.48,1420.04,1040.07,4023.44,2121.83,4023.44,3117.81,4023.44
2026-10-10T01:00:20Z,polymarket,BTC,btc-updown-15m-1791594000,1791594000,20,0.45,0.46,47.76,149.9,47.76,149.9,87.36,358.11,2561.69,3164.73
2026-10-10T01:00:20Z,polymarket,ETH,eth-updown-15m-1791594000,1791594000,20,0.41,0.42,45.47,9.92,45.47,9.92,111.1,58.11,949.77,272.08
2026-10-10T01:00:20Z,polymarket,SOL,sol-updown-15m-1791594000,1791594000,20,0.48,0.52,10.56,10.62,0,0,10.56,10.62,609.53,54.02
2026-10-10T01:00:20Z,polymarket,XRP,xrp-updown-15m-1791594000,1791594000,20,0.48,0.54,4.8,8.57,0,0,0,0,20.72,15.23
2026-10-10T01:00:20Z,kalshi,BTC,KXBTC15M-26OCT092115-15,1791594000,20,0.45,0.46,1554.75,1696.62,1554.75,1696.62,1850.87,2484.11,3471.03,3978.24
2026-10-10T01:00:20Z,kalshi,ETH,KXETH15M-26OCT092115-15,1791594000,20,0.44,0.45,3.08,22.5,3.08,22.5,257.55,109.78,1215.02,688.45
2026-10-10T01:01:20Z,polymarket,BTC,btc-updown-15m-1791594000,1791594000,80,0.44,0.45,153.38,509.67,153.38,509.67,239.36,2320.75,532.46,7070.01
2026-10-10T01:01:20Z,polymarket,ETH,eth-updown-15m-1791594000,1791594000,80,0.35,0.36,5.6,38.81,5.6,38.81,26.0,88.76,427.31,235.81
2026-10-10T01:01:20Z,polymarket,SOL,sol-updown-15m-1791594000,1791594000,80,0.43,0.44,0.8,28.93,0.8,28.93,0.8,63.58,16.65,493.57
2026-10-10T01:01:20Z,polymarket,XRP,xrp-updown-15m-1791594000,1791594000,80,0.41,0.46,7.73,39.22,0,0,0,0,132.39,159.85
2026-10-10T01:01:20Z,kalshi,BTC,KXBTC15M-26OCT092115-15,1791594000,80,0.41,0.42,1869.28,1175.66,1869.28,1175.66,2676.08,4248.04,4046.96,8159.82
2026-10-10T01:01:20Z,kalshi,ETH,KXETH15M-26OCT092115-15,1791594000,80,0.36,0.38,37.44,7.95,37.44,7.95,232.79,297.33,903.91,1137.93
2026-10-10T01:01:20Z,kalshi,SOL,KXSOL15M-26OCT092115-15,1791594000,80,0.4,0.42,150.8,7.14,150.8,7.14,414.4,308.48,827.64,817.38
2026-10-10T01:01:20Z,kalshi,XRP,KXXRP15M-26OCT092115-15,1791594000,80,0.43,0.44,5.2,82.15,5.2,82.15,500.8,86.65,708.1,366.34
2026-10-10T01:02:20Z,polymarket,BTC,btc-updown-15m-1791594000,1791594000,140,0.43,0.44,90.3,185.68,90.3,185.68,161.7,284.12,643.08,3163.56
2026-10-10T01:02:20Z,polymarket,ETH,eth-updown-15m-1791594000,1791594000,140,0.32,0.33,32.64,19.14,32.64,19.14,98.05,83.74,360.76,256.64
2026-10-10T01:02:20Z,polymarket,SOL,sol-updown-15m-1791594000,1791594000,140,0.26,0.27,7.08,2.7,7.08,2.7,15.33,4.94,395.19,38.74
2026-10-10T01:02:20Z,polymarket,XRP,xrp-updown-15m-1791594000,1791594000,140,0.43,0.45,46.78,10.8,46.78,10.8,184.12,41.62,377.39,157.91
2026-10-10T01:02:20Z,kalshi,BTC,KXBTC15M-26OCT092115-15,1791594000,140,0.42,0.43,17412.97,997.54,17412.97,997.54,17718.52,1322.28,19528.23,5068.13
2026-10-10T01:02:20Z,kalshi,ETH,KXETH15M-26OCT092115-15,1791594000,140,0.35,0.36,24.15,184.24,24.15,184.24,101.34,396.55,550.31,1091.06
2026-10-10T01:02:20Z,kalshi,SOL,KXSOL15M-26OCT092115-15,1791594000,140,0.28,0.31,115.92,114.08,0,0,115.92,114.08,498.67,574.72
2026-10-10T01:02:20Z,kalshi,XRP,KXXRP15M-26OCT092115-15,1791594000,140,0.46,0.47,31.28,22.43,31.28,22.43,213.08,43.57,382.81,302.45
2026-10-10T01:03:20Z,polymarket,BTC,btc-updown-15m-1791594000,1791594000,200,0.56,0.57,96.88,549.61,96.88,549.61,178.28,1141.21,803.81,3185.6
2026-10-10T01:03:20Z,polymarket,ETH,eth-updown-15m-1791594000,1791594000,200,0.54,0.55,26.46,32.9,26.46,32.9,58.26,112.42,311.19,981.68
2026-10-10T01:03:20Z,polymarket,SOL,sol-updown-15m-1791594000,1791594000,200,0.31,0.32,22.2,2.56,22.2,2.56,43.8,13.12,278.96,60.44
2026-10-10T01:03:20Z,polymarket,XRP,xrp-updown-15m-1791594000,1791594000,200,0.45,0.46,9.0,47.79,9.0,47.79,32.01,81.63,343.67,149.76
2026-10-10T01:03:20Z,kalshi,BTC,KXBTC15M-26OCT092115-15,1791594000,200,0.53,0.54,1793.07,2210.93,1793.07,2210.93,2164.35,3347.23,3770.32,7779.77
2026-10-10T01:03:20Z,kalshi,ETH,KXETH15M-26OCT092115-15,1791594000,200,0.51,0.52,303.53,45.76,303.53,45.76,553.53,158.65,1305.21,1509.33
2026-10-10T01:03:20Z,kalshi,SOL,KXSOL15M-26OCT092115-15,1791594000,200,0.34,0.35,3.16,27.65,3.16,27.65,121.3,37.37,456.2,454.61
2026-10-10T01:03:20Z,kalshi,XRP,KXXRP15M-26OCT092115-15,1791594000,200,0.46,0.47,0.92,9.4,0.92,9.4,208.01,14.2,409.12,297.84
2026-10-10T01:04:20Z,polymarket,BTC,btc-updown-15m-1791594000,1791594000,260,0.69,0.7,366.89,435.11,366.89,435.11,625.97,598.41,1569.45,5276.86
2026-10-10T01:04:20Z,polymarket,ETH,eth-updown-15m-1791594000,1791594000,260,0.62,0.63,72.92,6.3,72.92,6.3,217.24,6.3,490.85,434.01
2026-10-10T01:04:20Z,polymarket,SOL,sol-updown-15m-1791594000,1791594000,260,0.53,0.54,12.19,35.34,12.19,35.34,16.35,132.15,83.78,556.82
2026-10-10T01:04:20Z,polymarket,XRP,xrp-updown-15m-1791594000,1791594000,260,0.66,0.67,42.09,3.35,42.09,3.35,99.29,19.67,597.19,100.27
2026-10-10T01:04:20Z,kalshi,BTC,KXBTC15M-26OCT092115-15,1791594000,260,0.68,0.69,714.36,1953.64,714.36,1953.64,1373.95,2653.02,2998.89,4414.92
2026-10-10T01:04:20Z,kalshi,ETH,KXETH15M-26OCT092115-15,1791594000,260,0.62,0.63,388.36,69.3,388.36,69.3,694.75,114.1,1805.34,1106.05
2026-10-10T01:04:20Z,kalshi,SOL,KXSOL15M-26OCT092115-15,1791594000,260,0.5,0.52,6.57,134.68,6.57,134.68,170.34,325.44,847.07,933.8
2026-10-10T01:04:20Z,kalshi,XRP,KXXRP15M-26OCT092115-15,1791594000,260,0.68,0.69,307.67,13.8,307.67,13.8,372.86,20.87,679.68,363.4
2026-10-10T01:05:20Z,polymarket,BTC,btc-updown-15m-1791594000,1791594000,320,0.65,0.66,744.86,24.7,744.86,24.7,4207.9,78.3,5916.04,659.05
2026-10-10T01:05:20Z,polymarket,ETH,eth-updown-15m-1791594000,1791594000,320,0.48,0.49,21.6,11.27,21.6,11.27,54.5,33.77,604.59,183.15
2026-10-10T01:05:20Z,polymarket,SOL,sol-updown-15m-1791594000,1791594000,320,0.43,0.46,3.44,19.79,0,0,3.44,19.79,74.84,86.52
2026-10-10T01:05:20Z,polymarket,XRP,xrp-updown-15m-1791594000,1791594000,320,0.66,0.67,10.56,23.45,10.56,23.45,43.06,72.41,171.54,239.09
2026-10-10T01:05:20Z,kalshi,BTC,KXBTC15M-26OCT092115-15,1791594000,320,0.68,0.69,1297.18,3058.86,1297.18,3058.86,3041.91,3614.1,4503.83,5883.32
2026-10-10T01:05:20Z,kalshi,ETH,KXETH15M-26OCT092115-15,1791594000,320,0.49,0.51,35.66,341.52,35.66,341.52,362.7,628.04,1227.62,1470.6
2026-10-10T01:05:20Z,kalshi,SOL,KXSOL15M-26OCT092115-15,1791594000,320,0.44,0.46,13.2,144.96,13.2,144.96,76.96,314.16,518.93,917.56
2026-10-10T01:05:20Z,kalshi,XRP,KXXRP15M-26OCT092115-15,1791594000,320,0.69,0.7,4.21,3.5,4.21,3.5,17.81,46.1,241.2,399.75
2026-10-10T01:06:20Z,polymarket,BTC,btc-updown-15m-1791594000,1791594000,380,0.69,0.7,368.09,381.44,368.09,381.44,699.91,475.49,6589.84,1565.46
2026-10-10T01:06:20Z,polymarket,ETH,eth-updown-15m-1791594000,1791594000,380,0.36,0.37,48.59,14.8,48.59,14.8,325.57,30.0,685.09,180.92
2026-10-10T01:06:20Z,polymarket,SOL,sol-updown-15m-1791594000,1791594000,380,0.56,0.57,4.48,8.55,4.48,8.55,13.88,17.25,129.16,127.43
2026-10-10T01:06:20Z,polymarket,XRP,xrp-updown-15m-1791594000,1791594000,380,0.75,0.76,101.02,20.39,101.02,20.39,154.3,34.25,392.9,183.48
2026-10-10T01:06:20Z,kalshi,BTC,KXBTC15M-26OCT092115-15,1791594000,380,0.7,0.71,2517.47,3070.13,2517.47,3070.13,3538.65,3697.25,4952.75,6832.48
2026-10-10T01:06:20Z,kalshi,ETH,KXETH15M-26OCT092115-15,1791594000,380,0.4,0.41,112.44,10.66,112.44,10.66,317.51,82.48,971.28,782.55
2026-10-10T01:06:20Z,kalshi,SOL,KXSOL15M-26OCT092115-15,1791594000,380,0.57,0.58,4.39,11.6,4.39,11.6,201.04,25.76,844.8,780.1
2026-10-10T01:06:20Z,kalshi,XRP,KXXRP15M-26OCT092115-15,1791594000,380,0.77,0.78,43.1,15.6,43.1,15.6,89.46,31.4,421.67,938.7
2026-10-10T01:07:20Z,polymarket,BTC,btc-updown-15m-1791594000,1791594000,440,0.77,0.78,22.04,865.8,22.04,865.8,76.0,1067.25,2810.12,5257.8
2026-10-10T01:07:20Z,polymarket,ETH,eth-updown-15m-1791594000,1791594000,440,0.6,0.61,93.65,7.31,93.65,7.31,123.74,55.52,380.38,311.66
2026-10-10T01:07:20Z,polymarket,SOL,sol-updown-15m-1791594000,1791594000,440,0.74,0.76,66.24,15.96,66.24,15.96,66.24,27.51,514.85,274.73
2026-10-10T01:07:20Z,polymarket,XRP,xrp-updown-15m-1791594000,1791594000,440,0.95,0.96,17.1,38.41,17.1,38.41,72.35,450.99,464.05,3002.09
2026-10-10T01:07:20Z,kalshi,BTC,KXBTC15M-26OCT092115-15,1791594000,440,0.77,0.78,1574.43,2118.11,1574.43,2118.11,3291.25,3150.9,4713.26,7413.96
2026-10-10T01:07:20Z,kalshi,ETH,KXETH15M-26OCT092115-15,1791594000,440,0.6,0.62,125.47,76.88,125.47,76.88,477.7,420.05,1313.95,1389.41
2026-10-10T01:07:20Z,kalshi,SOL,KXSOL15M-26OCT092115-15,1791594000,440,0.75,0.77,7.5,278.44,7.5,278.44,304.24,551.44,1590.87,1532.06
2026-10-10T01:07:20Z,kalshi,XRP,KXXRP15M-26OCT092115-15,1791594000,440,0.938,0.939,37.33,275.42,80.2,349.19,264.96,2424.84,1132.56,14853.86
2026-10-10T01:08:20Z,polymarket,BTC,btc-updown-15m-1791594000,1791594000,500,0.76,0.77,226.33,481.94,226.33,481.94,542.06,748.7,3563.85,2072.2
2026-10-10T01:08:20Z,polymarket,ETH,eth-updown-15m-1791594000,1791594000,500,0.43,0.45,25.97,26.59,25.97,26.59,38.57,26.59,636.93,75.46
2026-10-10T01:08:20Z,polymarket,SOL,sol-updown-15m-1791594000,1791594000,500,0.57,0.58,3.5,11.54,3.5,11.54,9.1,16.26,470.93,127.44
2026-10-10T01:08:20Z,polymarket,XRP,xrp-updown-15m-1791594000,1791594000,500,0.81,0.82,66.42,19.68,66.42,19.68,80.82,30.47,171.44,551.83
2026-10-10T01:08:20Z,kalshi,BTC,KXBTC15M-26OCT092115-15,1791594000,500,0.77,0.78,857.87,2319.67,857.87,2319.67,1342.75,3705.55,3381.89,7866.79
2026-10-10T01:08:20Z,kalshi,ETH,KXETH15M-26OCT092115-15,1791594000,500,0.44,0.47,295.68,58.28,0,0,295.68,58.28,955.64,966.25
2026-10-10T01:08:20Z,kalshi,SOL,KXSOL15M-26OCT092115-15,1791594000,500,0.58,0.59,216.04,17.7,216.04,17.7,415.54,101.78,1048.89,692.13
2026-10-10T01:08:20Z,kalshi,XRP,KXXRP15M-26OCT092115-15,1791594000,500,0.79,0.81,48.98,50.22,48.98,50.22,131.66,94.5,400.88,577.93
2026-10-10T01:09:20Z,polymarket,BTC,btc-updown-15m-1791594000,1791594000,560,0.81,0.82,496.79,85.71,496.79,85.71,708.79,1100.9,1332.17,4962.95
2026-10-10T01:09:20Z,polymarket,ETH,eth-updown-15m-1791594000,1791594000,560,0.46,0.47,69.26,4.7,69.26,4.7,89.96,37.03,451.43,209.35
2026-10-10T01:09:20Z,polymarket,SOL,sol-updown-15m-1791594000,1791594000,560,0.67,0.7,4.69,30.7,0,0,4.69,30.7,107.78,108.19
2026-10-10T01:09:20Z,polymarket,XRP,xrp-updown-15m-1791594000,1791594000,560,0.87,0.91,33.06,65.52,0,0,33.06,65.52,258.39,480.61
2026-10-10T01:09:20Z,kalshi,BTC,KXBTC15M-26OCT092115-15,1791594000,560,0.79,0.8,4425.75,999.35,4425.75,999.35,5573.13,2307.41,8041.0,3988.82
2026-10-10T01:09:20Z,kalshi,ETH,KXETH15M-26OCT092115-15,1791594000,560,0.49,0.5,0.74,322.32,0.74,322.32,0.74,582.78,440.44,1778.13
2026-10-10T01:09:20Z,kalshi,SOL,KXSOL15M-26OCT092115-15,1791594000,560,0.69,0.7,6.9,258.94,6.9,258.94,8.26,515.25,680.25,1318.75
2026-10-10T01:09:20Z,kalshi,XRP,KXXRP15M-26OCT092115-15,1791594000,560,0.89,0.9,14.64,17.01,14.64,43.21,91.34,497.59,592.85,1455.26
2026-10-10T01:10:20Z,polymarket,BTC,btc-updown-15m-1791594000,1791594000,620,0.96,0.97,260.16,850.37,260.16,850.37,398.48,4082.49,5143.56,11585.75
2026-10-10T01:10:20Z,polymarket,ETH,eth-updown-15m-1791594000,1791594000,620,0.87,0.88,114.44,132.62,114.44,132.62,147.59,332.87,172.13,1581.0
2026-10-10T01:10:20Z,polymarket,SOL,sol-updown-15m-1791594000,1791594000,620,0.97,0.98,31.86,10.93,31.86,10.93,180.66,16.87,1183.19,16.87
2026-10-10T01:10:20Z,kalshi,BTC,KXBTC15M-26OCT092115-15,1791594000,620,0.948,0.949,1541.23,82.97,4406.02,2658.66,6479.03,8858.98,12574.46,320169.63
2026-10-10T01:10:20Z,kalshi,ETH,KXETH15M-26OCT092115-15,1791594000,620,0.85,0.86,453.43,119.54,453.43,119.54,983.47,632.84,2314.94,2435.43
2026-10-10T01:10:20Z,kalshi,SOL,KXSOL15M-26OCT092115-15,1791594000,620,0.969,0.975,49.42,11.7,385.46,445.91,1366.64,5936.34,1731.53,54370.84
2026-10-10T01:10:20Z,kalshi,XRP,KXXRP15M-26OCT092115-15,1791594000,620,0.98,0.985,63.73,7.88,621.26,2068.29,2504.25,61996.39,3645.37,61996.39
2026-10-10T01:11:20Z,polymarket,BTC,btc-updown-15m-1791594000,1791594000,680,0.97,0.98,149.36,595.92,149.36,595.92,627.44,1738.92,18679.34,1738.92
2026-10-10T01:11:20Z,polymarket,ETH,eth-updown-15m-1791594000,1791594000,680,0.94,0.95,145.0,5.51,145.0,5.51,254.74,34.31,2250.54,2369.8
2026-10-10T01:11:20Z,kalshi,BTC,KXBTC15M-26OCT092115-15,1791594000,680,0.981,0.982,4833.78,257.28,11123.8,58474.49,14545.18,960390.54,21303.74,960390.54
2026-10-10T01:11:20Z,kalshi,ETH,KXETH15M-26OCT092115-15,1791594000,680,0.955,0.958,15.28,36.4,830.96,137.89,1874.01,1314.85,3625.15,115367.71
2026-10-10T01:11:20Z,kalshi,SOL,KXSOL15M-26OCT092115-15,1791594000,680,0.986,0.988,9.86,43.47,1181.03,16858.02,1985.75,45492.59,2687.48,45492.59
2026-10-10T01:11:20Z,kalshi,XRP,KXXRP15M-26OCT092115-15,1791594000,680,0.987,0.989,92.78,95.93,1067.07,38090.19,1923.36,60674.58,3330.76,60674.58
2026-10-10T01:12:20Z,polymarket,BTC,btc-updown-15m-1791594000,1791594000,740,0.989,0.99,4.95,461.67,431.62,1016.89,863.35,1016.89,22878.85,1016.89
2026-10-10T01:12:20Z,polymarket,ETH,eth-updown-15m-1791594000,1791594000,740,0.98,0.99,17.64,357.21,17.64,357.21,147.02,357.21,4159.52,357.21
2026-10-10T01:12:20Z,polymarket,SOL,sol-updown-15m-1791594000,1791594000,740,0.991,0.999,37.5,24.98,211.69,24.98,226.39,24.98,1710.55,24.98
2026-10-10T01:12:20Z,polymarket,XRP,xrp-updown-15m-1791594000,1791594000,740,0.991,0.999,7.15,50.62,675.39,50.62,694.99,50.62,3434.63,50.62
2026-10-10T01:12:20Z,kalshi,BTC,KXBTC15M-26OCT092115-15,1791594000,740,0.988,0.989,5634.35,0.02,15815.26,235770.53,18986.61,811586.98,27538.82,811586.98
2026-10-10T01:12:20Z,kalshi,ETH,KXETH15M-26OCT092115-15,1791594000,740,0.985,0.986,320.12,196.21,1672.54,12552.18,3783.27,87175.01,6165.58,87175.01
2026-10-10T01:12:20Z,kalshi,SOL,KXSOL15M-26OCT092115-15,1791594000,740,0.995,0.996,153.23,1590.61,1198.91,14854.54,1902.23,14854.54,3445.4,14854.54
2026-10-10T01:12:20Z,kalshi,XRP,KXXRP15M-26OCT092115-15,1791594000,740,0.995,0.997,1979.85,372.98,2577.76,7288.73,3360.82,7288.73,4708.97,7288.73
2026-10-10T01:13:20Z,polymarket,BTC,btc-updown-15m-1791594000,1791594000,800,0.992,0.997,47.8,49.85,7963.35,699.98,8545.26,699.98,76975.14,699.98
2026-10-10T01:13:20Z,polymarket,ETH,eth-updown-15m-1791594000,1791594000,800,0.991,0.999,44.58,24.98,308.77,24.98,375.41,24.98,4383.71,24.98
2026-10-10T01:13:20Z,polymarket,SOL,sol-updown-15m-1791594000,1791594000,800,0.991,0.999,24.77,64.93,5727.43,64.93,5756.68,64.93,8715.63,64.93
2026-10-10T01:13:20Z,kalshi,BTC,KXBTC15M-26OCT092115-15,1791594000,800,0.998,0.999,27265.05,330152.04,126938.56,330152.04,140455.64,330152.04,151793.82,330152.04
2026-10-10T01:13:20Z,kalshi,ETH,KXETH15M-26OCT092115-15,1791594000,800,0.995,0.998,1528.1,3336.09,2872.63,17912.94,4264.81,17912.94,9245.38,17912.94
2026-10-10T01:13:20Z,kalshi,SOL,KXSOL15M-26OCT092115-15,1791594000,800,0.998,0.999,86.25,2806.72,2946.76,2806.72,3896.47,2806.72,5940.27,2806.72
2026-10-10T01:13:20Z,kalshi,XRP,KXXRP15M-26OCT092115-15,1791594000,800,0.996,0.997,26.0,7.98,1910.76,5500.44,2093.74,5500.44,2899.49,5500.44
2026-10-10T01:15:20Z,polymarket,BTC,btc-updown-15m-1791594900,1791594900,20,0.48,0.49,203.28,45.65,203.28,45.65,429.82,103.63,3013.88,810.43
2026-10-10T01:15:20Z,polymarket,ETH,eth-updown-15m-1791594900,1791594900,20,0.41,0.42,36.16,12.6,36.16,12.6,52.16,29.8,838.75,130.8
2026-10-10T01:15:20Z,polymarket,SOL,sol-updown-15m-1791594900,1791594900,20,0.48,0.5,50.37,4.0,50.37,4.0,66.35,20.83,143.75,336.15
2026-10-10T01:15:20Z,polymarket,XRP,xrp-updown-15m-1791594900,1791594900,20,0.51,0.53,24.15,9.54,24.15,9.54,60.15,19.26,279.91,133.3
2026-10-10T01:15:20Z,kalshi,BTC,KXBTC15M-26OCT092130-30,1791594900,20,0.49,0.5,499.56,5868.59,499.56,5868.59,1154.62,7252.73,1942.84,8312.37
2026-10-10T01:16:20Z,polymarket,BTC,btc-updown-15m-1791594900,1791594900,80,0.38,0.39,181.55,25.26,181.55,25.26,316.23,81.26,3321.77,828.15
2026-10-10T01:16:20Z,polymarket,ETH,eth-updown-15m-1791594900,1791594900,80,0.32,0.33,46.54,16.5,46.54,16.5,154.42,93.0,841.33,312.2
2026-10-10T01:16:20Z,polymarket,SOL,sol-updown-15m-1791594900,1791594900,80,0.35,0.36,7.56,10.92,7.56,10.92,10.28,64.64,54.53,246.17
2026-10-10T01:16:20Z,polymarket,XRP,xrp-updown-15m-1791594900,1791594900,80,0.35,0.37,8.4,6.66,8.4,6.66,14.52,13.5,88.29,304.43
2026-10-10T01:16:20Z,kalshi,BTC,KXBTC15M-26OCT092130-30,1791594900,80,0.39,0.4,1281.28,491.81,1281.28,491.81,2074.72,1259.5,3575.29,6252.16
2026-10-10T01:16:20Z,kalshi,ETH,KXETH15M-26OCT092130-30,1791594900,80,0.35,0.36,34.15,9.0,34.15,9.0,261.15,249.12,1050.79,890.59
2026-10-10T01:16:20Z,kalshi,SOL,KXSOL15M-26OCT092130-30,1791594900,80,0.33,0.34,103.92,4.08,103.92,4.08,112.88,112.83,450.1,630.8
2026-10-10T01:16:20Z,kalshi,XRP,KXXRP15M-26OCT092130-30,1791594900,80,0.35,0.36,4.9,144.72,4.9,144.72,322.58,147.68,484.7,699.3
2026-10-10T01:17:20Z,polymarket,BTC,btc-updown-15m-1791594900,1791594900,140,0.37,0.38,268.43,36.86,268.43,36.86,535.69,186.62,4339.82,691.19
2026-10-10T01:17:20Z,polymarket,ETH,eth-updown-15m-1791594900,1791594900,140,0.24,0.25,9.6,23.67,9.6,23.67,14.2,69.17,144.01,243.85
2026-10-10T01:17:20Z,polymarket,SOL,sol-updown-15m-1791594900,1791594900,140,0.27,0.28,3.24,25.75,3.24,25.75,3.24,37.93,27.35,225.39
2026-10-10T01:17:20Z,polymarket,XRP,xrp-updown-15m-1791594900,1791594900,140,0.38,0.4,11.02,7.2,11.02,7.2,19.9,14.58,78.73,550.58
2026-10-10T01:17:20Z,kalshi,BTC,KXBTC15M-26OCT092130-30,1791594900,140,0.39,0.4,2235.77,347.21,2235.77,347.21,2867.33,1616.16,3723.93,4077.41
2026-10-10T01:17:20Z,kalshi,ETH,KXETH15M-26OCT092130-30,1791594900,140,0.25,0.27,25.75,162.02,25.75,162.02,57.91,311.54,453.13,976.33
2026-10-10T01:17:20Z,kalshi,SOL,KXSOL15M-26OCT092130-30,1791594900,140,0.25,0.27,97.25,2.7,97.25,2.7,260.69,116.66,494.25,452.95
2026-10-10T01:17:20Z,kalshi,XRP,KXXRP15M-26OCT092130-30,1791594900,140,0.36,0.38,6.84,25.46,6.84,25.46,128.22,367.64,582.14,574.61
2026-10-10T01:18:20Z,polymarket,BTC,btc-updown-15m-1791594900,1791594900,200,0.44,0.45,344.92,169.05,344.92,169.05,480.37,296.93,767.7,3604.04
2026-10-10T01:18:20Z,polymarket,ETH,eth-updown-15m-1791594900,1791594900,200,0.22,0.23,11.0,2.2,11.0,2.2,23.6,40.6,280.51,172.67
2026-10-10T01:18:20Z,polymarket,SOL,sol-updown-15m-1791594900,1791594900,200,0.39,0.4,4.68,33.94,4.68,33.94,4.68,47.06,18.67,482.88
2026-10-10T01:18:20Z,polymarket,XRP,xrp-updown-15m-1791594900,1791594900,200,0.63,0.69,23.31,12.42,0,0,0,0,715.68,130.68
2026-10-10T01:18:20Z,kalshi,BTC,KXBTC15M-26OCT092130-30,1791594900,200,0.42,0.43,1375.86,1748.13,1375.86,1748.13,2056.71,2088.54,3371.96,3030.87
2026-10-10T01:18:20Z,kalshi,ETH,KXETH15M-26OCT092130-30,1791594900,200,0.22,0.24,223.96,34.68,223.96,34.68,455.38,42.93,912.22,508.73
2026-10-10T01:18:20Z,kalshi,SOL,KXSOL15M-26OCT092130-30,1791594900,200,0.36,0.39,128.92,34.48,0,0,128.92,34.48,618.92,631.54
2026-10-10T01:18:20Z,kalshi,XRP,KXXRP15M-26OCT092130-30,1791594900,200,0.67,0.68,0.4,37.4,0.4,37.4,17.05,356.18,913.33,1679.49
2026-10-10T01:19:20Z,polymarket,BTC,btc-updown-15m-1791594900,1791594900,260,0.31,0.32,154.8,42.11,154.8,42.11,214.2,194.81,903.48,461.31
2026-10-10T01:19:20Z,polymarket,ETH,eth-updown-15m-1791594900,1791594900,260,0.15,0.16,19.52,7.35,19.52,7.35,22.52,29.38,147.05,220.74
2026-10-10T01:19:20Z,polymarket,SOL,sol-updown-15m-1791594900,1791594900,260,0.26,0.28,35.88,2.8,35.88,2.8,92.88,8.02,105.08,41.24
2026-10-10T01:19:20Z,polymarket,XRP,xrp-updown-15m-1791594900,1791594900,260,0.42,0.45,3.06,14.62,0,0,3.06,14.62,492.15,66.48
2026-10-10T01:19:20Z,kalshi,BTC,KXBTC15M-26OCT092130-30,1791594900,260,0.3,0.31,1378.2,294.56,1378.2,294.56,1862.3,452.99,2491.27,1069.9
2026-10-10T01:19:20Z,kalshi,ETH,KXETH15M-26OCT092130-30,1791594900,260,0.15,0.16,6.3,16.79,6.3,16.79,109.04,103.5,413.35,477.92
2026-10-10T01:19:20Z,kalshi,SOL,KXSOL15M-26OCT092130-30,1791594900,260,0.26,0.29,95.68,2.9,0,0,95.68,2.9,434.18,463.81
2026-10-10T01:19:20Z,kalshi,XRP,KXXRP15M-26OCT092130-30,1791594900,260,0.43,0.46,379.26,31.28,0,0,379.26,31.28,599.16,640.65
2026-10-10T01:20:20Z,polymarket,BTC,btc-updown-15m-1791594900,1791594900,320,0.32,0.33,67.2,424.9,67.2,424.9,89.59,1034.2,257.54,1986.4
2026-10-10T01:20:20Z,polymarket,ETH,eth-updown-15m-1791594900,1791594900,320,0.14,0.15,9.1,19.61,9.1,19.61,13.0,50.9,115.75,369.27
2026-10-10T01:20:20Z,polymarket,SOL,sol-updown-15m-1791594900,1791594900,320,0.26,0.27,33.91,2.7,33.91,2.7,35.91,4.94,154.69,67.75
2026-10-10T01:20:20Z,polymarket,XRP,xrp-updown-15m-1791594900,1791594900,320,0.4,0.42,10.0,7.56,10.0,7.56,12.84,15.3,91.33,81.9
2026-10-10T01:20:20Z,kalshi,BTC,KXBTC15M-26OCT092130-30,1791594900,320,0.28,0.29,1226.02,327.04,1226.02,327.04,1707.38,706.39,2649.5,1355.91
2026-10-10T01:20:20Z,kalshi,ETH,KXETH15M-26OCT092130-30,1791594900,320,0.14,0.15,49.28,72.49,49.28,72.49,82.22,176.02,477.32,492.51
2026-10-10T01:20:20Z,kalshi,SOL,KXSOL15M-26OCT092130-30,1791594900,320,0.26,0.27,43.93,5.4,43.93,5.4,136.43,5.68,418.83,370.31
2026-10-10T01:20:20Z,kalshi,XRP,KXXRP15M-26OCT092130-30,1791594900,320,0.4,0.41,3.6,0.82,3.6,0.82,286.3,5.86,462.22,379.48
2026-10-10T01:21:20Z,polymarket,BTC,btc-updown-15m-1791594900,1791594900,380,0.31,0.32,217.63,42.56,217.63,42.56,315.88,168.84,959.83,2816.03
2026-10-10T01:21:20Z,polymarket,ETH,eth-updown-15m-1791594900,1791594900,380,0.28,0.29,1.68,24.2,1.68,24.2,11.4,39.2,22.49,300.49
2026-10-10T01:21:20Z,polymarket,SOL,sol-updown-15m-1791594900,1791594900,380,0.24,0.25,2.4,2.0,2.4,2.0,7.0,24.69,33.57,209.27
2026-10-10T01:21:20Z,polymarket,XRP,xrp-updown-15m-1791594900,1791594900,380,0.39,0.4,7.96,7.2,7.96,7.2,15.56,14.58,44.12,92.64
2026-10-10T01:21:20Z,kalshi,BTC,KXBTC15M-26OCT092130-30,1791594900,380,0.3,0.31,543.46,1347.32,543.46,1347.32,1196.73,1752.12,1876.09,3344.47
2026-10-10T01:21:20Z,kalshi,ETH,KXETH15M-26OCT092130-30,1791594900,380,0.27,0.28,20.52,99.12,20.52,99.12,154.68,164.03,586.26,809.24
2026-10-10T01:21:20Z,kalshi,SOL,KXSOL15M-26OCT092130-30,1791594900,380,0.22,0.23,0.44,11.27,0.44,11.27,1.07,137.99,254.36,422.32
2026-10-10T01:21:20Z,kalshi,XRP,KXXRP15M-26OCT092130-30,1791594900,380,0.38,0.41,0.76,150.47,0,0,0.76,150.47,293.16,388.38
2026-10-10T01:22:20Z,polymarket,BTC,btc-updown-15m-1791594900,1791594900,440,0.27,0.28,72.9,1072.32,72.9,1072.32,112.72,1718.15,271.53,2412.22
2026-10-10T01:22:20Z,polymarket,ETH,eth-updown-15m-1791594900,1791594900,440,0.24,0.25,9.6,2.5,9.6,2.5,34.9,7.18,282.07,196.03
2026-10-10T01:22:20Z,polymarket,SOL,sol-updown-15m-1791594900,1791594900,440,0.14,0.15,7.45,1.2,7.45,1.2,12.0,2.8,30.74,81.93
2026-10-10T01:22:20Z,polymarket,XRP,xrp-updown-15m-1791594900,1791594900,440,0.5,0.54,23.64,9.72,0,0,23.64,9.72,129.13,92.15
2026-10-10T01:22:20Z,kalshi,BTC,KXBTC15M-26OCT092130-30,1791594900,440,0.23,0.24,622.84,742.1,622.84,742.1,946.94,1136.6,1582.86,1714.44
2026-10-10T01:22:20Z,kalshi,ETH,KXETH15M-26OCT092130-30,1791594900,440,0.24,0.25,197.04,25.75,197.04,25.75,341.02,51.75,653.39,589.56
2026-10-10T01:22:20Z,kalshi,SOL,KXSOL15M-26OCT092130-30,1791594900,440,0.13,0.14,1.3,1.4,1.3,1.4,45.46,25.55,144.78,221.65
2026-10-10T01:22:20Z,kalshi,XRP,KXXRP15M-26OCT092130-30,1791594900,440,0.5,0.51,180.0,5.1,180.0,5.1,209.89,30.58,444.7,476.14
2026-10-10T01:23:20Z,polymarket,BTC,btc-updown-15m-1791594900,1791594900,500,0.22,0.23,11.4,127.57,11.4,127.57,28.2,1086.49,160.5,2630.02
2026-10-10T01:23:20Z,polymarket,ETH,eth-updown-15m-1791594900,1791594900,500,0.25,0.26,10.0,17.49,10.0,17.49,19.6,49.89,213.83,168.14
2026-10-10T01:23:20Z,polymarket,SOL,sol-updown-15m-1791594900,1791594900,500,0.06,0.08,4.19,3.57,4.19,3.57,8.62,4.47,21.29,54.02
2026-10-10T01:23:20Z,polymarket,XRP,xrp-updown-15m-1791594900,1791594900,500,0.44,0.47,20.81,8.46,0,0,20.81,8.46,70.79,267.1
2026-10-10T01:23:20Z,kalshi,BTC,KXBTC15M-26OCT092130-30,1791594900,500,0.19,0.2,521.68,710.15,521.68,710.15,1082.02,1077.74,1774.14,1631.16
2026-10-10T01:23:20Z,kalshi,ETH,KXETH15M-26OCT092130-30,1791594900,500,0.26,0.27,24.18,184.55,24.18,184.55,114.02,310.27,672.94,858.23
2026-10-10T01:23:20Z,kalshi,SOL,KXSOL15M-26OCT092130-30,1791594900,500,0.056,0.064,0.56,6.0,8.62,18.5,27.36,55.04,315.43,230.29
2026-10-10T01:23:20Z,kalshi,XRP,KXXRP15M-26OCT092130-30,1791594900,500,0.42,0.44,134.71,176.44,134.71,176.44,134.71,208.39,344.6,566.39
2026-10-10T01:24:20Z,polymarket,BTC,btc-updown-15m-1791594900,1791594900,560,0.19,0.2,251.39,8.0,251.39,8.0,481.96,205.04,3273.17,428.39
2026-10-10T01:24:20Z,polymarket,ETH,eth-updown-15m-1791594900,1791594900,560,0.08,0.09,4.8,4.5,4.8,4.5,9.0,24.6,110.08,69.09
2026-10-10T01:24:20Z,polymarket,SOL,sol-updown-15m-1791594900,1791594900,560,0.06,0.07,2.29,1.26,2.29,1.26,5.22,3.9,10.23,86.99
2026-10-10T01:24:20Z,polymarket,XRP,xrp-updown-15m-1791594900,1791594900,560,0.51,0.53,2.9,32.09,2.9,32.09,49.9,41.81,132.41,390.1
2026-10-10T01:24:20Z,kalshi,BTC,KXBTC15M-26OCT092130-30,1791594900,560,0.21,0.22,1470.5,341.83,1470.5,341.83,2121.7,598.28,2843.58,1145.05
2026-10-10T01:24:20Z,kalshi,ETH,KXETH15M-26OCT092130-30,1791594900,560,0.091,0.096,0.91,0.1,40.13,11.26,98.46,83.2,428.67,298.94
2026-10-10T01:24:20Z,kalshi,SOL,KXSOL15M-26OCT092130-30,1791594900,560,0.046,0.058,1.33,1.09,5.13,1.15,20.93,14.28,309.11,107.64
2026-10-10T01:24:20Z,kalshi,XRP,KXXRP15M-26OCT092130-30,1791594900,560,0.49,0.5,0.05,1.5,0.05,1.5,4.37,2.52,231.7,265.51
2026-10-10T01:25:20Z,polymarket,BTC,btc-updown-15m-1791594900,1791594900,620,0.14,0.15,11.2,97.98,11.2,97.98,24.54,512.38,198.91,1186.12
2026-10-10T01:25:20Z,polymarket,ETH,eth-updown-15m-1791594900,1791594900,620,0.09,0.1,3.15,5.96,3.15,5.96,77.07,22.46,129.66,81.02
2026-10-10T01:25:20Z,polymarket,SOL,sol-updown-15m-1791594900,1791594900,620,0.06,0.08,7.16,0.64,7.16,0.64,9.11,1.36,12.11,22.53
2026-10-10T01:25:20Z,polymarket,XRP,xrp-updown-15m-1791594900,1791594900,620,0.52,0.55,5.72,9.9,0,0,5.72,9.9,32.67,302.77
2026-10-10T01:25:20Z,kalshi,BTC,KXBTC15M-26OCT092130-30,1791594900,620,0.12,0.13,339.59,354.07,339.59,354.07,395.51,672.25,1476.68,1033.22
2026-10-10T01:25:20Z,kalshi,ETH,KXETH15M-26OCT092130-30,1791594900,620,0.11,0.12,95.92,29.28,95.92,29.28,145.23,33.57,338.05,267.88
2026-10-10T01:25:20Z,kalshi,SOL,KXSOL15M-26OCT092130-30,1791594900,620,0.062,0.072,1.8,0.22,2.41,0.43,24.3,9.08,230.77,173.93
2026-10-10T01:25:20Z,kalshi,XRP,KXXRP15M-26OCT092130-30,1791594900,620,0.51,0.53,1.02,202.56,1.02,202.56,7.52,235.5,206.74,494.75
2026-10-10T01:26:20Z,polymarket,BTC,btc-updown-15m-1791594900,1791594900,680,0.48,0.49,101.99,157.85,101.99,157.85,172.02,260.35,418.89,7182.37
2026-10-10T01:26:20Z,polymarket,ETH,eth-updown-15m-1791594900,1791594900,680,0.51,0.52,72.09,37.96,72.09,37.96,152.09,37.96,212.33,42.28
2026-10-10T01:26:20Z,polymarket,SOL,sol-updown-15m-1791594900,1791594900,680,0.14,0.17,5.35,1.7,0,0,5.35,1.7,28.36,7.72
2026-10-10T01:26:20Z,polymarket,XRP,xrp-updown-15m-1791594900,1791594900,680,0.75,0.77,9.0,3.85,9.0,3.85,48.96,7.75,106.73,7.75
2026-10-10T01:26:20Z,kalshi,BTC,KXBTC15M-26OCT092130-30,1791594900,680,0.46,0.47,224.02,1699.88,224.02,1699.88,592.46,5995.41,1567.45,11326.14
2026-10-10T01:26:20Z,kalshi,ETH,KXETH15M-26OCT092130-30,1791594900,680,0.46,0.47,280.6,46.53,280.6,46.53,572.2,46.53,1335.87,331.71
2026-10-10T01:26:20Z,kalshi,SOL,KXSOL15M-26OCT092130-30,1791594900,680,0.13,0.14,6.11,45.17,6.11,45.17,11.26,92.57,143.16,224.95
2026-10-10T01:26:20Z,kalshi,XRP,KXXRP15M-26OCT092130-30,1791594900,680,0.74,0.75,270.1,0.6,270.1,0.6,271.56,37.84,624.6,477.11
2026-10-10T01:27:20Z,polymarket,BTC,btc-updown-15m-1791594900,1791594900,740,0.61,0.62,45.14,227.84,45.14,227.84,80.62,371.89,2499.38,946.27
2026-10-10T01:27:20Z,polymarket,ETH,eth-updown-15m-1791594900,1791594900,740,0.57,0.58,22.8,121.75,22.8,121.75,48.56,121.75,77.48,188.8
2026-10-10T01:27:20Z,polymarket,SOL,sol-updown-15m-1791594900,1791594900,740,0.11,0.12,1.0,14.52,1.0,14.52,2.61,68.21,10.81,83.15
2026-10-10T01:27:20Z,polymarket,XRP,xrp-updown-15m-1791594900,1791594900,740,0.83,0.86,4.98,138.46,0,0,4.98,138.46,112.69,713.3
2026-10-10T01:27:20Z,kalshi,BTC,KXBTC15M-26OCT092130-30,1791594900,740,0.62,0.63,859.39,3613.02,859.39,3613.02,2226.28,4657.56,3471.11,12151.09
2026-10-10T01:27:20Z,kalshi,ETH,KXETH15M-26OCT092130-30,1791594900,740,0.56,0.57,420.56,34.2,420.56,34.2,695.56,34.2,1530.99,646.04
2026-10-10T01:27:20Z,kalshi,SOL,KXSOL15M-26OCT092130-30,1791594900,740,0.063,0.082,5.25,0.08,5.25,0.08,41.86,48.84,110.95,169.31
2026-10-10T01:27:20Z,kalshi,XRP,KXXRP15M-26OCT092130-30,1791594900,740,0.8,0.81,227.41,31.98,227.41,31.98,308.78,79.51,688.46,762.91
2026-10-10T01:28:20Z,polymarket,BTC,btc-updown-15m-1791594900,1791594900,800,0.85,0.87,460.97,36.1,460.97,36.1,1351.37,113.54,2616.91,690.53
2026-10-10T01:28:20Z,polymarket,ETH,eth-updown-15m-1791594900,1791594900,800,0.92,0.93,307.36,10.42,307.36,10.42,389.26,38.62,913.31,222.45
2026-10-10T01:28:20Z,polymarket,SOL,sol-updown-15m-1791594900,1791594900,800,0.69,0.7,43.51,7.55,43.51,7.55,97.02,7.55,144.08,21.95
2026-10-10T01:28:20Z,kalshi,BTC,KXBTC15M-26OCT092130-30,1791594900,800,0.88,0.89,17.7,2070.39,17.7,2070.39,887.71,4179.57,2426.27,12035.46
2026-10-10T01:28:20Z,kalshi,ETH,KXETH15M-26OCT092130-30,1791594900,800,0.944,0.946,153.97,3.78,233.81,23.69,746.35,147.87,2623.35,38280.91
2026-10-10T01:28:20Z,kalshi,SOL,KXSOL15M-26OCT092130-30,1791594900,800,0.69,0.7,6.9,253.13,6.9,253.13,15.08,501.63,1133.84,1281.91
2026-10-10T01:28:20Z,kalshi,XRP,KXXRP15M-26OCT092130-30,1791594900,800,0.983,0.988,74.71,24.7,691.95,5266.78,1474.68,57515.29,2014.9,57515.29
2026-10-10T01:29:20Z,kalshi,BTC,KXBTC15M-26OCT092130-30,1791594900,860,0.002,0.003,77.32,4.71,216.67,146.61,216.67,231.33,216.67,657.94
2026-10-10T01:29:20Z,kalshi,ETH,KXETH15M-26OCT092130-30,1791594900,860,0.01,0.015,1.49,1.24,18.6,13.09,29.57,24.43,29.57,172.62
2026-10-10T01:29:20Z,kalshi,SOL,KXSOL15M-26OCT092130-30,1791594900,860,0.001,0.002,1.6,2.15,1.6,24.27,1.6,56.65,1.6,113.04
2026-10-10T01:29:20Z,kalshi,XRP,KXXRP15M-26OCT092130-30,1791594900,860,0.995,0.999,666.75,719.7,2764.96,719.7,2961.9,719.7,4721.08,719.7
2026-10-10T01:30:20Z,polymarket,BTC,btc-updown-15m-1791595800,1791595800,20,0.41,0.42,31.8,205.71,31.8,205.71,51.8,688.86,357.45,3210.54
2026-10-10T01:30:20Z,polymarket,ETH,eth-updown-15m-1791595800,1791595800,20,0.42,0.43,10.92,34.4,10.92,34.4,37.98,59.04,298.94,380.64
2026-10-10T01:30:20Z,polymarket,SOL,sol-updown-15m-1791595800,1791595800,20,0.4,0.41,9.2,3.47,9.2,3.47,12.32,13.13,62.1,237.91
2026-10-10T01:30:20Z,polymarket,XRP,xrp-updown-15m-1791595800,1791595800,20,0.37,0.39,13.51,7.02,13.51,7.02,27.19,14.22,74.95,111.33
2026-10-10T01:30:20Z,kalshi,SOL,KXSOL15M-26OCT092145-45,1791595800,20,0.39,0.4,151.32,0.8,151.32,0.8,284.32,21.71,682.86,470.9
2026-10-10T01:31:20Z,polymarket,BTC,btc-updown-15m-1791595800,1791595800,80,0.37,0.38,100.9,178.17,100.9,178.17,194.14,606.0,497.08,5958.44
2026-10-10T01:31:20Z,polymarket,ETH,eth-updown-15m-1791595800,1791595800,80,0.38,0.39,52.5,5.85,52.5,5.85,190.88,23.85,1116.64,144.35
2026-10-10T01:31:20Z,polymarket,SOL,sol-updown-15m-1791595800,1791595800,80,0.32,0.33,8.52,2.64,8.52,2.64,14.72,25.1,55.76,679.72
2026-10-10T01:31:20Z,polymarket,XRP,xrp-updown-15m-1791595800,1791595800,80,0.34,0.35,23.02,1.75,23.02,1.75,53.38,8.23,134.7,114.56
2026-10-10T01:31:20Z,kalshi,BTC,KXBTC15M-26OCT092145-45,1791595800,80,0.35,0.36,580.49,2158.03,580.49,2158.03,1026.16,3236.21,1946.12,8098.14
2026-10-10T01:31:20Z,kalshi,ETH,KXETH15M-26OCT092145-45,1791595800,80,0.4,0.41,693.0,104.11,693.0,104.11,693.04,375.86,1118.87,1188.35
2026-10-10T01:31:20Z,kalshi,SOL,KXSOL15M-26OCT092145-45,1791595800,80,0.31,0.32,5.29,241.96,5.29,241.96,5.89,370.66,324.12,642.88
2026-10-10T01:31:20Z,kalshi,XRP,KXXRP15M-26OCT092145-45,1791595800,80,0.35,0.36,0.7,338.59,0.7,338.59,1.72,490.29,573.04,687.02
2026-10-10T01:32:20Z,polymarket,BTC,btc-updown-15m-1791595800,1791595800,140,0.52,0.53,316.14,118.19,316.14,118.19,800.64,206.21,3257.83,618.03
2026-10-10T01:32:20Z,polymarket,ETH,eth-updown-15m-1791595800,1791595800,140,0.6,0.61,77.62,33.55,77.62,33.55,180.87,40.37,416.51,263.92
2026-10-10T01:32:20Z,polymarket,SOL,sol-updown-15m-1791595800,1791595800,140,0.62,0.63,12.4,11.34,12.4,11.34,35.58,22.86,254.09,187.31
2026-10-10T01:32:20Z,polymarket,XRP,xrp-updown-15m-1791595800,1791595800,140,0.63,0.65,70.88,3.25,70.88,3.25,113.66,15.13,548.38,186.85
2026-10-10T01:32:20Z,kalshi,BTC,KXBTC15M-26OCT092145-45,1791595800,140,0.54,0.55,1619.58,1694.2,1619.58,1694.2,2320.2,2876.36,3967.49,4120.62
2026-10-10T01:32:20Z,kalshi,ETH,KXETH15M-26OCT092145-45,1791595800,140,0.61,0.62,1.22,370.82,1.22,370.82,2.42,748.82,1022.9,2157.59
2026-10-10T01:32:20Z,kalshi,SOL,KXSOL15M-26OCT092145-45,1791595800,140,0.62,0.65,95.83,173.67,0,0,95.83,173.67,958.44,1162.84
2026-10-10T01:32:20Z,kalshi,XRP,KXXRP15M-26OCT092145-45,1791595800,140,0.65,0.66,257.11,617.76,257.11,617.76,258.39,657.96,1115.91,710.98
2026-10-10T01:33:20Z,polymarket,BTC,btc-updown-15m-1791595800,1791595800,200,0.32,0.33,8.77,398.19,8.77,398.19,34.08,2362.93,277.42,4236.82
2026-10-10T01:33:20Z,polymarket,ETH,eth-updown-15m-1791595800,1791595800,200,0.42,0.43,22.68,27.52,22.68,27.52,27.6,64.48,194.9,82.62
2026-10-10T01:33:20Z,polymarket,SOL,sol-updown-15m-1791595800,1791595800,200,0.51,0.53,5.1,4.24,5.1,4.24,15.1,8.56,422.87,41.77
2026-10-10T01:33:20Z,polymarket,XRP,xrp-updown-15m-1791595800,1791595800,200,0.5,0.51,10.5,25.76,10.5,25.76,10.5,75.9,36.0,78.6
2026-10-10T01:33:20Z,kalshi,BTC,KXBTC15M-26OCT092145-45,1791595800,200,0.29,0.3,290.0,1795.81,290.0,1795.81,345.32,2658.85,1514.18,3522.04
2026-10-10T01:33:20Z,kalshi,ETH,KXETH15M-26OCT092145-45,1791595800,200,0.42,0.43,18.9,47.73,18.9,47.73,211.03,103.61,1176.86,991.68
2026-10-10T01:33:20Z,kalshi,SOL,KXSOL15M-26OCT092145-45,1791595800,200,0.53,0.54,204.58,194.4,204.58,194.4,386.58,198.25,936.62,814.05
2026-10-10T01:33:20Z,kalshi,XRP,KXXRP15M-26OCT092145-45,1791595800,200,0.48,0.51,192.0,446.25,0,0,192.0,446.25,382.88,723.68
2026-10-10T01:34:20Z,polymarket,BTC,btc-updown-15m-1791595800,1791595800,260,0.3,0.31,27.0,142.2,27.0,142.2,75.72,450.04,265.1,2955.61
2026-10-10T01:34:20Z,polymarket,ETH,eth-updown-15m-1791595800,1791595800,260,0.49,0.5,22.05,21.5,22.05,21.5,69.45,30.17,113.45,970.23
2026-10-10T01:34:20Z,polymarket,SOL,sol-updown-15m-1791595800,1791595800,260,0.53,0.55,9.54,15.4,9.54,15.4,16.3,25.48,83.58,678.62
2026-10-10T01:34:20Z,polymarket,XRP,xrp-updown-15m-1791595800,1791595800,260,0.51,0.52,6.12,96.44,6.12,96.44,6.12,122.94,49.56,320.63
2026-10-10T01:34:20Z,kalshi,BTC,KXBTC15M-26OCT092145-45,1791595800,260,0.28,0.29,860.4,953.26,860.4,953.26,1181.73,1540.04,2185.53,2372.84
2026-10-10T01:34:20Z,kalshi,ETH,KXETH15M-26OCT092145-45,1791595800,260,0.47,0.48,70.97,252.0,70.97,252.0,126.17,497.98,1054.36,1394.55
2026-10-10T01:34:20Z,kalshi,SOL,KXSOL15M-26OCT092145-45,1791595800,260,0.52,0.54,185.12,193.38,185.12,193.38,364.13,407.88,1101.12,1033.82
2026-10-10T01:34:20Z,kalshi,XRP,KXXRP15M-26OCT092145-45,1791595800,260,0.47,0.49,1.88,29.4,1.88,29.4,408.06,33.9,874.62,711.72
2026-10-10T01:35:20Z,polymarket,BTC,btc-updown-15m-1791595800,1791595800,320,0.35,0.36,4.9,185.93,4.9,185.93,6.6,384.99,375.52,3568.88
2026-10-10T01:35:20Z,polymarket,ETH,eth-updown-15m-1791595800,1791595800,320,0.54,0.55,7.02,30.25,7.02,30.25,28.22,104.93,190.53,513.83
2026-10-10T01:35:20Z,polymarket,SOL,sol-updown-15m-1791595800,1791595800,320,0.58,0.59,5.8,4.72,5.8,4.72,11.5,83.85,99.17,394.65
2026-10-10T01:35:20Z,polymarket,XRP,xrp-updown-15m-1791595800,1791595800,320,0.65,0.68,13.0,12.24,0,0,13.0,12.24,155.04,109.0
2026-10-10T01:35:20Z,kalshi,BTC,KXBTC15M-26OCT092145-45,1791595800,320,0.34,0.35,15.5,1377.91,15.5,1377.91,506.9,2417.65,1624.56,3310.03
2026-10-10T01:35:20Z,kalshi,ETH,KXETH15M-26OCT092145-45,1791595800,320,0.52,0.55,323.44,138.05,0,0,323.44,138.05,1119.3,1259.39
2026-10-10T01:35:20Z,kalshi,SOL,KXSOL15M-26OCT092145-45,1791595800,320,0.57,0.58,17.1,6.66,17.1,6.66,218.7,105.19,855.87,868.55
2026-10-10T01:35:20Z,kalshi,XRP,KXXRP15M-26OCT092145-45,1791595800,320,0.66,0.67,0.66,18.09,0.66,18.09,1.31,363.53,541.43,980.25
2026-10-10T01:36:20Z,polymarket,BTC,btc-updown-15m-1791595800,1791595800,380,0.3,0.31,43.5,165.92,43.5,165.92,99.95,545.44,330.89,3040.38
2026-10-10T01:36:20Z,polymarket,ETH,eth-updown-15m-1791595800,1791595800,380,0.39,0.4,15.6,43.46,15.6,43.46,15.6,108.88,101.89,607.14
2026-10-10T01:36:20Z,polymarket,SOL,sol-updown-15m-1791595800,1791595800,380,0.43,0.44,4.3,41.53,4.3,41.53,4.3,75.28,59.52,327.87
2026-10-10T01:36:20Z,polymarket,XRP,xrp-updown-15m-1791595800,1791595800,380,0.52,0.53,13.52,30.74,13.52,30.74,16.58,40.46,143.88,455.01
2026-10-10T01:36:20Z,kalshi,BTC,KXBTC15M-26OCT092145-45,1791595800,380,0.28,0.29,900.78,884.1,900.78,884.1,1068.18,1433.4,2370.37,2183.02
2026-10-10T01:36:20Z,kalshi,ETH,KXETH15M-26OCT092145-45,1791595800,380,0.36,0.38,224.28,23.19,224.28,23.19,461.23,30.99,1086.46,746.95
2026-10-10T01:36:20Z,kalshi,SOL,KXSOL15M-26OCT092145-45,1791595800,380,0.41,0.42,11.07,10.92,11.07,10.92,145.99,165.72,599.74,740.12
2026-10-10T01:36:20Z,kalshi,XRP,KXXRP15M-26OCT092145-45,1791595800,380,0.5,0.52,200.61,5.2,200.61,5.2,201.59,264.16,489.7,692.39
2026-10-10T01:37:20Z,polymarket,BTC,btc-updown-15m-1791595800,1791595800,440,0.32,0.33,175.55,55.42,175.55,55.42,286.22,200.94,763.97,2778.58
2026-10-10T01:37:20Z,polymarket,ETH,eth-updown-15m-1791595800,1791595800,440,0.35,0.36,20.75,21.96,20.75,21.96,24.15,85.23,372.24,265.21
2026-10-10T01:37:20Z,polymarket,SOL,sol-updown-15m-1791595800,1791595800,440,0.49,0.51,22.05,10.3,22.05,10.3,49.41,16.02,354.57,173.3
2026-10-10T01:37:20Z,polymarket,XRP,xrp-updown-15m-1791595800,1791595800,440,0.55,0.57,9.9,16.89,9.9,16.89,20.7,50.53,95.37,191.9
2026-10-10T01:37:20Z,kalshi,BTC,KXBTC15M-26OCT092145-45,1791595800,440,0.31,0.32,1108.88,505.15,1108.88,505.15,1367.28,1310.57,2552.29,2815.46
2026-10-10T01:37:20Z,kalshi,ETH,KXETH15M-26OCT092145-45,1791595800,440,0.36,0.38,41.52,41.67,41.52,41.67,252.39,315.45,724.11,1055.87
2026-10-10T01:37:20Z,kalshi,SOL,KXSOL15M-26OCT092145-45,1791595800,440,0.5,0.51,42.15,10.2,42.15,10.2,283.72,196.36,829.49,850.55
2026-10-10T01:37:20Z,kalshi,XRP,KXXRP15M-26OCT092145-45,1791595800,440,0.55,0.57,15.95,0.06,15.95,0.06,206.49,16.3,443.86,620.18
2026-10-10T01:38:20Z,polymarket,BTC,btc-updown-15m-1791595800,1791595800,500,0.55,0.56,194.82,172.75,194.82,172.75,520.44,238.3,1351.63,5032.74
2026-10-10T01:38:20Z,polymarket,ETH,eth-updown-15m-1791595800,1791595800,500,0.7,0.71,25.77,31.95,25.77,31.95,80.97,68.46,406.02,1629.65
2026-10-10T01:38:20Z,polymarket,SOL,sol-updown-15m-1791595800,1791595800,500,0.81,0.82,6.48,100.86,6.48,100.86,12.88,109.16,132.51,832.57
2026-10-10T01:38:20Z,polymarket,XRP,xrp-updown-15m-1791595800,1791595800,500,0.71,0.72,4.26,28.8,4.26,28.8,35.86,58.73,203.17,823.58
2026-10-10T01:38:20Z,kalshi,BTC,KXBTC15M-26OCT092145-45,1791595800,500,0.54,0.55,1503.46,2459.42,1503.46,2459.42,2188.52,3298.95,4045.12,4612.23
2026-10-10T01:38:20Z,kalshi,ETH,KXETH15M-26OCT092145-45,1791595800,500,0.68,0.69,38.79,359.5,38.79,359.5,104.45,644.93,1188.43,2209.42
2026-10-10T01:38:20Z,kalshi,SOL,KXSOL15M-26OCT092145-45,1791595800,500,0.78,0.8,280.02,117.6,280.02,117.6,574.93,410.01,1420.73,1338.31
2026-10-10T01:38:20Z,kalshi,XRP,KXXRP15M-26OCT092145-45,1791595800,500,0.69,0.7,13.8,243.84,13.8,243.84,15.16,605.24,353.79,3331.08
2026-10-10T01:39:20Z,polymarket,BTC,btc-updown-15m-1791595800,1791595800,560,0.53,0.54,74.73,301.44,74.73,301.44,360.73,460.94,2896.57,4734.56
2026-10-10T01:39:20Z,polymarket,ETH,eth-updown-15m-1791595800,1791595800,560,0.8,0.82,96.0,183.44,96.0,183.44,222.4,700.53,637.6,863.23
2026-10-10T01:39:20Z,polymarket,SOL,sol-updown-15m-1791595800,1791595800,560,0.86,0.88,8.66,91.52,8.66,91.52,42.01,160.94,230.59,483.94
2026-10-10T01:39:20Z,polymarket,XRP,xrp-updown-15m-1791595800,1791595800,560,0.7,0.72,15.31,14.4,15.31,14.4,15.31,29.0,120.97,157.18
2026-10-10T01:39:20Z,kalshi,BTC,KXBTC15M-26OCT092145-45,1791595800,560,0.53,0.54,1251.46,2829.1,1251.46,2829.1,2111.21,3188.8,3660.72,4718.69
2026-10-10T01:39:20Z,kalshi,ETH,KXETH15M-26OCT092145-45,1791595800,560,0.76,0.77,21.28,83.93,21.28,83.93,352.51,161.93,1486.92,1296.03
2026-10-10T01:39:20Z,kalshi,SOL,KXSOL15M-26OCT092145-45,1791595800,560,0.85,0.86,24.65,17.2,24.65,17.2,369.89,118.99,1384.71,1265.83
2026-10-10T01:39:20Z,kalshi,XRP,KXXRP15M-26OCT092145-45,1791595800,560,0.67,0.72,4.69,0.72,0,0,0,0,222.93,2426.81
2026-10-10T01:40:20Z,polymarket,BTC,btc-updown-15m-1791595800,1791595800,620,0.58,0.59,110.14,297.86,110.14,297.86,304.51,390.86,1182.66,3629.74
2026-10-10T01:40:20Z,polymarket,ETH,eth-updown-15m-1791595800,1791595800,620,0.81,0.82,48.98,9.79,48.98,9.79,176.98,47.14,490.79,1048.31
2026-10-10T01:40:20Z,polymarket,SOL,sol-updown-15m-1791595800,1791595800,620,0.87,0.91,25.23,51.07,0,0,25.23,51.07,428.44,925.29
2026-10-10T01:40:20Z,polymarket,XRP,xrp-updown-15m-1791595800,1791595800,620,0.86,0.89,59.86,17.8,0,0,59.86,17.8,311.11,540.7
2026-10-10T01:40:20Z,kalshi,BTC,KXBTC15M-26OCT092145-45,1791595800,620,0.57,0.58,1052.9,1776.96,1052.9,1776.96,1456.1,2170.19,2738.66,4118.97
2026-10-10T01:40:20Z,kalshi,ETH,KXETH15M-26OCT092145-45,1791595800,620,0.79,0.8,24.49,79.28,24.49,79.28,416.05,99.53,1983.88,1250.55
2026-10-10T01:40:20Z,kalshi,SOL,KXSOL15M-26OCT092145-45,1791595800,620,0.88,0.89,140.8,280.35,140.8,280.35,172.89,593.18,1727.02,2541.49
2026-10-10T01:40:20Z,kalshi,XRP,KXXRP15M-26OCT092145-45,1791595800,620,0.87,0.89,1.74,381.12,1.74,381.12,20.66,1257.43,687.25,2921.09
2026-10-10T01:41:20Z,polymarket,BTC,btc-updown-15m-1791595800,1791595800,680,0.77,0.78,512.28,31.2,512.28,31.2,700.0,102.3,1949.42,646.7
2026-10-10T01:41:20Z,polymarket,ETH,eth-updown-15m-1791595800,1791595800,680,0.97,0.98,27.8,34.3,27.8,34.3,27.8,1798.46,635.17,1798.46
2026-10-10T01:41:20Z,polymarket,SOL,sol-updown-15m-1791595800,1791595800,680,0.97,0.98,120.77,4.9,120.77,4.9,120.77,101.92,449.96,101.92
2026-10-10T01:41:20Z,kalshi,BTC,KXBTC15M-26OCT092145-45,1791595800,680,0.76,0.77,3609.05,5.23,3609.05,5.23,5062.55,451.37,6258.89,2041.92
2026-10-10T01:41:20Z,kalshi,ETH,KXETH15M-26OCT092145-45,1791595800,680,0.963,0.964,105.93,0.6,260.0,55.93,1454.64,2563.23,2891.58,108654.63
2026-10-10T01:41:20Z,kalshi,SOL,KXSOL15M-26OCT092145-45,1791595800,680,0.96,0.975,23.6,26.06,136.65,66.08,192.01,935.79,1119.63,60360.68
2026-10-10T01:41:20Z,kalshi,XRP,KXXRP15M-26OCT092145-45,1791595800,680,0.982,0.983,35.35,73.72,79.35,7286.44,807.68,73561.85,1701.51,73561.85
2026-10-10T01:42:20Z,polymarket,BTC,btc-updown-15m-1791595800,1791595800,740,0.85,0.86,269.97,143.62,269.97,143.62,524.49,301.09,4323.96,3994.67
2026-10-10T01:42:20Z,polymarket,ETH,eth-updown-15m-1791595800,1791595800,740,0.82,0.83,57.94,70.55,57.94,70.55,155.14,78.95,460.92,1491.31
2026-10-10T01:42:20Z,polymarket,SOL,sol-updown-15m-1791595800,1791595800,740,0.93,0.95,8.37,99.75,8.37,99.75,13.89,114.15,143.17,1663.45
2026-10-10T01:42:20Z,polymarket,XRP,xrp-updown-15m-1791595800,1791595800,740,0.95,0.97,10.14,32.34,10.14,32.34,47.74,95.06,522.65,714.8
2026-10-10T01:42:20Z,kalshi,BTC,KXBTC15M-26OCT092145-45,1791595800,740,0.85,0.86,1853.93,1518.01,1853.93,1518.01,2547.77,2254.49,4293.02,5006.6
2026-10-10T01:42:20Z,kalshi,ETH,KXETH15M-26OCT092145-45,1791595800,740,0.81,0.82,151.21,464.69,151.21,464.69,170.41,879.69,1878.07,2182.21
2026-10-10T01:42:20Z,kalshi,SOL,KXSOL15M-26OCT092145-45,1791595800,740,0.914,0.929,44.79,0.93,386.81,0.93,530.5,46.06,1492.59,5091.92
2026-10-10T01:42:20Z,kalshi,XRP,KXXRP15M-26OCT092145-45,1791595800,740,0.944,0.959,113.28,95.9,150.98,112.23,217.52,985.47,1454.52,82904.06
2026-10-10T01:43:20Z,polymarket,BTC,btc-updown-15m-1791595800,1791595800,800,0.91,0.92,649.78,185.85,649.78,185.85,3443.38,313.26,8080.38,3126.46
2026-10-10T01:43:20Z,polymarket,ETH,eth-updown-15m-1791595800,1791595800,800,0.92,0.93,151.68,32.55,151.68,32.55,269.98,32.55,601.45,520.93
2026-10-10T01:43:20Z,polymarket,SOL,sol-updown-15m-1791595800,1791595800,800,0.96,0.99,134.09,105.24,0,0,134.09,105.24,274.16,105.24
2026-10-10T01:43:20Z,kalshi,BTC,KXBTC15M-26OCT092145-45,1791595800,800,0.928,0.929,383.04,50.17,3613.66,1973.74,4990.94,3935.74,8919.42,28240.34
2026-10-10T01:43:20Z,kalshi,ETH,KXETH15M-26OCT092145-45,1791595800,800,0.94,0.942,4.7,103.29,4.7,254.54,124.07,809.7,1454.53,21218.22
2026-10-10T01:43:20Z,kalshi,SOL,KXSOL15M-26OCT092145-45,1791595800,800,0.983,0.988,6.71,258.67,118.6,4949.3,147.68,40958.85,1381.15,40958.85
2026-10-10T01:43:20Z,kalshi,XRP,KXXRP15M-26OCT092145-45,1791595800,800,0.985,0.987,0.1,226.89,256.72,14018.34,559.47,61965.41,2398.74,61965.41
2026-10-10T01:44:20Z,kalshi,BTC,KXBTC15M-26OCT092145-45,1791595800,860,0.998,0.999,4037.9,96782.47,32070.32,96782.47,34700.44,96782.47,43160.16,96782.47
2026-10-10T01:44:20Z,kalshi,XRP,KXXRP15M-26OCT092145-45,1791595800,860,0.998,0.999,1205.54,414.62,6355.94,414.62,7096.44,414.62,9131.95,414.62
2026-10-10T01:45:20Z,polymarket,BTC,btc-updown-15m-1791596700,1791596700,20,0.49,0.5,288.27,18.33,288.27,18.33,621.91,117.79,4091.3,725.43
2026-10-10T01:45:20Z,polymarket,ETH,eth-updown-15m-1791596700,1791596700,20,0.6,0.61,74.97,19.54,74.97,19.54,178.81,19.54,733.82,159.33
2026-10-10T01:45:20Z,polymarket,SOL,sol-updown-15m-1791596700,1791596700,20,0.69,0.7,40.97,18.67,40.97,18.67,69.53,46.36,173.85,404.29
2026-10-10T01:45:20Z,polymarket,XRP,xrp-updown-15m-1791596700,1791596700,20,0.68,0.69,12.24,26.43,12.24,26.43,24.3,39.03,105.34,255.59
2026-10-10T01:45:20Z,kalshi,ETH,KXETH15M-26OCT092200-00,1791596700,20,0.61,0.63,9.15,100.04,9.15,100.04,369.75,472.52,967.38,1839.74
2026-10-10T01:46:20Z,polymarket,BTC,btc-updown-15m-1791596700,1791596700,80,0.69,0.7,317.98,11.9,317.98,11.9,706.94,50.95,1724.11,5537.24
2026-10-10T01:46:20Z,polymarket,ETH,eth-updown-15m-1791596700,1791596700,80,0.74,0.75,121.81,28.99,121.81,28.99,303.8,28.99,1800.72,75.8
2026-10-10T01:46:20Z,polymarket,SOL,sol-updown-15m-1791596700,1791596700,80,0.8,0.81,75.18,58.82,75.18,58.82,130.48,99.82,391.9,243.6
2026-10-10T01:46:20Z,polymarket,XRP,xrp-updown-15m-1791596700,1791596700,80,0.8,0.81,14.4,16.2,14.4,16.2,85.16,104.9,200.26,451.26
2026-10-10T01:46:20Z,kalshi,BTC,KXBTC15M-26OCT092200-00,1791596700,80,0.68,0.69,2582.37,1710.16,2582.37,1710.16,4323.34,2515.84,6705.9,5293.57
2026-10-10T01:46:20Z,kalshi,ETH,KXETH15M-26OCT092200-00,1791596700,80,0.75,0.77,689.92,188.8,689.92,188.8,1085.08,719.98,2698.05,2298.66
2026-10-10T01:46:20Z,kalshi,SOL,KXSOL15M-26OCT092200-00,1791596700,80,0.77,0.78,438.71,22.44,438.71,22.44,712.31,22.44,1559.85,397.04
2026-10-10T01:46:20Z,kalshi,XRP,KXXRP15M-26OCT092200-00,1791596700,80,0.78,0.8,751.01,76.8,751.01,76.8,776.79,142.45,1232.49,1316.18
2026-10-10T01:47:20Z,polymarket,BTC,btc-updown-15m-1791596700,1791596700,140,0.69,0.7,75.21,1352.56,75.21,1352.56,254.73,1796.31,538.22,2671.57
2026-10-10T01:47:20Z,polymarket,ETH,eth-updown-15m-1791596700,1791596700,140,0.75,0.77,30.0,50.05,30.0,50.05,33.7,309.74,277.5,1012.71
2026-10-10T01:47:20Z,polymarket,SOL,sol-updown-15m-1791596700,1791596700,140,0.82,0.84,12.3,15.64,12.3,15.64,121.65,83.64,345.36,763.0
2026-10-10T01:47:20Z,polymarket,XRP,xrp-updown-15m-1791596700,1791596700,140,0.8,0.81,14.4,4.86,14.4,4.86,38.8,11.42,190.84,82.97
2026-10-10T01:47:20Z,kalshi,BTC,KXBTC15M-26OCT092200-00,1791596700,140,0.64,0.65,0.64,1665.96,0.64,1665.96,732.69,3326.25,1831.52,5560.13
2026-10-10T01:47:20Z,kalshi,ETH,KXETH15M-26OCT092200-00,1791596700,140,0.73,0.74,137.69,185.07,137.69,185.07,591.29,192.57,1812.27,1734.05
2026-10-10T01:47:20Z,kalshi,SOL,KXSOL15M-26OCT092200-00,1791596700,140,0.82,0.83,9.18,321.57,9.18,321.57,20.52,629.01,372.96,2212.5
2026-10-10T01:47:20Z,kalshi,XRP,KXXRP15M-26OCT092200-00,1791596700,140,0.81,0.82,21.49,49.28,21.49,49.28,37.49,89.12,1089.37,2135.64
