ts,platform,asset,market,window_start,secs_into_window,best_bid,best_ask,bid_usd,ask_usd,bid_1c_usd,ask_1c_usd,bid_2c_usd,ask_2c_usd,bid_5c_usd,ask_5c_usd
2026-10-05T00:00:54Z,polymarket,BTC,btc-updown-15m-1791158400,1791158400,54,0.32,0.33,38.72,136.95,38.72,136.95,75.92,221.89,704.04,702.4
2026-10-05T00:00:54Z,polymarket,ETH,eth-updown-15m-1791158400,1791158400,54,0.33,0.34,8.25,13.6,8.25,13.6,24.25,38.1,332.2,351.25
2026-10-05T00:00:54Z,polymarket,SOL,sol-updown-15m-1791158400,1791158400,54,0.29,0.3,25.02,5.7,25.02,5.7,34.26,10.04,293.29,41.68
2026-10-05T00:00:54Z,polymarket,XRP,xrp-updown-15m-1791158400,1791158400,54,0.31,0.32,16.83,5.76,16.83,5.76,30.33,29.52,335.56,105.99
2026-10-05T00:00:54Z,kalshi,BTC,KXBTC15M-26OCT042015-15,1791158400,54,0.32,0.33,1312.32,1863.07,1312.32,1863.07,1376.47,2737.5,1912.37,3661.46
2026-10-05T00:00:54Z,kalshi,ETH,KXETH15M-26OCT042015-15,1791158400,54,0.33,0.34,13.86,15.64,13.86,15.64,184.1,225.99,718.11,924.52
2026-10-05T00:00:54Z,kalshi,SOL,KXSOL15M-26OCT042015-15,1791158400,54,0.3,0.32,1.5,84.0,1.5,84.0,4.69,208.08,353.26,597.78
2026-10-05T00:00:54Z,kalshi,XRP,KXXRP15M-26OCT042015-15,1791158400,54,0.34,0.35,23.63,7.0,23.63,7.0,30.89,34.0,457.56,557.09
2026-10-05T00:01:54Z,polymarket,BTC,btc-updown-15m-1791158400,1791158400,114,0.19,0.2,483.85,7.6,483.85,7.6,1723.07,58.0,2471.38,308.62
2026-10-05T00:01:54Z,polymarket,ETH,eth-updown-15m-1791158400,1791158400,114,0.22,0.23,16.1,10.35,16.1,10.35,59.15,18.75,314.68,220.66
2026-10-05T00:01:54Z,polymarket,SOL,sol-updown-15m-1791158400,1791158400,114,0.27,0.29,13.35,2.32,13.35,2.32,25.83,14.02,318.85,107.17
2026-10-05T00:01:54Z,polymarket,XRP,xrp-updown-15m-1791158400,1791158400,114,0.15,0.17,70.4,0.85,70.4,0.85,208.44,6.25,255.42,77.7
2026-10-05T00:01:54Z,kalshi,BTC,KXBTC15M-26OCT042015-15,1791158400,114,0.22,0.23,1562.13,347.53,1562.13,347.53,1829.37,555.85,2816.78,1188.04
2026-10-05T00:01:54Z,kalshi,ETH,KXETH15M-26OCT042015-15,1791158400,114,0.23,0.24,7.36,127.85,7.36,127.85,54.22,279.6,402.92,752.23
2026-10-05T00:01:54Z,kalshi,SOL,KXSOL15M-26OCT042015-15,1791158400,114,0.27,0.28,124.68,1.88,124.68,1.88,221.14,1.88,490.46,235.55
2026-10-05T00:01:54Z,kalshi,XRP,KXXRP15M-26OCT042015-15,1791158400,114,0.19,0.2,3.8,13.6,3.8,13.6,17.39,287.12,345.99,426.02
2026-10-05T00:02:54Z,polymarket,BTC,btc-updown-15m-1791158400,1791158400,174,0.19,0.2,177.71,8.8,177.71,8.8,511.49,45.97,2675.15,152.59
2026-10-05T00:02:54Z,polymarket,ETH,eth-updown-15m-1791158400,1791158400,174,0.13,0.14,7.15,10.36,7.15,10.36,26.95,61.51,164.61,297.99
2026-10-05T00:02:54Z,polymarket,SOL,sol-updown-15m-1791158400,1791158400,174,0.18,0.19,13.85,1.52,13.85,1.52,22.84,22.12,67.04,38.59
2026-10-05T00:02:54Z,polymarket,XRP,xrp-updown-15m-1791158400,1791158400,174,0.11,0.13,4.4,5.59,4.4,5.59,45.0,6.29,101.11,74.46
2026-10-05T00:02:54Z,kalshi,BTC,KXBTC15M-26OCT042015-15,1791158400,174,0.2,0.21,1675.45,1136.0,1675.45,1136.0,2250.85,1846.09,2688.21,2663.25
2026-10-05T00:02:54Z,kalshi,ETH,KXETH15M-26OCT042015-15,1791158400,174,0.12,0.13,20.42,43.42,20.42,43.42,30.82,67.9,253.99,304.8
2026-10-05T00:02:54Z,kalshi,SOL,KXSOL15M-26OCT042015-15,1791158400,174,0.21,0.22,2.31,79.42,2.31,79.42,4.31,163.37,241.81,419.87
2026-10-05T00:02:54Z,kalshi,XRP,KXXRP15M-26OCT042015-15,1791158400,174,0.13,0.14,3.73,7.98,3.73,7.98,17.89,68.8,273.62,374.03
2026-10-05T00:03:54Z,polymarket,BTC,btc-updown-15m-1791158400,1791158400,234,0.21,0.22,557.72,12.98,557.72,12.98,767.26,90.03,3113.08,527.82
2026-10-05T00:03:54Z,polymarket,ETH,eth-updown-15m-1791158400,1791158400,234,0.14,0.15,19.6,6.35,19.6,6.35,31.3,11.95,225.6,427.09
2026-10-05T00:03:54Z,polymarket,SOL,sol-updown-15m-1791158400,1791158400,234,0.21,0.23,10.08,5.29,10.08,5.29,19.48,5.29,130.72,103.35
2026-10-05T00:03:54Z,polymarket,XRP,xrp-updown-15m-1791158400,1791158400,234,0.17,0.19,5.07,0.95,5.07,0.95,12.67,11.75,249.37,133.02
2026-10-05T00:03:54Z,kalshi,BTC,KXBTC15M-26OCT042015-15,1791158400,234,0.23,0.24,1945.11,1083.72,1945.11,1083.72,2182.09,1531.16,2578.64,2446.25
2026-10-05T00:03:54Z,kalshi,ETH,KXETH15M-26OCT042015-15,1791158400,234,0.14,0.15,20.42,81.3,20.42,81.3,61.76,156.0,191.28,454.79
2026-10-05T00:03:54Z,kalshi,SOL,KXSOL15M-26OCT042015-15,1791158400,234,0.23,0.24,0.69,85.44,0.69,85.44,4.21,176.94,151.8,449.91
2026-10-05T00:03:54Z,kalshi,XRP,KXXRP15M-26OCT042015-15,1791158400,234,0.19,0.2,3.8,4.6,3.8,4.6,17.21,64.97,247.17,372.22
2026-10-05T00:04:54Z,polymarket,BTC,btc-updown-15m-1791158400,1791158400,294,0.31,0.32,139.32,14.53,139.32,14.53,208.62,726.67,1524.01,2861.44
2026-10-05T00:04:54Z,polymarket,ETH,eth-updown-15m-1791158400,1791158400,294,0.3,0.31,1.5,4.65,1.5,4.65,30.5,30.25,268.74,460.15
2026-10-05T00:04:54Z,polymarket,SOL,sol-updown-15m-1791158400,1791158400,294,0.35,0.36,17.47,2.88,17.47,2.88,33.79,14.72,516.11,112.05
2026-10-05T00:04:54Z,polymarket,XRP,xrp-updown-15m-1791158400,1791158400,294,0.22,0.26,5.5,3.9,0,0,5.5,3.9,106.54,177.59
2026-10-05T00:04:54Z,kalshi,BTC,KXBTC15M-26OCT042015-15,1791158400,294,0.3,0.31,2273.07,888.13,2273.07,888.13,2582.31,1671.72,3214.75,7632.02
2026-10-05T00:04:54Z,kalshi,ETH,KXETH15M-26OCT042015-15,1791158400,294,0.29,0.3,194.53,9.05,194.53,9.05,470.46,37.26,840.37,623.57
2026-10-05T00:04:54Z,kalshi,SOL,KXSOL15M-26OCT042015-15,1791158400,294,0.36,0.38,134.64,6.08,134.64,6.08,283.21,12.32,811.32,454.04
2026-10-05T00:04:54Z,kalshi,XRP,KXXRP15M-26OCT042015-15,1791158400,294,0.23,0.24,3.45,5.28,3.45,5.28,211.02,22.03,339.81,380.15
2026-10-05T00:05:54Z,polymarket,BTC,btc-updown-15m-1791158400,1791158400,354,0.33,0.34,62.41,643.25,62.41,643.25,222.22,2089.1,513.49,3227.66
2026-10-05T00:05:54Z,polymarket,ETH,eth-updown-15m-1791158400,1791158400,354,0.32,0.33,57.97,9.9,57.97,9.9,98.27,26.9,471.32,184.0
2026-10-05T00:05:54Z,polymarket,SOL,sol-updown-15m-1791158400,1791158400,354,0.23,0.24,14.6,1.92,14.6,1.92,31.1,5.17,169.71,45.69
2026-10-05T00:05:54Z,polymarket,XRP,xrp-updown-15m-1791158400,1791158400,354,0.2,0.25,11.92,6.25,0,0,0,0,44.47,77.89
2026-10-05T00:05:54Z,kalshi,BTC,KXBTC15M-26OCT042015-15,1791158400,354,0.3,0.31,317.18,1153.67,317.18,1153.67,619.2,1641.03,1650.93,7799.77
2026-10-05T00:05:54Z,kalshi,ETH,KXETH15M-26OCT042015-15,1791158400,354,0.33,0.34,13.86,38.6,13.86,38.6,228.26,247.9,813.56,912.74
2026-10-05T00:05:54Z,kalshi,SOL,KXSOL15M-26OCT042015-15,1791158400,354,0.25,0.26,22.48,98.28,22.48,98.28,22.72,227.28,187.73,550.0
2026-10-05T00:05:54Z,kalshi,XRP,KXXRP15M-26OCT042015-15,1791158400,354,0.23,0.24,4.83,114.36,4.83,114.36,12.52,220.58,252.54,463.04
2026-10-05T00:06:54Z,polymarket,BTC,btc-updown-15m-1791158400,1791158400,414,0.42,0.43,70.56,259.87,70.56,259.87,230.21,1886.99,516.3,3054.6
2026-10-05T00:06:54Z,polymarket,ETH,eth-updown-15m-1791158400,1791158400,414,0.34,0.35,40.87,12.25,40.87,12.25,105.22,32.05,733.03,97.0
2026-10-05T00:06:54Z,polymarket,SOL,sol-updown-15m-1791158400,1791158400,414,0.29,0.32,2.61,4.8,0,0,2.61,4.8,47.38,82.38
2026-10-05T00:06:54Z,polymarket,XRP,xrp-updown-15m-1791158400,1791158400,414,0.21,0.27,15.67,32.67,0,0,0,0,53.91,129.55
2026-10-05T00:06:54Z,kalshi,BTC,KXBTC15M-26OCT042015-15,1791158400,414,0.39,0.4,1202.33,2212.08,1202.33,2212.08,2725.53,2702.89,3640.18,4087.25
2026-10-05T00:06:54Z,kalshi,ETH,KXETH15M-26OCT042015-15,1791158400,414,0.36,0.37,27.71,45.14,27.71,45.14,240.86,303.92,831.11,929.27
2026-10-05T00:06:54Z,kalshi,SOL,KXSOL15M-26OCT042015-15,1791158400,414,0.32,0.33,3.2,119.13,3.2,119.13,6.3,246.45,154.1,654.42
2026-10-05T00:06:54Z,kalshi,XRP,KXXRP15M-26OCT042015-15,1791158400,414,0.24,0.25,1.2,19.48,1.2,19.48,99.18,232.03,269.79,362.49
2026-10-05T00:07:54Z,polymarket,BTC,btc-updown-15m-1791158400,1791158400,474,0.19,0.2,40.82,40.0,40.82,40.0,160.51,112.24,736.01,1070.94
2026-10-05T00:07:54Z,polymarket,ETH,eth-updown-15m-1791158400,1791158400,474,0.15,0.16,4.5,17.73,4.5,17.73,10.1,49.54,147.72,515.08
2026-10-05T00:07:54Z,polymarket,SOL,sol-updown-15m-1791158400,1791158400,474,0.13,0.14,1.3,0.86,1.3,0.86,3.02,3.11,42.99,128.98
2026-10-05T00:07:54Z,polymarket,XRP,xrp-updown-15m-1791158400,1791158400,474,0.12,0.15,48.55,3.75,0,0,48.55,3.75,162.35,53.72
2026-10-05T00:07:54Z,kalshi,BTC,KXBTC15M-26OCT042015-15,1791158400,474,0.17,0.18,1173.02,220.86,1173.02,220.86,1537.63,452.68,2253.64,1202.5
2026-10-05T00:07:54Z,kalshi,ETH,KXETH15M-26OCT042015-15,1791158400,474,0.14,0.15,21.24,21.93,21.24,21.93,50.93,122.57,232.04,471.08
2026-10-05T00:07:54Z,kalshi,SOL,KXSOL15M-26OCT042015-15,1791158400,474,0.13,0.15,1.34,57.15,1.34,57.15,4.94,112.98,120.82,311.07
2026-10-05T00:07:54Z,kalshi,XRP,KXXRP15M-26OCT042015-15,1791158400,474,0.14,0.15,110.85,0.3,110.85,0.3,115.79,9.46,232.47,173.64
2026-10-05T00:08:17Z,polymarket,BTC,btc-updown-15m-1791158400,1791158400,497,0.23,0.24,47.13,75.12,47.13,75.12,71.33,493.62,617.81,2526.35
2026-10-05T00:08:17Z,polymarket,ETH,eth-updown-15m-1791158400,1791158400,497,0.18,0.19,5.4,17.48,5.4,17.48,15.94,53.88,27.49,528.96
2026-10-05T00:08:17Z,polymarket,SOL,sol-updown-15m-1791158400,1791158400,497,0.16,0.17,4.8,7.14,4.8,7.14,4.8,21.05,16.37,194.92
2026-10-05T00:08:17Z,polymarket,XRP,xrp-updown-15m-1791158400,1791158400,497,0.15,0.17,4.77,2.06,4.77,2.06,6.94,6.56,68.26,35.43
2026-10-05T00:08:17Z,kalshi,BTC,KXBTC15M-26OCT042015-15,1791158400,497,0.22,0.23,442.07,1158.49,442.07,1158.49,969.17,1438.81,1590.2,2147.8
2026-10-05T00:08:17Z,kalshi,ETH,KXETH15M-26OCT042015-15,1791158400,497,0.16,0.17,19.04,5.27,19.04,5.27,84.77,188.69,317.88,515.54
2026-10-05T00:08:17Z,kalshi,SOL,KXSOL15M-26OCT042015-15,1791158400,497,0.14,0.15,2.24,2.55,2.24,2.55,61.65,61.11,193.33,261.11
2026-10-05T00:08:17Z,kalshi,XRP,KXXRP15M-26OCT042015-15,1791158400,497,0.16,0.18,11.92,6.95,11.92,6.95,67.72,94.86,143.45,198.98
2026-10-05T00:09:17Z,polymarket,BTC,btc-updown-15m-1791158400,1791158400,557,0.16,0.17,11.2,49.45,11.2,49.45,61.31,78.07,521.48,1869.19
2026-10-05T00:09:17Z,polymarket,ETH,eth-updown-15m-1791158400,1791158400,557,0.15,0.16,4.5,7.2,4.5,7.2,4.5,33.64,65.42,485.63
2026-10-05T00:09:17Z,polymarket,SOL,sol-updown-15m-1791158400,1791158400,557,0.09,0.11,0.64,7.89,0.64,7.89,7.23,9.69,29.72,26.07
2026-10-05T00:09:17Z,polymarket,XRP,xrp-updown-15m-1791158400,1791158400,557,0.11,0.13,1.71,2.26,1.71,2.26,8.51,15.57,80.59,118.87
2026-10-05T00:09:17Z,kalshi,BTC,KXBTC15M-26OCT042015-15,1791158400,557,0.16,0.17,147.54,1268.89,147.54,1268.89,230.34,1641.59,556.08,2333.66
2026-10-05T00:09:17Z,kalshi,ETH,KXETH15M-26OCT042015-15,1791158400,557,0.14,0.15,24.22,77.4,24.22,77.4,61.53,184.63,165.85,505.22
2026-10-05T00:09:17Z,kalshi,SOL,KXSOL15M-26OCT042015-15,1791158400,557,0.098,0.11,0.98,41.23,3.34,41.23,4.75,83.92,144.33,243.79
2026-10-05T00:09:17Z,kalshi,XRP,KXXRP15M-26OCT042015-15,1791158400,557,0.12,0.13,17.22,13.07,17.22,13.07,21.29,69.52,303.18,238.28
2026-10-05T00:10:17Z,polymarket,BTC,btc-updown-15m-1791158400,1791158400,617,0.14,0.15,26.6,9.0,26.6,9.0,43.2,13.8,798.56,1474.15
2026-10-05T00:10:17Z,polymarket,ETH,eth-updown-15m-1791158400,1791158400,617,0.08,0.1,6.48,9.1,6.48,9.1,8.58,13.5,115.48,103.23
2026-10-05T00:10:17Z,polymarket,SOL,sol-updown-15m-1791158400,1791158400,617,0.04,0.05,3.93,0.6,3.93,0.6,5.98,0.97,11.01,42.06
2026-10-05T00:10:17Z,polymarket,XRP,xrp-updown-15m-1791158400,1791158400,617,0.05,0.07,1.0,1.22,1.0,1.22,3.68,2.65,9.45,34.49
2026-10-05T00:10:17Z,kalshi,BTC,KXBTC15M-26OCT042015-15,1791158400,617,0.13,0.14,445.36,564.9,445.36,564.9,798.87,967.95,1294.13,1409.71
2026-10-05T00:10:17Z,kalshi,ETH,KXETH15M-26OCT042015-15,1791158400,617,0.096,0.097,0.38,4.46,56.31,5.36,103.67,9.54,316.45,221.62
2026-10-05T00:10:17Z,kalshi,SOL,KXSOL15M-26OCT042015-15,1791158400,617,0.039,0.04,2.11,9.22,20.52,12.88,37.03,19.54,219.84,86.32
2026-10-05T00:10:17Z,kalshi,XRP,KXXRP15M-26OCT042015-15,1791158400,617,0.057,0.06,0.51,1.8,1.56,2.95,20.81,8.71,119.57,86.31
2026-10-05T00:11:17Z,polymarket,BTC,btc-updown-15m-1791158400,1791158400,677,0.25,0.26,16.25,78.45,16.25,78.45,87.16,306.06,465.66,1451.71
2026-10-05T00:11:17Z,polymarket,ETH,eth-updown-15m-1791158400,1791158400,677,0.37,0.39,14.8,17.55,14.8,17.55,35.32,24.35,455.94,110.39
2026-10-05T00:11:17Z,polymarket,SOL,sol-updown-15m-1791158400,1791158400,677,0.11,0.14,5.11,1.12,0,0,5.11,1.12,118.37,23.21
2026-10-05T00:11:17Z,polymarket,XRP,xrp-updown-15m-1791158400,1791158400,677,0.17,0.19,1.7,9.23,1.7,9.23,4.58,17.02,72.35,172.09
2026-10-05T00:11:17Z,kalshi,BTC,KXBTC15M-26OCT042015-15,1791158400,677,0.22,0.23,1017.42,920.87,1017.42,920.87,1604.5,1654.98,2197.49,2240.93
2026-10-05T00:11:17Z,kalshi,ETH,KXETH15M-26OCT042015-15,1791158400,677,0.4,0.41,217.6,31.57,217.6,31.57,430.93,85.33,966.54,818.3
2026-10-05T00:11:17Z,kalshi,SOL,KXSOL15M-26OCT042015-15,1791158400,677,0.13,0.14,5.98,5.04,5.98,5.04,57.22,65.64,171.74,262.86
2026-10-05T00:11:17Z,kalshi,XRP,KXXRP15M-26OCT042015-15,1791158400,677,0.16,0.17,14.8,1.39,14.8,1.39,75.17,79.51,197.88,288.78
2026-10-05T00:12:17Z,polymarket,BTC,btc-updown-15m-1791158400,1791158400,737,0.16,0.17,5.6,11.07,5.6,11.07,12.8,1906.44,75.96,2161.91
2026-10-05T00:12:17Z,polymarket,ETH,eth-updown-15m-1791158400,1791158400,737,0.04,0.05,0.98,6.61,0.98,6.61,3.38,22.09,10.89,113.27
2026-10-05T00:12:17Z,polymarket,SOL,sol-updown-15m-1791158400,1791158400,737,0.01,0.03,0.66,1.82,0.66,1.82,0.66,36.22,0.66,118.64
2026-10-05T00:12:17Z,polymarket,XRP,xrp-updown-15m-1791158400,1791158400,737,0.02,0.03,0.1,1.29,0.1,1.29,0.46,3.4,0.46,23.3
2026-10-05T00:12:17Z,kalshi,BTC,KXBTC15M-26OCT042015-15,1791158400,737,0.086,0.087,26.11,108.93,274.61,420.93,760.94,614.21,1606.03,1029.99
2026-10-05T00:12:17Z,kalshi,ETH,KXETH15M-26OCT042015-15,1791158400,737,0.03,0.031,0.66,0.12,10.54,7.9,54.44,30.75,215.15,120.49
2026-10-05T00:12:17Z,kalshi,SOL,KXSOL15M-26OCT042015-15,1791158400,737,0.013,0.014,0.38,0.69,44.75,21.51,135.47,40.1,135.47,96.42
2026-10-05T00:12:17Z,kalshi,XRP,KXXRP15M-26OCT042015-15,1791158400,737,0.015,0.017,0.35,2.21,74.19,10.3,176.16,24.93,176.16,53.13
2026-10-05T00:13:17Z,kalshi,BTC,KXBTC15M-26OCT042015-15,1791158400,797,0.006,0.008,7.5,2.16,516.95,62.19,516.95,133.37,516.95,930.03
2026-10-05T00:13:17Z,kalshi,ETH,KXETH15M-26OCT042015-15,1791158400,797,0.011,0.012,1.18,0.74,45.93,6.9,68.96,22.63,68.96,118.13
2026-10-05T00:13:17Z,kalshi,SOL,KXSOL15M-26OCT042015-15,1791158400,797,0.001,0.002,40.68,4.34,40.68,37.18,40.68,59.18,40.68,135.81
2026-10-05T00:13:17Z,kalshi,XRP,KXXRP15M-26OCT042015-15,1791158400,797,0.004,0.005,0.35,9.07,32.87,17.64,32.87,38.02,32.87,88.96
2026-10-05T00:14:17Z,kalshi,ETH,KXETH15M-26OCT042015-15,1791158400,857,0.002,0.003,0.87,17.38,13.95,19.83,13.95,43.94,13.95,167.13
2026-10-05T00:14:17Z,kalshi,XRP,KXXRP15M-26OCT042015-15,1791158400,857,0.002,0.003,0.08,9.05,2.48,14.11,2.48,40.08,2.48,59.08
2026-10-05T00:15:17Z,polymarket,BTC,btc-updown-15m-1791159300,1791159300,17,0.58,0.59,379.54,29.5,379.54,29.5,829.86,123.7,6349.66,954.15
2026-10-05T00:15:17Z,polymarket,ETH,eth-updown-15m-1791159300,1791159300,17,0.64,0.65,64.84,33.47,64.84,33.47,108.94,37.19,952.08,386.13
2026-10-05T00:15:17Z,polymarket,SOL,sol-updown-15m-1791159300,1791159300,17,0.62,0.64,236.07,6.4,236.07,6.4,498.98,22.65,870.66,141.69
2026-10-05T00:15:17Z,polymarket,XRP,xrp-updown-15m-1791159300,1791159300,17,0.55,0.57,9.9,8.48,9.9,8.48,36.36,48.05,134.25,461.31
2026-10-05T00:15:17Z,kalshi,SOL,KXSOL15M-26OCT042030-30,1791159300,17,0.65,0.66,245.05,13.2,245.05,13.2,524.15,20.57,1296.6,868.22
2026-10-05T00:16:17Z,polymarket,BTC,btc-updown-15m-1791159300,1791159300,77,0.71,0.72,260.57,502.8,260.57,502.8,593.77,857.86,2478.84,8036.56
2026-10-05T00:16:17Z,polymarket,ETH,eth-updown-15m-1791159300,1791159300,77,0.75,0.76,9.0,63.57,9.0,63.57,22.69,176.37,441.03,903.02
2026-10-05T00:16:17Z,polymarket,SOL,sol-updown-15m-1791159300,1791159300,77,0.69,0.71,43.47,5.68,43.47,5.68,83.59,29.44,431.61,89.54
2026-10-05T00:16:17Z,polymarket,XRP,xrp-updown-15m-1791159300,1791159300,77,0.56,0.57,13.44,10.26,13.44,10.26,26.64,41.0,144.35,622.3
2026-10-05T00:16:17Z,kalshi,BTC,KXBTC15M-26OCT042030-30,1791159300,77,0.71,0.72,1773.2,5180.72,1773.2,5180.72,3874.9,6076.97,6831.6,10740.81
2026-10-05T00:16:17Z,kalshi,ETH,KXETH15M-26OCT042030-30,1791159300,77,0.74,0.75,444.74,62.25,444.74,62.25,846.97,243.89,2116.04,1626.15
2026-10-05T00:16:17Z,kalshi,SOL,KXSOL15M-26OCT042030-30,1791159300,77,0.71,0.72,0.01,276.31,0.01,276.31,7.71,543.49,821.3,1398.92
2026-10-05T00:16:17Z,kalshi,XRP,KXXRP15M-26OCT042030-30,1791159300,77,0.55,0.57,13.75,274.54,13.75,274.54,32.38,793.93,570.17,1066.41
2026-10-05T00:17:17Z,polymarket,BTC,btc-updown-15m-1791159300,1791159300,137,0.74,0.75,447.55,522.71,447.55,522.71,1142.88,659.51,5636.5,2815.37
2026-10-05T00:17:17Z,polymarket,ETH,eth-updown-15m-1791159300,1791159300,137,0.79,0.8,144.77,27.0,144.77,27.0,899.92,27.0,2179.89,402.25
2026-10-05T00:17:17Z,polymarket,SOL,sol-updown-15m-1791159300,1791159300,137,0.79,0.81,19.75,139.6,19.75,139.6,39.25,179.78,252.19,482.87
2026-10-05T00:17:17Z,polymarket,XRP,xrp-updown-15m-1791159300,1791159300,137,0.57,0.58,3.42,28.03,3.42,28.03,27.5,50.45,123.97,1254.72
2026-10-05T00:17:17Z,kalshi,BTC,KXBTC15M-26OCT042030-30,1791159300,137,0.76,0.77,2594.32,4629.26,2594.32,4629.26,3967.36,5594.86,6946.31,9734.27
2026-10-05T00:17:17Z,kalshi,ETH,KXETH15M-26OCT042030-30,1791159300,137,0.82,0.83,442.88,183.6,442.88,183.6,871.66,264.24,2318.17,1648.73
2026-10-05T00:17:17Z,kalshi,SOL,KXSOL15M-26OCT042030-30,1791159300,137,0.77,0.79,121.64,12.64,121.64,12.64,447.68,39.04,1655.45,1362.76
2026-10-05T00:17:17Z,kalshi,XRP,KXXRP15M-26OCT042030-30,1791159300,137,0.55,0.56,4.12,25.48,4.12,25.48,32.2,797.21,783.2,1096.24
2026-10-05T00:18:17Z,polymarket,BTC,btc-updown-15m-1791159300,1791159300,197,0.69,0.7,258.49,66.5,258.49,66.5,409.45,305.01,10165.55,2126.59
2026-10-05T00:18:17Z,polymarket,ETH,eth-updown-15m-1791159300,1791159300,197,0.78,0.79,251.16,3.95,251.16,3.95,930.48,27.95,2348.42,213.3
2026-10-05T00:18:17Z,polymarket,SOL,sol-updown-15m-1791159300,1791159300,197,0.69,0.7,13.8,28.95,13.8,28.95,13.8,52.38,150.13,228.1
2026-10-05T00:18:17Z,polymarket,XRP,xrp-updown-15m-1791159300,1791159300,197,0.42,0.43,35.44,2.58,35.44,2.58,83.41,5.22,219.59,77.0
2026-10-05T00:18:17Z,kalshi,BTC,KXBTC15M-26OCT042030-30,1791159300,197,0.7,0.71,6782.25,3109.28,6782.25,3109.28,8993.91,3865.89,15530.44,6133.76
2026-10-05T00:18:17Z,kalshi,ETH,KXETH15M-26OCT042030-30,1791159300,197,0.81,0.82,477.09,173.02,477.09,173.02,964.29,285.07,2222.4,1539.18
2026-10-05T00:18:17Z,kalshi,SOL,KXSOL15M-26OCT042030-30,1791159300,197,0.68,0.7,4.98,16.1,4.98,16.1,300.45,268.26,1353.83,1426.07
2026-10-05T00:18:17Z,kalshi,XRP,KXXRP15M-26OCT042030-30,1791159300,197,0.42,0.43,6.09,13.68,6.09,13.68,506.29,14.56,895.0,498.25
2026-10-05T00:19:17Z,polymarket,BTC,btc-updown-15m-1791159300,1791159300,257,0.73,0.74,1351.22,348.58,1351.22,348.58,1572.62,498.58,11644.45,2554.25
2026-10-05T00:19:17Z,polymarket,ETH,eth-updown-15m-1791159300,1791159300,257,0.84,0.85,118.45,4.25,118.45,4.25,184.85,89.81,1699.39,944.92
2026-10-05T00:19:17Z,polymarket,SOL,sol-updown-15m-1791159300,1791159300,257,0.75,0.76,51.86,51.68,51.86,51.68,399.66,77.09,914.97,225.66
2026-10-05T00:19:17Z,polymarket,XRP,xrp-updown-15m-1791159300,1791159300,257,0.55,0.57,9.9,41.61,9.9,41.61,30.42,72.35,452.58,473.48
2026-10-05T00:19:17Z,kalshi,BTC,KXBTC15M-26OCT042030-30,1791159300,257,0.75,0.76,5276.62,3658.71,5276.62,3658.71,7764.23,5365.83,10139.43,8500.4
2026-10-05T00:19:17Z,kalshi,ETH,KXETH15M-26OCT042030-30,1791159300,257,0.84,0.85,401.49,99.45,401.49,99.45,890.36,351.43,2118.64,1674.03
2026-10-05T00:19:17Z,kalshi,SOL,KXSOL15M-26OCT042030-30,1791159300,257,0.76,0.77,256.61,7.7,256.61,7.7,515.57,16.28,1370.98,649.87
2026-10-05T00:19:17Z,kalshi,XRP,KXXRP15M-26OCT042030-30,1791159300,257,0.55,0.56,105.8,11.76,105.8,11.76,593.16,27.15,830.32,874.96
2026-10-05T00:20:17Z,polymarket,BTC,btc-updown-15m-1791159300,1791159300,317,0.77,0.78,1418.18,189.63,1418.18,189.63,1854.05,308.13,11163.77,3140.95
2026-10-05T00:20:17Z,polymarket,ETH,eth-updown-15m-1791159300,1791159300,317,0.87,0.88,86.97,15.84,86.97,15.84,142.87,201.94,1345.86,1430.4
2026-10-05T00:20:17Z,polymarket,SOL,sol-updown-15m-1791159300,1791159300,317,0.81,0.83,92.12,25.64,92.12,25.64,444.92,50.84,1006.03,238.31
2026-10-05T00:20:17Z,polymarket,XRP,xrp-updown-15m-1791159300,1791159300,317,0.67,0.68,22.51,17.0,22.51,17.0,305.65,60.47,738.36,221.19
2026-10-05T00:20:17Z,kalshi,BTC,KXBTC15M-26OCT042030-30,1791159300,317,0.79,0.8,5319.73,542.75,5319.73,542.75,6940.38,1502.05,10940.18,7693.19
2026-10-05T00:20:17Z,kalshi,ETH,KXETH15M-26OCT042030-30,1791159300,317,0.87,0.88,163.51,181.28,163.51,181.28,686.39,817.63,2142.59,3619.45
2026-10-05T00:20:17Z,kalshi,SOL,KXSOL15M-26OCT042030-30,1791159300,317,0.83,0.84,28.22,18.05,28.22,18.05,338.18,54.6,1664.17,1198.79
2026-10-05T00:20:17Z,kalshi,XRP,KXXRP15M-26OCT042030-30,1791159300,317,0.69,0.7,15.96,51.8,15.96,51.8,323.66,88.72,675.16,672.15
2026-10-05T00:21:17Z,polymarket,BTC,btc-updown-15m-1791159300,1791159300,377,0.81,0.82,20.25,744.66,20.25,744.66,88.25,2717.04,1256.76,9227.81
2026-10-05T00:21:17Z,polymarket,ETH,eth-updown-15m-1791159300,1791159300,377,0.87,0.88,130.95,4.4,130.95,4.4,271.99,35.55,2341.65,1300.65
2026-10-05T00:21:17Z,polymarket,SOL,sol-updown-15m-1791159300,1791159300,377,0.83,0.85,4.47,28.05,4.47,28.05,60.23,96.84,591.34,634.94
2026-10-05T00:21:17Z,polymarket,XRP,xrp-updown-15m-1791159300,1791159300,377,0.74,0.75,4.44,67.61,4.44,67.61,17.58,111.69,454.27,753.61
2026-10-05T00:21:17Z,kalshi,BTC,KXBTC15M-26OCT042030-30,1791159300,377,0.8,0.81,5061.78,1144.67,5061.78,1144.67,7148.68,2340.09,11119.87,9540.89
2026-10-05T00:21:17Z,kalshi,ETH,KXETH15M-26OCT042030-30,1791159300,377,0.88,0.89,527.26,743.66,527.26,743.66,1063.04,1056.16,2970.04,4479.69
2026-10-05T00:21:17Z,kalshi,SOL,KXSOL15M-26OCT042030-30,1791159300,377,0.85,0.86,0.85,339.3,0.85,339.3,10.1,685.56,952.41,1607.9
2026-10-05T00:21:17Z,kalshi,XRP,KXXRP15M-26OCT042030-30,1791159300,377,0.73,0.74,35.77,44.79,35.77,44.79,390.37,73.29,951.08,826.12
2026-10-05T00:22:17Z,polymarket,BTC,btc-updown-15m-1791159300,1791159300,437,0.7,0.71,119.0,173.95,119.0,173.95,231.13,238.8,3111.54,1375.91
2026-10-05T00:22:17Z,polymarket,ETH,eth-updown-15m-1791159300,1791159300,437,0.62,0.63,43.4,6.3,43.4,6.3,141.0,35.74,393.14,618.82
2026-10-05T00:22:17Z,polymarket,SOL,sol-updown-15m-1791159300,1791159300,437,0.64,0.65,25.84,16.77,25.84,16.77,52.93,53.06,221.43,151.2
2026-10-05T00:22:17Z,polymarket,XRP,xrp-updown-15m-1791159300,1791159300,437,0.54,0.55,9.72,13.61,9.72,13.61,37.81,13.61,546.95,100.12
2026-10-05T00:22:17Z,kalshi,BTC,KXBTC15M-26OCT042030-30,1791159300,437,0.72,0.73,1258.61,2639.47,1258.61,2639.47,1808.86,3334.66,5088.91,5898.13
2026-10-05T00:22:17Z,kalshi,ETH,KXETH15M-26OCT042030-30,1791159300,437,0.62,0.63,44.02,305.37,44.02,305.37,166.12,572.2,877.16,1345.58
2026-10-05T00:22:17Z,kalshi,SOL,KXSOL15M-26OCT042030-30,1791159300,437,0.64,0.65,120.96,0.65,120.96,0.65,351.54,243.53,1022.31,993.0
2026-10-05T00:22:17Z,kalshi,XRP,KXXRP15M-26OCT042030-30,1791159300,437,0.56,0.57,20.72,11.11,20.72,11.11,493.28,22.71,705.18,337.93
2026-10-05T00:23:17Z,polymarket,BTC,btc-updown-15m-1791159300,1791159300,497,0.74,0.75,121.72,82.5,121.72,82.5,859.02,250.1,5498.54,1107.55
2026-10-05T00:23:17Z,polymarket,ETH,eth-updown-15m-1791159300,1791159300,497,0.65,0.67,32.49,26.8,32.49,26.8,108.01,74.4,593.65,148.24
2026-10-05T00:23:17Z,polymarket,SOL,sol-updown-15m-1791159300,1791159300,497,0.63,0.66,20.79,5.28,0,0,20.79,5.28,117.27,171.49
2026-10-05T00:23:17Z,polymarket,XRP,xrp-updown-15m-1791159300,1791159300,497,0.4,0.42,28.0,7.56,28.0,7.56,174.25,24.09,409.8,75.13
2026-10-05T00:23:17Z,kalshi,BTC,KXBTC15M-26OCT042030-30,1791159300,497,0.77,0.78,2409.97,4659.29,2409.97,4659.29,5204.88,6604.27,8186.8,10660.85
2026-10-05T00:23:17Z,kalshi,ETH,KXETH15M-26OCT042030-30,1791159300,497,0.67,0.68,233.94,444.86,233.94,444.86,233.94,906.12,1142.68,2069.34
2026-10-05T00:23:17Z,kalshi,SOL,KXSOL15M-26OCT042030-30,1791159300,497,0.64,0.65,13.44,63.05,13.44,63.05,259.77,300.65,939.08,1075.12
2026-10-05T00:23:17Z,kalshi,XRP,KXXRP15M-26OCT042030-30,1791159300,497,0.43,0.45,132.39,9.0,132.39,9.0,326.43,18.2,513.83,425.45
2026-10-05T00:24:17Z,polymarket,BTC,btc-updown-15m-1791159300,1791159300,557,0.56,0.57,1150.05,199.67,1150.05,199.67,3528.9,286.09,4627.49,690.05
2026-10-05T00:24:17Z,polymarket,ETH,eth-updown-15m-1791159300,1791159300,557,0.39,0.41,15.38,28.7,15.38,28.7,74.6,93.8,884.63,306.28
2026-10-05T00:24:17Z,polymarket,SOL,sol-updown-15m-1791159300,1791159300,557,0.31,0.32,3.1,12.2,3.1,12.2,13.55,34.31,250.5,99.28
2026-10-05T00:24:17Z,polymarket,XRP,xrp-updown-15m-1791159300,1791159300,557,0.17,0.21,68.59,3.91,0,0,68.59,3.91,88.03,35.47
2026-10-05T00:24:17Z,kalshi,BTC,KXBTC15M-26OCT042030-30,1791159300,557,0.6,0.61,164.41,2358.68,164.41,2358.68,484.59,2976.82,1847.88,4222.28
2026-10-05T00:24:17Z,kalshi,ETH,KXETH15M-26OCT042030-30,1791159300,557,0.41,0.42,241.37,6.3,241.37,6.3,567.22,44.14,1250.38,913.84
2026-10-05T00:24:17Z,kalshi,SOL,KXSOL15M-26OCT042030-30,1791159300,557,0.32,0.33,120.96,5.77,120.96,5.77,229.46,26.03,558.65,443.88
2026-10-05T00:24:17Z,kalshi,XRP,KXXRP15M-26OCT042030-30,1791159300,557,0.2,0.21,3.77,92.83,3.77,92.83,81.83,109.34,168.12,460.43
2026-10-05T00:25:17Z,polymarket,BTC,btc-updown-15m-1791159300,1791159300,617,0.48,0.49,59.48,312.89,59.48,312.89,117.2,649.39,1648.87,1131.57
2026-10-05T00:25:17Z,polymarket,ETH,eth-updown-15m-1791159300,1791159300,617,0.34,0.35,9.18,62.59,9.18,62.59,9.18,78.79,36.9,297.14
2026-10-05T00:25:17Z,polymarket,SOL,sol-updown-15m-1791159300,1791159300,617,0.22,0.23,8.08,1.84,8.08,1.84,11.23,5.2,232.11,23.03
2026-10-05T00:25:17Z,polymarket,XRP,xrp-updown-15m-1791159300,1791159300,617,0.14,0.18,1.23,3.6,0,0,1.23,3.6,59.9,61.03
2026-10-05T00:25:17Z,kalshi,BTC,KXBTC15M-26OCT042030-30,1791159300,617,0.51,0.52,156.99,2998.39,156.99,2998.39,1241.49,4476.56,2632.99,5782.11
2026-10-05T00:25:17Z,kalshi,ETH,KXETH15M-26OCT042030-30,1791159300,617,0.37,0.38,5.85,247.0,5.85,247.0,6.57,486.85,246.36,1208.23
2026-10-05T00:25:17Z,kalshi,SOL,KXSOL15M-26OCT042030-30,1791159300,617,0.25,0.26,13.33,104.62,13.33,104.62,13.57,191.49,259.51,517.23
2026-10-05T00:25:17Z,kalshi,XRP,KXXRP15M-26OCT042030-30,1791159300,617,0.16,0.17,3.36,6.92,3.36,6.92,14.68,150.58,177.18,183.44
2026-10-05T00:26:17Z,polymarket,BTC,btc-updown-15m-1791159300,1791159300,677,0.39,0.4,60.65,632.11,60.65,632.11,91.66,1426.69,187.49,2420.38
2026-10-05T00:26:17Z,polymarket,ETH,eth-updown-15m-1791159300,1791159300,677,0.1,0.11,3.5,3.85,3.5,3.85,7.1,11.41,60.93,235.73
2026-10-05T00:26:17Z,polymarket,SOL,sol-updown-15m-1791159300,1791159300,677,0.02,0.03,3.78,0.3,3.78,0.3,4.24,1.04,4.24,57.13
2026-10-05T00:26:17Z,polymarket,XRP,xrp-updown-15m-1791159300,1791159300,677,0.04,0.06,1.8,10.32,1.8,10.32,4.53,13.12,8.11,60.17
2026-10-05T00:26:17Z,kalshi,BTC,KXBTC15M-26OCT042030-30,1791159300,677,0.35,0.36,1379.27,826.27,1379.27,826.27,2166.81,1502.63,2962.52,2547.23
2026-10-05T00:26:17Z,kalshi,ETH,KXETH15M-26OCT042030-30,1791159300,677,0.1,0.11,15.31,43.35,28.54,43.35,41.86,118.16,186.87,372.99
2026-10-05T00:26:17Z,kalshi,SOL,KXSOL15M-26OCT042030-30,1791159300,677,0.03,0.037,2.22,0.11,3.92,18.75,7.78,47.67,159.52,136.59
2026-10-05T00:26:17Z,kalshi,XRP,KXXRP15M-26OCT042030-30,1791159300,677,0.058,0.06,0.52,0.63,10.21,8.03,42.65,43.84,281.23,149.81
2026-10-05T00:27:17Z,polymarket,BTC,btc-updown-15m-1791159300,1791159300,737,0.45,0.6,25.43,4.19,0,0,0,0,0,0
2026-10-05T00:27:17Z,polymarket,ETH,eth-updown-15m-1791159300,1791159300,737,0.02,0.03,0.8,1.05,0.8,1.05,3.91,8.11,3.91,116.44
2026-10-05T00:27:17Z,polymarket,SOL,sol-updown-15m-1791159300,1791159300,737,0.01,0.03,0.68,3.21,0.68,3.21,0.68,48.01,0.68,141.26
2026-10-05T00:27:17Z,polymarket,XRP,xrp-updown-15m-1791159300,1791159300,737,0.01,0.02,0.91,2.41,0.91,2.41,0.91,6.07,0.91,40.67
2026-10-05T00:27:17Z,kalshi,BTC,KXBTC15M-26OCT042030-30,1791159300,737,0.31,0.32,554.25,1492.87,554.25,1492.87,770.63,1929.16,1444.36,3304.97
2026-10-05T00:27:17Z,kalshi,ETH,KXETH15M-26OCT042030-30,1791159300,737,0.02,0.021,0.36,1.11,18.23,15.11,177.21,45.79,177.21,341.29
2026-10-05T00:27:17Z,kalshi,SOL,KXSOL15M-26OCT042030-30,1791159300,737,0.008,0.01,0.14,0.08,82.53,12.8,82.53,31.42,82.53,91.25
2026-10-05T00:27:17Z,kalshi,XRP,KXXRP15M-26OCT042030-30,1791159300,737,0.018,0.02,0.56,0.1,16.02,3.36,126.25,15.06,126.25,58.41
2026-10-05T00:28:17Z,polymarket,BTC,btc-updown-15m-1791159300,1791159300,797,0.27,0.28,1.6,127.34,1.6,127.34,11.74,130.24,215.08,440.02
2026-10-05T00:28:17Z,kalshi,BTC,KXBTC15M-26OCT042030-30,1791159300,797,0.26,0.27,18.73,559.95,18.73,559.95,622.1,901.67,1201.73,2554.39
2026-10-05T00:28:17Z,kalshi,ETH,KXETH15M-26OCT042030-30,1791159300,797,0.013,0.014,0.17,0.28,46.4,12.28,122.87,34.95,122.87,347.43
2026-10-05T00:28:17Z,kalshi,SOL,KXSOL15M-26OCT042030-30,1791159300,797,0.004,0.005,0.85,0.0,36.81,3.1,36.81,20.01,36.81,81.49
2026-10-05T00:28:17Z,kalshi,XRP,KXXRP15M-26OCT042030-30,1791159300,797,0.005,0.01,0.08,0.0,38.92,5.39,38.92,34.91,38.92,111.73
2026-10-05T00:30:17Z,polymarket,BTC,btc-updown-15m-1791160200,1791160200,17,0.53,0.54,177.6,136.08,177.6,136.08,742.64,414.38,2376.63,1174.11
2026-10-05T00:30:17Z,polymarket,ETH,eth-updown-15m-1791160200,1791160200,17,0.56,0.57,5.6,32.05,5.6,32.05,44.1,134.74,284.49,1037.6
2026-10-05T00:30:17Z,polymarket,SOL,sol-updown-15m-1791160200,1791160200,17,0.48,0.51,18.0,3.06,0,0,18.0,3.06,38.5,477.68
2026-10-05T00:30:17Z,polymarket,XRP,xrp-updown-15m-1791160200,1791160200,17,0.53,0.55,5.3,13.75,5.3,13.75,18.3,27.75,158.12,302.82
2026-10-05T00:30:17Z,kalshi,ETH,KXETH15M-26OCT042045-45,1791160200,17,0.57,0.58,63.27,335.82,63.27,335.82,140.55,703.39,762.83,1978.73
2026-10-05T00:31:17Z,polymarket,BTC,btc-updown-15m-1791160200,1791160200,77,0.38,0.39,15.2,106.86,15.2,106.86,90.31,298.86,811.24,4234.19
2026-10-05T00:31:17Z,polymarket,ETH,eth-updown-15m-1791160200,1791160200,77,0.47,0.48,39.95,2.4,39.95,2.4,85.95,56.3,661.24,509.91
2026-10-05T00:31:17Z,polymarket,SOL,sol-updown-15m-1791160200,1791160200,77,0.33,0.34,22.88,2.04,22.88,2.04,30.88,12.89,541.43,57.29
2026-10-05T00:31:17Z,polymarket,XRP,xrp-updown-15m-1791160200,1791160200,77,0.41,0.42,4.1,24.72,4.1,24.72,12.1,38.05,502.33,98.15
2026-10-05T00:31:17Z,kalshi,BTC,KXBTC15M-26OCT042045-45,1791160200,77,0.38,0.39,1450.67,1996.28,1450.67,1996.28,2067.37,2427.17,3359.39,3995.16
2026-10-05T00:31:17Z,kalshi,ETH,KXETH15M-26OCT042045-45,1791160200,77,0.47,0.48,239.7,19.2,239.7,19.2,698.78,316.14,1503.17,1495.12
2026-10-05T00:31:17Z,kalshi,SOL,KXSOL15M-26OCT042045-45,1791160200,77,0.34,0.35,3.53,4.2,3.53,4.2,248.94,135.96,600.23,903.16
2026-10-05T00:31:17Z,kalshi,XRP,KXXRP15M-26OCT042045-45,1791160200,77,0.42,0.44,14.49,6.11,14.49,6.11,385.33,216.71,441.75,846.01
2026-10-05T00:32:17Z,polymarket,BTC,btc-updown-15m-1791160200,1791160200,137,0.34,0.35,71.64,129.01,71.64,129.01,645.18,308.29,2752.21,861.21
2026-10-05T00:32:17Z,polymarket,ETH,eth-updown-15m-1791160200,1791160200,137,0.51,0.52,1.97,60.37,1.97,60.37,16.97,96.1,257.91,1040.41
2026-10-05T00:32:17Z,polymarket,SOL,sol-updown-15m-1791160200,1791160200,137,0.38,0.4,9.55,3.2,9.55,3.2,16.21,16.73,297.4,74.83
2026-10-05T00:32:17Z,polymarket,XRP,xrp-updown-15m-1791160200,1791160200,137,0.47,0.48,4.7,8.64,4.7,8.64,12.98,19.91,76.64,813.85
2026-10-05T00:32:17Z,kalshi,BTC,KXBTC15M-26OCT042045-45,1791160200,137,0.36,0.37,735.01,2780.62,735.01,2780.62,1881.9,3412.47,2841.21,4891.92
2026-10-05T00:32:17Z,kalshi,ETH,KXETH15M-26OCT042045-45,1791160200,137,0.5,0.51,19.0,74.46,19.0,74.46,96.42,355.78,1253.23,1887.04
2026-10-05T00:32:17Z,kalshi,SOL,KXSOL15M-26OCT042045-45,1791160200,137,0.41,0.42,4.12,177.19,4.12,177.19,4.12,482.5,418.52,986.16
2026-10-05T00:32:17Z,kalshi,XRP,KXXRP15M-26OCT042045-45,1791160200,137,0.46,0.47,9.2,18.56,9.2,18.56,21.58,659.85,446.25,942.38
2026-10-05T00:33:17Z,polymarket,BTC,btc-updown-15m-1791160200,1791160200,197,0.34,0.35,20.4,163.26,20.4,163.26,90.36,380.7,952.74,970.51
2026-10-05T00:33:17Z,polymarket,ETH,eth-updown-15m-1791160200,1791160200,197,0.6,0.61,27.6,18.3,27.6,18.3,36.45,43.1,240.36,473.18
2026-10-05T00:33:17Z,polymarket,SOL,sol-updown-15m-1791160200,1791160200,197,0.49,0.5,12.25,2.5,12.25,2.5,32.89,109.23,96.25,372.22
2026-10-05T00:33:17Z,polymarket,XRP,xrp-updown-15m-1791160200,1791160200,197,0.55,0.56,5.5,55.2,5.5,55.2,5.5,99.09,129.91,237.45
2026-10-05T00:33:17Z,kalshi,BTC,KXBTC15M-26OCT042045-45,1791160200,197,0.36,0.37,1141.62,1739.95,1141.62,1739.95,2227.71,2604.87,3124.43,4046.25
2026-10-05T00:33:17Z,kalshi,ETH,KXETH15M-26OCT042045-45,1791160200,197,0.6,0.61,18.6,715.45,18.6,715.45,63.44,1130.85,1048.62,2174.01
2026-10-05T00:33:17Z,kalshi,SOL,KXSOL15M-26OCT042045-45,1791160200,197,0.48,0.49,176.16,170.54,176.16,170.54,365.57,174.04,1257.72,1021.75
2026-10-05T00:33:17Z,kalshi,XRP,KXXRP15M-26OCT042045-45,1791160200,197,0.52,0.53,0.52,260.34,0.52,260.34,13.27,276.0,279.51,1053.74
2026-10-05T00:34:17Z,polymarket,BTC,btc-updown-15m-1791160200,1791160200,257,0.44,0.45,140.46,47.85,140.46,47.85,878.77,176.46,5878.52,575.67
2026-10-05T00:34:17Z,polymarket,ETH,eth-updown-15m-1791160200,1791160200,257,0.69,0.7,33.81,70.0,33.81,70.0,82.09,96.27,839.83,823.8
2026-10-05T00:34:17Z,polymarket,SOL,sol-updown-15m-1791160200,1791160200,257,0.64,0.65,19.2,54.13,19.2,54.13,45.03,112.21,167.08,1006.34
2026-10-05T00:34:17Z,polymarket,XRP,xrp-updown-15m-1791160200,1791160200,257,0.69,0.7,24.15,26.6,24.15,26.6,53.39,153.69,164.74,425.42
2026-10-05T00:34:17Z,kalshi,BTC,KXBTC15M-26OCT042045-45,1791160200,257,0.46,0.47,2449.89,1652.1,2449.89,1652.1,3449.82,2687.56,4993.6,4128.11
2026-10-05T00:34:17Z,kalshi,ETH,KXETH15M-26OCT042045-45,1791160200,257,0.69,0.7,25.34,407.4,25.34,407.4,418.38,854.7,1627.08,2203.5
2026-10-05T00:34:17Z,kalshi,SOL,KXSOL15M-26OCT042045-45,1791160200,257,0.62,0.63,10.78,234.99,10.78,234.99,42.5,715.63,719.06,1417.83
2026-10-05T00:34:17Z,kalshi,XRP,KXXRP15M-26OCT042045-45,1791160200,257,0.66,0.69,37.3,470.53,0,0,37.3,470.53,866.4,767.87
2026-10-05T00:35:17Z,polymarket,BTC,btc-updown-15m-1791160200,1791160200,317,0.4,0.41,107.45,72.15,107.45,72.15,160.1,295.32,1677.77,4514.21
2026-10-05T00:35:17Z,polymarket,ETH,eth-updown-15m-1791160200,1791160200,317,0.65,0.67,55.71,65.19,55.71,65.19,103.71,95.79,909.84,633.36
2026-10-05T00:35:17Z,polymarket,SOL,sol-updown-15m-1791160200,1791160200,317,0.55,0.57,13.27,18.17,13.27,18.17,32.17,46.59,292.87,639.54
2026-10-05T00:35:17Z,polymarket,XRP,xrp-updown-15m-1791160200,1791160200,317,0.61,0.63,41.48,11.34,41.48,11.34,81.68,51.66,288.56,295.37
2026-10-05T00:35:17Z,kalshi,BTC,KXBTC15M-26OCT042045-45,1791160200,317,0.4,0.41,642.72,2492.31,642.72,2492.31,1788.08,3653.62,3378.81,4916.88
2026-10-05T00:35:17Z,kalshi,ETH,KXETH15M-26OCT042045-45,1791160200,317,0.65,0.66,407.3,43.86,407.3,43.86,956.19,80.04,1956.09,1072.76
2026-10-05T00:35:17Z,kalshi,SOL,KXSOL15M-26OCT042045-45,1791160200,317,0.55,0.56,82.5,201.6,82.5,201.6,122.46,414.11,503.4,1164.84
2026-10-05T00:35:17Z,kalshi,XRP,KXXRP15M-26OCT042045-45,1791160200,317,0.62,0.63,139.33,24.2,139.33,24.2,142.99,339.08,715.21,891.68
2026-10-05T00:36:17Z,polymarket,BTC,btc-updown-15m-1791160200,1791160200,377,0.57,0.58,247.96,12.83,247.96,12.83,387.4,115.77,4286.36,2346.61
2026-10-05T00:36:17Z,polymarket,ETH,eth-updown-15m-1791160200,1791160200,377,0.67,0.68,1.34,722.74,1.34,722.74,1.34,1309.24,107.81,2326.34
2026-10-05T00:36:17Z,polymarket,SOL,sol-updown-15m-1791160200,1791160200,377,0.56,0.58,18.48,10.44,18.48,10.44,32.23,15.16,371.92,360.71
2026-10-05T00:36:17Z,polymarket,XRP,xrp-updown-15m-1791160200,1791160200,377,0.65,0.67,11.7,55.61,11.7,55.61,34.09,133.13,200.47,313.83
2026-10-05T00:36:17Z,kalshi,BTC,KXBTC15M-26OCT042045-45,1791160200,377,0.57,0.58,3007.51,265.65,3007.51,265.65,4496.28,597.82,6163.68,2081.56
2026-10-05T00:36:17Z,kalshi,ETH,KXETH15M-26OCT042045-45,1791160200,377,0.62,0.63,60.14,20.79,60.14,20.79,425.04,103.99,1474.54,1346.12
2026-10-05T00:36:17Z,kalshi,SOL,KXSOL15M-26OCT042045-45,1791160200,377,0.56,0.57,193.21,35.05,193.21,35.05,418.16,169.61,1079.6,419.41
2026-10-05T00:36:17Z,kalshi,XRP,KXXRP15M-26OCT042045-45,1791160200,377,0.62,0.63,16.98,12.6,16.98,12.6,305.82,35.22,789.16,586.18
2026-10-05T00:37:17Z,polymarket,BTC,btc-updown-15m-1791160200,1791160200,437,0.64,0.65,354.98,133.25,354.98,133.25,651.08,275.15,6203.92,1695.02
2026-10-05T00:37:17Z,polymarket,ETH,eth-updown-15m-1791160200,1791160200,437,0.56,0.58,43.65,64.92,43.65,64.92,131.65,82.62,423.7,478.01
2026-10-05T00:37:17Z,polymarket,SOL,sol-updown-15m-1791160200,1791160200,437,0.66,0.68,21.78,30.59,21.78,30.59,44.53,36.11,142.02,406.08
2026-10-05T00:37:17Z,polymarket,XRP,xrp-updown-15m-1791160200,1791160200,437,0.78,0.79,3.9,411.25,3.9,411.25,34.7,445.65,168.3,1180.77
2026-10-05T00:37:17Z,kalshi,BTC,KXBTC15M-26OCT042045-45,1791160200,437,0.65,0.66,2274.61,3778.06,2274.61,3778.06,4424.25,4269.84,6409.9,6540.22
2026-10-05T00:37:17Z,kalshi,ETH,KXETH15M-26OCT042045-45,1791160200,437,0.57,0.58,119.7,91.22,119.7,91.22,449.41,162.61,2286.23,1272.86
2026-10-05T00:37:17Z,kalshi,SOL,KXSOL15M-26OCT042045-45,1791160200,437,0.64,0.65,236.85,7.15,236.85,7.15,490.11,106.15,1241.42,680.87
2026-10-05T00:37:17Z,kalshi,XRP,KXXRP15M-26OCT042045-45,1791160200,437,0.76,0.77,33.08,368.44,33.08,368.44,73.58,429.68,398.79,1048.62
2026-10-05T00:38:17Z,polymarket,BTC,btc-updown-15m-1791160200,1791160200,497,0.58,0.59,324.02,7.46,324.02,7.46,439.73,264.86,1097.45,5636.83
2026-10-05T00:38:17Z,polymarket,ETH,eth-updown-15m-1791160200,1791160200,497,0.53,0.54,2.65,37.83,2.65,37.83,50.74,136.83,289.63,926.83
2026-10-05T00:38:17Z,polymarket,SOL,sol-updown-15m-1791160200,1791160200,497,0.52,0.53,6.76,2.65,6.76,2.65,31.75,28.56,91.48,695.84
2026-10-05T00:38:17Z,polymarket,XRP,xrp-updown-15m-1791160200,1791160200,497,0.62,0.63,12.4,6.3,12.4,6.3,23.38,40.22,135.39,401.21
2026-10-05T00:38:17Z,kalshi,BTC,KXBTC15M-26OCT042045-45,1791160200,497,0.57,0.58,3885.9,1328.17,3885.9,1328.17,4994.0,2890.14,6753.02,4292.16
2026-10-05T00:38:17Z,kalshi,ETH,KXETH15M-26OCT042045-45,1791160200,497,0.52,0.53,21.32,42.93,21.32,42.93,323.75,459.81,1341.93,1472.53
2026-10-05T00:38:17Z,kalshi,SOL,KXSOL15M-26OCT042045-45,1791160200,497,0.49,0.5,68.6,183.5,68.6,183.5,80.6,370.16,608.24,1016.7
2026-10-05T00:38:17Z,kalshi,XRP,KXXRP15M-26OCT042045-45,1791160200,497,0.62,0.63,7.12,212.86,7.12,212.86,251.12,256.38,779.35,557.67
2026-10-05T00:39:17Z,polymarket,BTC,btc-updown-15m-1791160200,1791160200,557,0.79,0.8,676.82,0.67,676.82,0.67,1908.43,0.67,2628.6,407.49
2026-10-05T00:39:17Z,polymarket,ETH,eth-updown-15m-1791160200,1791160200,557,0.68,0.69,133.82,12.08,133.82,12.08,267.82,12.08,442.83,84.81
2026-10-05T00:39:17Z,polymarket,SOL,sol-updown-15m-1791160200,1791160200,557,0.66,0.69,5.28,276.0,0,0,5.28,276.0,30.7,382.08
2026-10-05T00:39:17Z,polymarket,XRP,xrp-updown-15m-1791160200,1791160200,557,0.67,0.68,64.51,19.72,64.51,19.72,92.89,27.31,145.88,89.23
2026-10-05T00:39:17Z,kalshi,BTC,KXBTC15M-26OCT042045-45,1791160200,557,0.82,0.83,2876.59,3273.44,2876.59,3273.44,4979.45,3890.4,7726.1,6826.95
2026-10-05T00:39:17Z,kalshi,ETH,KXETH15M-26OCT042045-45,1791160200,557,0.71,0.72,0.71,438.48,0.71,438.48,55.31,837.79,968.27,2027.92
2026-10-05T00:39:17Z,kalshi,SOL,KXSOL15M-26OCT042045-45,1791160200,557,0.65,0.66,3.25,240.24,3.25,240.24,9.65,482.84,249.13,1335.4
2026-10-05T00:39:17Z,kalshi,XRP,KXXRP15M-26OCT042045-45,1791160200,557,0.65,0.66,28.6,1.32,28.6,1.32,297.4,21.42,807.22,379.24
2026-10-05T00:40:17Z,polymarket,BTC,btc-updown-15m-1791160200,1791160200,617,0.94,0.95,813.96,312.3,813.96,312.3,2943.66,535.83,6160.73,5083.75
2026-10-05T00:40:17Z,polymarket,ETH,eth-updown-15m-1791160200,1791160200,617,0.93,0.94,27.87,61.1,27.87,61.1,671.87,146.6,1933.6,894.21
2026-10-05T00:40:17Z,polymarket,SOL,sol-updown-15m-1791160200,1791160200,617,0.92,0.94,64.86,53.26,64.86,53.26,115.82,109.32,683.84,254.17
2026-10-05T00:40:17Z,polymarket,XRP,xrp-updown-15m-1791160200,1791160200,617,0.94,0.95,35.33,10.22,35.33,10.22,52.07,244.9,343.5,1020.69
2026-10-05T00:40:17Z,kalshi,BTC,KXBTC15M-26OCT042045-45,1791160200,617,0.965,0.966,1264.74,2899.62,4468.34,8797.72,8555.76,23536.33,14389.56,945314.12
2026-10-05T00:40:17Z,kalshi,ETH,KXETH15M-26OCT042045-45,1791160200,617,0.931,0.936,33.52,3.74,578.69,153.28,1065.63,207.68,2400.59,10311.11
2026-10-05T00:40:17Z,kalshi,SOL,KXSOL15M-26OCT042045-45,1791160200,617,0.941,0.943,2.82,0.62,11.25,58.54,377.56,564.11,1445.63,11331.0
2026-10-05T00:40:17Z,kalshi,XRP,KXXRP15M-26OCT042045-45,1791160200,617,0.93,0.932,63.08,64.31,453.63,612.77,590.42,706.91,1174.72,8111.52
2026-10-05T00:41:17Z,polymarket,BTC,btc-updown-15m-1791160200,1791160200,677,0.98,0.99,247.83,82.66,247.83,82.66,856.32,82.66,20894.27,82.66
2026-10-05T00:41:17Z,polymarket,ETH,eth-updown-15m-1791160200,1791160200,677,0.97,0.99,156.85,210.07,156.85,210.07,248.05,210.07,1301.61,210.07
2026-10-05T00:41:17Z,polymarket,SOL,sol-updown-15m-1791160200,1791160200,677,0.92,0.94,23.0,151.96,23.0,151.96,53.03,261.22,969.46,413.55
2026-10-05T00:41:17Z,polymarket,XRP,xrp-updown-15m-1791160200,1791160200,677,0.98,0.99,4.9,184.12,4.9,184.12,63.66,184.12,978.0,184.12
2026-10-05T00:41:17Z,kalshi,BTC,KXBTC15M-26OCT042045-45,1791160200,677,0.984,0.985,1438.45,535.5,11920.99,37415.79,19078.83,887087.48,25862.96,887087.48
2026-10-05T00:41:17Z,kalshi,ETH,KXETH15M-26OCT042045-45,1791160200,677,0.966,0.969,4.83,744.1,599.72,827.29,1518.4,3491.47,3477.87,76095.27
2026-10-05T00:41:17Z,kalshi,SOL,KXSOL15M-26OCT042045-45,1791160200,677,0.923,0.924,2.77,48.05,20.19,109.5,372.81,264.24,1493.65,4103.75
2026-10-05T00:41:17Z,kalshi,XRP,KXXRP15M-26OCT042045-45,1791160200,677,0.981,0.983,52.02,58.0,513.9,2056.42,743.73,69021.9,1996.32,69021.9
2026-10-05T00:42:17Z,polymarket,BTC,btc-updown-15m-1791160200,1791160200,737,0.998,0.999,76.5,275.6,1417.99,275.6,2063.18,275.6,32090.79,275.6
2026-10-05T00:42:17Z,kalshi,BTC,KXBTC15M-26OCT042045-45,1791160200,737,0.994,0.995,0.02,1574.23,24675.42,343947.67,27318.95,343947.67,39121.43,343947.67
2026-10-05T00:42:17Z,kalshi,ETH,KXETH15M-26OCT042045-45,1791160200,737,0.99,0.993,86.13,11.81,1240.26,46726.65,2346.66,46726.65,4886.93,46726.65
2026-10-05T00:42:17Z,kalshi,SOL,KXSOL15M-26OCT042045-45,1791160200,737,0.991,0.992,130.81,30.75,446.08,60984.85,1800.61,60984.85,3503.65,60984.85
2026-10-05T00:42:17Z,kalshi,XRP,KXXRP15M-26OCT042045-45,1791160200,737,0.983,0.99,133.43,17.32,204.52,5449.34,840.52,50482.7,897.74,50482.7
2026-10-05T00:43:17Z,kalshi,ETH,KXETH15M-26OCT042045-45,1791160200,797,0.998,0.999,7595.34,16745.86,14065.27,16745.86,15675.38,16745.86,19097.82,16745.86
2026-10-05T00:43:17Z,kalshi,SOL,KXSOL15M-26OCT042045-45,1791160200,797,0.998,0.999,2105.0,23797.95,5747.36,23797.95,6841.78,23797.95,8734.99,23797.95
2026-10-05T00:43:17Z,kalshi,XRP,KXXRP15M-26OCT042045-45,1791160200,797,0.996,0.997,182.73,37.89,4373.52,13555.99,5037.8,13555.99,5839.8,13555.99
2026-10-05T00:45:17Z,polymarket,BTC,btc-updown-15m-1791161100,1791161100,17,0.46,0.47,184.0,10.97,184.0,10.97,648.85,10.97,1095.79,125.41
2026-10-05T00:45:17Z,polymarket,ETH,eth-updown-15m-1791161100,1791161100,17,0.47,0.48,10.86,38.88,10.86,38.88,20.06,88.31,346.75,308.69
2026-10-05T00:45:17Z,polymarket,SOL,sol-updown-15m-1791161100,1791161100,17,0.43,0.45,10.75,3.6,10.75,3.6,22.93,7.28,85.24,34.07
2026-10-05T00:45:17Z,polymarket,XRP,xrp-updown-15m-1791161100,1791161100,17,0.53,0.55,3.18,9.9,3.18,9.9,12.54,33.98,103.15,45.78
2026-10-05T00:45:17Z,kalshi,ETH,KXETH15M-26OCT042100-00,1791161100,17,0.49,0.5,0.49,355.0,0.49,355.0,0.71,840.52,645.37,1720.46
2026-10-05T00:45:17Z,kalshi,SOL,KXSOL15M-26OCT042100-00,1791161100,17,0.42,0.43,26.88,153.08,26.88,153.08,39.18,307.08,450.26,822.86
2026-10-05T00:46:17Z,polymarket,BTC,btc-updown-15m-1791161100,1791161100,77,0.34,0.35,136.0,185.28,136.0,185.28,139.3,396.6,1083.35,4948.54
2026-10-05T00:46:17Z,polymarket,ETH,eth-updown-15m-1791161100,1791161100,77,0.36,0.37,1.8,47.69,1.8,47.69,61.3,71.63,464.45,274.87
2026-10-05T00:46:17Z,polymarket,SOL,sol-updown-15m-1791161100,1791161100,77,0.26,0.27,2.08,2.16,2.08,2.16,16.08,27.7,221.08,209.04
2026-10-05T00:46:17Z,polymarket,XRP,xrp-updown-15m-1791161100,1791161100,77,0.67,0.68,65.66,3.45,65.66,3.45,111.2,244.95,257.71,1145.18
2026-10-05T00:46:17Z,kalshi,BTC,KXBTC15M-26OCT042100-00,1791161100,77,0.33,0.34,972.07,1785.21,972.07,1785.21,1614.95,2579.02,2775.19,4011.32
2026-10-05T00:46:17Z,kalshi,ETH,KXETH15M-26OCT042100-00,1791161100,77,0.37,0.38,5.92,461.44,5.92,461.44,30.76,693.24,631.33,1475.41
2026-10-05T00:46:17Z,kalshi,SOL,KXSOL15M-26OCT042100-00,1791161100,77,0.28,0.29,2.8,106.72,2.8,106.72,7.12,229.41,392.06,722.01
2026-10-05T00:46:17Z,kalshi,XRP,KXXRP15M-26OCT042100-00,1791161100,77,0.66,0.67,11.88,440.28,11.88,440.28,46.98,481.76,939.59,1766.33
2026-10-05T00:47:17Z,polymarket,BTC,btc-updown-15m-1791161100,1791161100,137,0.26,0.27,708.33,88.83,708.33,88.83,1718.33,234.71,2787.67,584.96
2026-10-05T00:47:17Z,polymarket,ETH,eth-updown-15m-1791161100,1791161100,137,0.33,0.34,37.28,1.7,37.28,1.7,61.28,14.3,553.64,420.19
2026-10-05T00:47:17Z,polymarket,SOL,sol-updown-15m-1791161100,1791161100,137,0.21,0.22,19.64,3.3,19.64,3.3,27.24,12.04,210.76,177.5
2026-10-05T00:47:17Z,polymarket,XRP,xrp-updown-15m-1791161100,1791161100,137,0.57,0.58,19.9,24.94,19.9,24.94,41.18,50.31,579.2,374.7
2026-10-05T00:47:17Z,kalshi,BTC,KXBTC15M-26OCT042100-00,1791161100,137,0.29,0.3,1337.74,1766.1,1337.74,1766.1,1928.25,2630.87,3322.18,3819.48
2026-10-05T00:47:17Z,kalshi,ETH,KXETH15M-26OCT042100-00,1791161100,137,0.34,0.35,20.4,24.85,20.4,24.85,81.19,438.49,741.01,1036.28
2026-10-05T00:47:17Z,kalshi,SOL,KXSOL15M-26OCT042100-00,1791161100,137,0.22,0.23,2.42,78.75,2.42,78.75,78.02,127.83,396.38,534.21
2026-10-05T00:47:17Z,kalshi,XRP,KXXRP15M-26OCT042100-00,1791161100,137,0.57,0.59,229.4,52.21,229.4,52.21,1112.24,594.32,1394.6,859.27
2026-10-05T00:48:17Z,polymarket,BTC,btc-updown-15m-1791161100,1791161100,197,0.46,0.47,151.34,153.69,151.34,153.69,211.56,218.49,1156.49,5709.07
2026-10-05T00:48:17Z,polymarket,ETH,eth-updown-15m-1791161100,1791161100,197,0.5,0.51,20.0,2.55,20.0,2.55,63.28,55.93,414.24,503.89
2026-10-05T00:48:17Z,polymarket,SOL,sol-updown-15m-1791161100,1791161100,197,0.49,0.51,16.17,27.94,16.17,27.94,43.53,57.58,553.16,365.22
2026-10-05T00:48:17Z,polymarket,XRP,xrp-updown-15m-1791161100,1791161100,197,0.79,0.8,4.74,442.14,4.74,442.14,39.06,591.18,109.24,1338.03
2026-10-05T00:48:17Z,kalshi,BTC,KXBTC15M-26OCT042100-00,1791161100,197,0.45,0.46,2494.98,2154.17,2494.98,2154.17,3308.28,3919.71,5246.4,4972.07
2026-10-05T00:48:17Z,kalshi,ETH,KXETH15M-26OCT042100-00,1791161100,197,0.51,0.52,7.79,301.29,7.79,301.29,45.29,681.3,1265.31,1905.1
2026-10-05T00:48:17Z,kalshi,SOL,KXSOL15M-26OCT042100-00,1791161100,197,0.49,0.5,182.77,15.05,182.77,15.05,355.91,198.65,1029.57,794.5
2026-10-05T00:48:17Z,kalshi,XRP,KXXRP15M-26OCT042100-00,1791161100,197,0.76,0.77,327.86,21.56,327.86,21.56,693.86,454.11,1423.26,2324.36
2026-10-05T00:49:17Z,polymarket,BTC,btc-updown-15m-1791161100,1791161100,257,0.57,0.58,259.85,5.8,259.85,5.8,442.17,200.5,3265.53,4572.37
2026-10-05T00:49:17Z,polymarket,ETH,eth-updown-15m-1791161100,1791161100,257,0.72,0.73,10.27,51.24,10.27,51.24,76.3,103.58,422.55,1292.48
2026-10-05T00:49:17Z,polymarket,SOL,sol-updown-15m-1791161100,1791161100,257,0.53,0.54,18.51,2.7,18.51,2.7,73.7,20.09,184.4,549.3
2026-10-05T00:49:17Z,polymarket,XRP,xrp-updown-15m-1791161100,1791161100,257,0.86,0.87,34.4,28.71,34.4,28.71,132.24,479.34,191.02,1302.49
2026-10-05T00:49:17Z,kalshi,BTC,KXBTC15M-26OCT042100-00,1791161100,257,0.57,0.58,1749.47,2998.58,1749.47,2998.58,2636.19,4502.35,4240.84,7042.89
2026-10-05T00:49:17Z,kalshi,ETH,KXETH15M-26OCT042100-00,1791161100,257,0.71,0.72,1.42,187.2,1.42,187.2,384.78,640.53,1590.27,1947.51
2026-10-05T00:49:17Z,kalshi,SOL,KXSOL15M-26OCT042100-00,1791161100,257,0.52,0.53,14.04,6.89,14.04,6.89,177.65,130.01,735.56,956.67
2026-10-05T00:49:17Z,kalshi,XRP,KXXRP15M-26OCT042100-00,1791161100,257,0.84,0.85,750.55,15.72,750.55,15.72,794.2,483.13,1260.59,2277.61
2026-10-05T00:50:17Z,polymarket,BTC,btc-updown-15m-1791161100,1791161100,317,0.42,0.43,99.37,58.05,99.37,58.05,331.02,110.52,1185.36,677.31
2026-10-05T00:50:17Z,polymarket,ETH,eth-updown-15m-1791161100,1791161100,317,0.6,0.61,24.6,28.06,24.6,28.06,48.2,36.12,184.27,357.15
2026-10-05T00:50:17Z,polymarket,SOL,sol-updown-15m-1791161100,1791161100,317,0.43,0.45,3.44,3.6,3.44,3.6,24.68,6.65,80.61,24.17
2026-10-05T00:50:17Z,polymarket,XRP,xrp-updown-15m-1791161100,1791161100,317,0.84,0.85,5.04,65.95,5.04,65.95,5.04,175.17,52.24,696.75
2026-10-05T00:50:17Z,kalshi,BTC,KXBTC15M-26OCT042100-00,1791161100,317,0.43,0.44,1766.45,739.45,1766.45,739.45,2623.67,2520.78,3554.03,3697.79
2026-10-05T00:50:17Z,kalshi,ETH,KXETH15M-26OCT042100-00,1791161100,317,0.59,0.6,323.91,138.0,323.91,138.0,689.31,199.0,1758.54,1002.7
2026-10-05T00:50:17Z,kalshi,SOL,KXSOL15M-26OCT042100-00,1791161100,317,0.43,0.44,153.51,66.0,153.51,66.0,303.03,70.5,787.54,251.38
2026-10-05T00:50:17Z,kalshi,XRP,KXXRP15M-26OCT042100-00,1791161100,317,0.82,0.83,28.29,38.18,28.29,38.18,368.49,353.18,998.8,760.57
2026-10-05T00:51:17Z,polymarket,BTC,btc-updown-15m-1791161100,1791161100,377,0.61,0.62,131.76,385.27,131.76,385.27,524.76,1835.14,1055.28,4583.12
2026-10-05T00:51:17Z,polymarket,ETH,eth-updown-15m-1791161100,1791161100,377,0.72,0.73,105.1,3.65,105.1,3.65,158.35,58.0,623.67,1332.12
2026-10-05T00:51:17Z,polymarket,SOL,sol-updown-15m-1791161100,1791161100,377,0.54,0.56,18.07,28.43,18.07,28.43,56.76,47.24,348.06,182.95
2026-10-05T00:51:17Z,polymarket,XRP,xrp-updown-15m-1791161100,1791161100,377,0.89,0.9,45.41,3.54,45.41,3.54,121.97,28.11,314.77,337.43
2026-10-05T00:51:17Z,kalshi,BTC,KXBTC15M-26OCT042100-00,1791161100,377,0.58,0.59,3350.88,1622.54,3350.88,1622.54,5005.59,2876.15,7552.68,4157.14
2026-10-05T00:51:17Z,kalshi,ETH,KXETH15M-26OCT042100-00,1791161100,377,0.71,0.72,45.77,47.52,45.77,47.52,293.57,532.24,1551.82,1968.69
2026-10-05T00:51:17Z,kalshi,SOL,KXSOL15M-26OCT042100-00,1791161100,377,0.55,0.56,6.34,43.12,6.34,43.12,215.32,291.64,772.45,1044.28
2026-10-05T00:51:17Z,kalshi,XRP,KXXRP15M-26OCT042100-00,1791161100,377,0.88,0.89,49.76,11.37,49.76,11.37,416.03,74.37,854.65,2265.97
2026-10-05T00:52:17Z,polymarket,BTC,btc-updown-15m-1791161100,1791161100,437,0.56,0.57,215.93,47.62,215.93,47.62,304.67,151.62,1134.9,1784.06
2026-10-05T00:52:17Z,polymarket,ETH,eth-updown-15m-1791161100,1791161100,437,0.63,0.64,47.25,51.91,47.25,51.91,146.45,111.06,361.2,616.38
2026-10-05T00:52:17Z,polymarket,SOL,sol-updown-15m-1791161100,1791161100,437,0.37,0.38,3.7,7.22,3.7,7.22,19.18,30.6,206.65,104.92
2026-10-05T00:52:17Z,polymarket,XRP,xrp-updown-15m-1791161100,1791161100,437,0.83,0.86,4.98,55.9,0,0,4.98,55.9,474.58,392.75
2026-10-05T00:52:17Z,kalshi,BTC,KXBTC15M-26OCT042100-00,1791161100,437,0.55,0.56,3145.55,982.42,3145.55,982.42,3676.1,2476.82,5174.55,4058.23
2026-10-05T00:52:17Z,kalshi,ETH,KXETH15M-26OCT042100-00,1791161100,437,0.62,0.63,542.7,51.66,542.7,51.66,944.08,136.78,1973.06,1299.75
2026-10-05T00:52:17Z,kalshi,SOL,KXSOL15M-26OCT042100-00,1791161100,437,0.37,0.38,137.29,0.61,137.29,0.61,273.37,4.51,830.39,458.29
2026-10-05T00:52:17Z,kalshi,XRP,KXXRP15M-26OCT042100-00,1791161100,437,0.84,0.85,312.06,17.0,312.06,17.0,361.86,136.97,795.6,1474.66
2026-10-05T00:53:17Z,polymarket,BTC,btc-updown-15m-1791161100,1791161100,497,0.74,0.75,525.09,105.02,525.09,105.02,852.41,1366.61,2635.92,9555.79
2026-10-05T00:53:17Z,polymarket,ETH,eth-updown-15m-1791161100,1791161100,497,0.77,0.79,30.8,99.77,30.8,99.77,175.2,649.93,920.36,1622.16
2026-10-05T00:53:17Z,polymarket,SOL,sol-updown-15m-1791161100,1791161100,497,0.51,0.52,7.14,30.44,7.14,30.44,32.66,76.02,119.06,370.01
2026-10-05T00:53:17Z,polymarket,XRP,xrp-updown-15m-1791161100,1791161100,497,0.89,0.92,68.17,13.8,0,0,68.17,13.8,470.06,878.24
2026-10-05T00:53:17Z,kalshi,BTC,KXBTC15M-26OCT042100-00,1791161100,497,0.73,0.74,4049.18,2982.47,4049.18,2982.47,6421.25,5856.17,8598.33,8411.98
2026-10-05T00:53:17Z,kalshi,ETH,KXETH15M-26OCT042100-00,1791161100,497,0.76,0.77,63.66,12.32,63.66,12.32,316.41,563.05,1616.99,2160.8
2026-10-05T00:53:17Z,kalshi,SOL,KXSOL15M-26OCT042100-00,1791161100,497,0.48,0.49,10.56,19.11,10.56,19.11,212.89,211.11,803.56,846.85
2026-10-05T00:53:17Z,kalshi,XRP,KXXRP15M-26OCT042100-00,1791161100,497,0.906,0.907,225.23,3.63,258.16,100.73,360.06,521.1,1488.69,4097.29
2026-10-05T00:54:17Z,polymarket,BTC,btc-updown-15m-1791161100,1791161100,557,0.48,0.49,100.8,120.05,100.8,120.05,233.34,606.05,5150.45,1419.64
2026-10-05T00:54:17Z,polymarket,ETH,eth-updown-15m-1791161100,1791161100,557,0.56,0.57,39.2,2.85,39.2,2.85,83.2,47.92,464.73,751.61
2026-10-05T00:54:17Z,polymarket,SOL,sol-updown-15m-1791161100,1791161100,557,0.31,0.32,10.85,22.36,10.85,22.36,29.46,183.38,59.01,315.46
2026-10-05T00:54:17Z,polymarket,XRP,xrp-updown-15m-1791161100,1791161100,557,0.81,0.84,13.77,36.12,0,0,13.77,36.12,580.69,539.48
2026-10-05T00:54:17Z,kalshi,BTC,KXBTC15M-26OCT042100-00,1791161100,557,0.49,0.5,2101.52,692.21,2101.52,692.21,4060.61,1646.41,5213.99,3919.12
2026-10-05T00:54:17Z,kalshi,ETH,KXETH15M-26OCT042100-00,1791161100,557,0.56,0.57,61.61,340.86,61.61,340.86,92.96,756.14,793.13,1982.19
2026-10-05T00:54:17Z,kalshi,SOL,KXSOL15M-26OCT042100-00,1791161100,557,0.28,0.29,100.91,12.64,100.91,12.64,206.87,63.64,500.79,335.61
2026-10-05T00:54:17Z,kalshi,XRP,KXXRP15M-26OCT042100-00,1791161100,557,0.83,0.84,67.7,17.64,67.7,17.64,127.56,78.41,1196.21,1656.82
2026-10-05T00:55:17Z,polymarket,BTC,btc-updown-15m-1791161100,1791161100,617,0.42,0.43,4.2,298.56,4.2,298.56,10.35,594.69,87.0,5394.23
2026-10-05T00:55:17Z,polymarket,ETH,eth-updown-15m-1791161100,1791161100,617,0.56,0.57,47.38,22.8,47.38,22.8,47.38,46.0,123.9,803.61
2026-10-05T00:55:17Z,polymarket,SOL,sol-updown-15m-1791161100,1791161100,617,0.25,0.26,6.25,130.24,6.25,130.24,12.25,239.59,47.6,424.11
2026-10-05T00:55:17Z,polymarket,XRP,xrp-updown-15m-1791161100,1791161100,617,0.79,0.81,12.14,34.83,12.14,34.83,54.26,119.29,1200.93,315.62
2026-10-05T00:55:17Z,kalshi,BTC,KXBTC15M-26OCT042100-00,1791161100,617,0.4,0.41,7.1,2975.39,7.1,2975.39,576.5,3568.43,2472.24,4842.82
2026-10-05T00:55:17Z,kalshi,ETH,KXETH15M-26OCT042100-00,1791161100,617,0.55,0.56,3.85,366.24,3.85,366.24,85.93,651.24,1131.8,1796.06
2026-10-05T00:55:17Z,kalshi,SOL,KXSOL15M-26OCT042100-00,1791161100,617,0.22,0.23,9.24,85.79,9.24,85.79,11.34,213.16,185.83,511.56
2026-10-05T00:55:17Z,kalshi,XRP,KXXRP15M-26OCT042100-00,1791161100,617,0.8,0.82,78.81,20.5,78.81,20.5,723.71,44.16,1131.22,775.32
2026-10-05T00:56:17Z,polymarket,BTC,btc-updown-15m-1791161100,1791161100,677,0.78,0.79,154.52,186.18,154.52,186.18,1603.38,388.59,6155.86,2518.32
2026-10-05T00:56:17Z,polymarket,ETH,eth-updown-15m-1791161100,1791161100,677,0.83,0.84,58.1,597.0,58.1,597.0,123.7,693.63,472.19,3192.67
2026-10-05T00:56:17Z,polymarket,SOL,sol-updown-15m-1791161100,1791161100,677,0.58,0.59,72.53,2.95,72.53,2.95,82.79,22.75,490.84,87.75
2026-10-05T00:56:17Z,polymarket,XRP,xrp-updown-15m-1791161100,1791161100,677,0.92,0.94,68.5,42.0,68.5,42.0,122.34,134.16,901.65,831.59
2026-10-05T00:56:17Z,kalshi,BTC,KXBTC15M-26OCT042100-00,1791161100,677,0.79,0.8,3724.79,2446.18,3724.79,2446.18,4480.22,4006.85,6773.14,7035.47
2026-10-05T00:56:17Z,kalshi,ETH,KXETH15M-26OCT042100-00,1791161100,677,0.8,0.81,88.0,13.77,88.0,13.77,530.4,495.88,2059.36,2090.18
2026-10-05T00:56:17Z,kalshi,SOL,KXSOL15M-26OCT042100-00,1791161100,677,0.59,0.6,7.08,22.2,7.08,22.2,271.56,241.8,965.85,1036.23
2026-10-05T00:56:17Z,kalshi,XRP,KXXRP15M-26OCT042100-00,1791161100,677,0.923,0.927,5.54,4.63,40.88,190.75,451.58,268.88,1382.55,5390.72
2026-10-05T00:57:17Z,polymarket,BTC,btc-updown-15m-1791161100,1791161100,737,0.73,0.74,147.46,125.8,147.46,125.8,399.46,173.05,815.16,4937.01
2026-10-05T00:57:17Z,polymarket,ETH,eth-updown-15m-1791161100,1791161100,737,0.75,0.76,91.2,30.4,91.2,30.4,116.27,176.7,501.47,894.6
2026-10-05T00:57:17Z,polymarket,SOL,sol-updown-15m-1791161100,1791161100,737,0.21,0.22,1.47,15.98,1.47,15.98,7.87,21.04,47.1,259.89
2026-10-05T00:57:17Z,polymarket,XRP,xrp-updown-15m-1791161100,1791161100,737,0.9,0.91,80.51,0.11,80.51,0.11,462.29,16.67,616.94,197.2
2026-10-05T00:57:17Z,kalshi,BTC,KXBTC15M-26OCT042100-00,1791161100,737,0.72,0.73,1239.27,3248.62,1239.27,3248.62,1748.34,3927.67,3970.08,5788.44
2026-10-05T00:57:17Z,kalshi,ETH,KXETH15M-26OCT042100-00,1791161100,737,0.73,0.74,372.3,37.74,372.3,37.74,773.79,102.99,2068.36,1357.37
2026-10-05T00:57:17Z,kalshi,SOL,KXSOL15M-26OCT042100-00,1791161100,737,0.17,0.2,87.6,65.47,0,0,87.6,65.47,280.27,349.67
2026-10-05T00:57:17Z,kalshi,XRP,KXXRP15M-26OCT042100-00,1791161100,737,0.923,0.925,12.0,4.62,366.17,353.74,447.04,722.21,1170.99,5567.27
2026-10-05T00:58:17Z,polymarket,BTC,btc-updown-15m-1791161100,1791161100,797,0.96,0.97,243.84,347.64,243.84,347.64,440.49,522.09,3508.2,5168.38
2026-10-05T00:58:17Z,polymarket,SOL,sol-updown-15m-1791161100,1791161100,797,0.74,0.78,4.44,31.2,0,0,4.44,31.2,53.74,118.09
2026-10-05T00:58:17Z,kalshi,BTC,KXBTC15M-26OCT042100-00,1791161100,797,0.959,0.96,696.96,269.18,3219.24,3865.49,6049.84,7384.44,13092.58,696415.07
2026-10-05T00:58:17Z,kalshi,ETH,KXETH15M-26OCT042100-00,1791161100,797,0.99,0.991,107.7,38.65,657.23,71859.39,1570.79,71859.39,4849.05,71859.39
2026-10-05T00:58:17Z,kalshi,SOL,KXSOL15M-26OCT042100-00,1791161100,797,0.75,0.77,286.67,4.5,286.67,4.5,599.31,283.74,1474.97,1159.73
2026-10-05T00:58:17Z,kalshi,XRP,KXXRP15M-26OCT042100-00,1791161100,797,0.995,0.997,158.64,644.06,892.14,23088.14,2001.68,23088.14,5231.28,23088.14
2026-10-05T00:59:17Z,polymarket,SOL,sol-updown-15m-1791161100,1791161100,857,0.96,0.98,29.76,6.86,29.76,6.86,29.76,26.12,29.76,26.12
2026-10-05T00:59:17Z,kalshi,SOL,KXSOL15M-26OCT042100-00,1791161100,857,0.96,0.975,9.6,5.85,19.08,5.85,1120.83,391.3,2063.02,4560.47
2026-10-05T01:00:17Z,polymarket,BTC,btc-updown-15m-1791162000,1791162000,17,0.28,0.29,134.96,208.83,134.96,208.83,550.49,296.43,2875.14,1401.24
2026-10-05T01:00:17Z,polymarket,ETH,eth-updown-15m-1791162000,1791162000,17,0.28,0.29,18.59,14.86,18.59,14.86,63.14,31.66,248.31,362.08
2026-10-05T01:00:17Z,polymarket,SOL,sol-updown-15m-1791162000,1791162000,17,0.28,0.29,7.84,1.45,7.84,1.45,25.85,3.85,260.59,12.57
2026-10-05T01:00:17Z,polymarket,XRP,xrp-updown-15m-1791162000,1791162000,17,0.31,0.32,6.2,15.36,6.2,15.36,11.6,21.3,56.96,110.61
2026-10-05T01:00:17Z,kalshi,BTC,KXBTC15M-26OCT042115-15,1791162000,17,0.29,0.3,1237.72,1902.57,1237.72,1902.57,1969.36,3864.25,4022.94,4947.29
2026-10-05T01:00:17Z,kalshi,XRP,KXXRP15M-26OCT042115-15,1791162000,17,0.3,0.31,6.0,12.68,6.0,12.68,42.54,21.64,300.23,200.19
2026-10-05T01:01:17Z,polymarket,BTC,btc-updown-15m-1791162000,1791162000,77,0.25,0.26,68.0,143.41,68.0,143.41,530.0,310.54,3234.27,1595.5
2026-10-05T01:01:17Z,polymarket,ETH,eth-updown-15m-1791162000,1791162000,77,0.23,0.24,28.61,14.88,28.61,14.88,95.71,43.63,548.33,148.18
2026-10-05T01:01:17Z,polymarket,SOL,sol-updown-15m-1791162000,1791162000,77,0.24,0.25,43.48,1.5,43.48,1.5,56.59,5.4,192.04,49.24
2026-10-05T01:01:17Z,polymarket,XRP,xrp-updown-15m-1791162000,1791162000,77,0.33,0.34,14.19,8.84,14.19,8.84,27.95,17.24,559.43,97.75
2026-10-05T01:01:17Z,kalshi,BTC,KXBTC15M-26OCT042115-15,1791162000,77,0.26,0.27,1299.6,1708.66,1299.6,1708.66,2876.47,2478.31,3679.55,4331.63
2026-10-05T01:01:17Z,kalshi,ETH,KXETH15M-26OCT042115-15,1791162000,77,0.24,0.25,33.36,4.75,33.36,4.75,178.12,165.69,539.43,727.41
2026-10-05T01:01:17Z,kalshi,SOL,KXSOL15M-26OCT042115-15,1791162000,77,0.25,0.26,2.5,97.76,2.5,97.76,6.34,196.31,259.39,528.15
2026-10-05T01:01:17Z,kalshi,XRP,KXXRP15M-26OCT042115-15,1791162000,77,0.34,0.36,323.52,7.2,323.52,7.2,474.83,184.98,617.17,915.16
2026-10-05T01:01:41Z,polymarket,BTC,btc-updown-15m-1791162000,1791162000,101,0.15,0.16,88.39,71.5,88.39,71.5,248.98,195.15,490.44,912.73
2026-10-05T01:01:41Z,polymarket,ETH,eth-updown-15m-1791162000,1791162000,101,0.12,0.13,9.6,10.89,9.6,10.89,20.26,26.99,178.52,180.04
2026-10-05T01:01:41Z,polymarket,SOL,sol-updown-15m-1791162000,1791162000,101,0.18,0.19,7.74,24.98,7.74,24.98,10.97,31.58,28.58,61.85
2026-10-05T01:01:41Z,polymarket,XRP,xrp-updown-15m-1791162000,1791162000,101,0.27,0.3,6.75,28.97,0,0,6.75,28.97,147.1,74.31
2026-10-05T01:01:41Z,kalshi,BTC,KXBTC15M-26OCT042115-15,1791162000,101,0.17,0.18,5.71,1790.71,5.71,1790.71,118.62,2262.55,1242.39,2965.18
2026-10-05T01:01:41Z,kalshi,ETH,KXETH15M-26OCT042115-15,1791162000,101,0.13,0.14,7.64,75.63,7.64,75.63,22.0,176.18,151.01,459.78
2026-10-05T01:01:41Z,kalshi,SOL,KXSOL15M-26OCT042115-15,1791162000,101,0.21,0.22,2.25,81.51,2.25,81.51,4.65,165.8,96.2,589.53
2026-10-05T01:01:41Z,kalshi,XRP,KXXRP15M-26OCT042115-15,1791162000,101,0.3,0.31,7.3,414.43,7.3,414.43,13.1,435.87,383.81,615.75
2026-10-05T01:02:41Z,polymarket,BTC,btc-updown-15m-1791162000,1791162000,161,0.16,0.17,267.21,225.25,267.21,225.25,366.43,339.01,1508.61,906.61
2026-10-05T01:02:41Z,polymarket,ETH,eth-updown-15m-1791162000,1791162000,161,0.1,0.11,1.34,11.04,1.34,11.04,17.99,101.46,71.87,498.24
2026-10-05T01:02:41Z,polymarket,SOL,sol-updown-15m-1791162000,1791162000,161,0.2,0.21,4.0,5.25,4.0,5.25,34.97,16.91,235.62,68.74
2026-10-05T01:02:41Z,polymarket,XRP,xrp-updown-15m-1791162000,1791162000,161,0.31,0.32,33.73,1.92,33.73,1.92,45.13,18.75,107.35,63.5
2026-10-05T01:02:41Z,kalshi,BTC,KXBTC15M-26OCT042115-15,1791162000,161,0.18,0.19,277.62,1586.69,277.62,1586.69,535.98,1920.6,1215.13,2467.19
2026-10-05T01:02:41Z,kalshi,ETH,KXETH15M-26OCT042115-15,1791162000,161,0.099,0.1,0.79,51.09,12.8,51.09,66.75,128.28,225.58,377.35
2026-10-05T01:02:41Z,kalshi,SOL,KXSOL15M-26OCT042115-15,1791162000,161,0.21,0.23,5.04,16.05,5.04,16.05,77.04,99.08,289.13,515.7
2026-10-05T01:02:41Z,kalshi,XRP,KXXRP15M-26OCT042115-15,1791162000,161,0.35,0.36,4.48,360.42,4.48,360.42,11.28,533.93,454.21,903.23
2026-10-05T01:03:41Z,polymarket,BTC,btc-updown-15m-1791162000,1791162000,221,0.15,0.16,1.5,184.57,1.5,184.57,232.5,316.32,1379.27,1546.69
2026-10-05T01:03:41Z,polymarket,ETH,eth-updown-15m-1791162000,1791162000,221,0.08,0.09,2.4,70.03,2.4,70.03,5.55,117.73,32.38,329.3
2026-10-05T01:03:41Z,polymarket,SOL,sol-updown-15m-1791162000,1791162000,221,0.18,0.19,7.2,1.52,7.2,1.52,17.4,4.58,74.53,137.84
2026-10-05T01:03:41Z,polymarket,XRP,xrp-updown-15m-1791162000,1791162000,221,0.25,0.26,6.25,9.88,6.25,9.88,16.57,25.26,71.13,109.75
2026-10-05T01:03:41Z,kalshi,BTC,KXBTC15M-26OCT042115-15,1791162000,221,0.16,0.17,668.19,573.91,668.19,573.91,993.89,993.85,1669.92,2248.12
2026-10-05T01:03:41Z,kalshi,ETH,KXETH15M-26OCT042115-15,1791162000,221,0.074,0.075,1.85,26.09,9.85,39.65,33.02,129.89,222.12,308.14
2026-10-05T01:03:41Z,kalshi,SOL,KXSOL15M-26OCT042115-15,1791162000,221,0.19,0.2,2.09,71.2,2.09,71.2,7.49,147.8,255.5,399.78
2026-10-05T01:03:41Z,kalshi,XRP,KXXRP15M-26OCT042115-15,1791162000,221,0.25,0.26,4.07,7.54,4.07,7.54,27.04,21.56,397.71,170.53
2026-10-05T01:04:41Z,polymarket,BTC,btc-updown-15m-1791162000,1791162000,281,0.27,0.28,444.34,55.32,444.34,55.32,507.26,137.97,3409.0,793.57
2026-10-05T01:04:41Z,polymarket,ETH,eth-updown-15m-1791162000,1791162000,281,0.15,0.17,31.04,11.9,31.04,11.9,47.98,20.73,346.11,160.62
2026-10-05T01:04:41Z,polymarket,SOL,sol-updown-15m-1791162000,1791162000,281,0.31,0.33,7.75,9.24,7.75,9.24,17.65,17.4,98.34,103.14
2026-10-05T01:04:41Z,polymarket,XRP,xrp-updown-15m-1791162000,1791162000,281,0.38,0.4,20.14,11.2,20.14,11.2,45.3,24.73,289.78,181.74
2026-10-05T01:04:41Z,kalshi,BTC,KXBTC15M-26OCT042115-15,1791162000,281,0.29,0.3,1311.92,1818.79,1311.92,1818.79,2528.13,2645.72,3502.04,4632.26
2026-10-05T01:04:41Z,kalshi,ETH,KXETH15M-26OCT042115-15,1791162000,281,0.16,0.17,28.64,12.75,28.64,12.75,128.11,215.93,437.54,637.12
2026-10-05T01:04:41Z,kalshi,SOL,KXSOL15M-26OCT042115-15,1791162000,281,0.29,0.32,109.62,5.44,0,0,109.62,5.44,416.07,434.59
2026-10-05T01:04:41Z,kalshi,XRP,KXXRP15M-26OCT042115-15,1791162000,281,0.4,0.42,14.8,42.63,14.8,42.63,182.83,602.06,675.86,819.95
2026-10-05T01:05:41Z,polymarket,BTC,btc-updown-15m-1791162000,1791162000,341,0.28,0.29,44.8,47.04,44.8,47.04,497.59,126.57,2654.56,1259.01
2026-10-05T01:05:41Z,polymarket,ETH,eth-updown-15m-1791162000,1791162000,341,0.24,0.25,195.62,7.5,195.62,7.5,399.17,17.9,817.75,113.55
2026-10-05T01:05:41Z,polymarket,SOL,sol-updown-15m-1791162000,1791162000,341,0.29,0.3,15.37,6.0,15.37,6.0,44.98,132.48,91.82,405.73
2026-10-05T01:05:41Z,polymarket,XRP,xrp-updown-15m-1791162000,1791162000,341,0.39,0.41,26.52,12.6,26.52,12.6,46.66,35.28,250.38,178.41
2026-10-05T01:05:41Z,kalshi,BTC,KXBTC15M-26OCT042115-15,1791162000,341,0.29,0.3,1495.97,113.8,1495.97,113.8,2230.34,982.39,3137.43,2446.45
2026-10-05T01:05:41Z,kalshi,ETH,KXETH15M-26OCT042115-15,1791162000,341,0.27,0.28,154.19,30.02,154.19,30.02,371.55,80.88,768.98,729.76
2026-10-05T01:05:41Z,kalshi,SOL,KXSOL15M-26OCT042115-15,1791162000,341,0.28,0.29,1.4,108.17,1.4,108.17,4.1,220.57,188.69,585.6
2026-10-05T01:05:41Z,kalshi,XRP,KXXRP15M-26OCT042115-15,1791162000,341,0.41,0.42,175.08,8.4,175.08,8.4,344.58,22.38,522.87,427.94
2026-10-05T01:06:41Z,polymarket,BTC,btc-updown-15m-1791162000,1791162000,401,0.2,0.21,52.38,87.97,52.38,87.97,401.08,132.85,1576.44,661.68
2026-10-05T01:06:41Z,polymarket,ETH,eth-updown-15m-1791162000,1791162000,401,0.19,0.2,0.95,23.96,0.95,23.96,13.28,58.61,183.07,308.06
2026-10-05T01:06:41Z,polymarket,SOL,sol-updown-15m-1791162000,1791162000,401,0.19,0.2,11.78,1.6,11.78,1.6,40.81,9.58,74.23,205.89
2026-10-05T01:06:41Z,polymarket,XRP,xrp-updown-15m-1791162000,1791162000,401,0.33,0.35,27.26,2.0,27.26,2.0,148.22,8.48,372.83,84.54
2026-10-05T01:06:41Z,kalshi,BTC,KXBTC15M-26OCT042115-15,1791162000,401,0.21,0.22,423.34,1657.91,423.34,1657.91,886.33,2087.66,1430.89,2724.06
2026-10-05T01:06:41Z,kalshi,ETH,KXETH15M-26OCT042115-15,1791162000,401,0.19,0.2,13.68,113.0,13.68,113.0,50.4,248.87,300.08,688.94
2026-10-05T01:06:41Z,kalshi,SOL,KXSOL15M-26OCT042115-15,1791162000,401,0.17,0.18,13.6,50.61,13.6,50.61,15.52,123.96,129.17,348.98
2026-10-05T01:06:41Z,kalshi,XRP,KXXRP15M-26OCT042115-15,1791162000,401,0.35,0.36,149.97,4.68,149.97,4.68,173.78,12.08,440.7,217.87
2026-10-05T01:07:41Z,polymarket,BTC,btc-updown-15m-1791162000,1791162000,461,0.14,0.15,47.72,3.0,47.72,3.0,133.87,29.31,1067.28,2355.11
2026-10-05T01:07:41Z,polymarket,ETH,eth-updown-15m-1791162000,1791162000,461,0.14,0.15,14.44,0.75,14.44,0.75,26.53,2.35,263.8,270.67
2026-10-05T01:07:41Z,polymarket,SOL,sol-updown-15m-1791162000,1791162000,461,0.17,0.19,1.36,7.12,1.36,7.12,5.84,9.12,121.31,138.0
2026-10-05T01:07:41Z,polymarket,XRP,xrp-updown-15m-1791162000,1791162000,461,0.26,0.27,4.68,14.06,4.68,14.06,11.68,23.3,147.91,59.49
2026-10-05T01:07:41Z,kalshi,BTC,KXBTC15M-26OCT042115-15,1791162000,461,0.14,0.15,342.35,1083.63,342.35,1083.63,563.53,1360.35,1660.3,1742.3
2026-10-05T01:07:41Z,kalshi,ETH,KXETH15M-26OCT042115-15,1791162000,461,0.14,0.15,27.72,6.64,27.72,6.64,144.46,25.93,406.21,381.44
2026-10-05T01:07:41Z,kalshi,SOL,KXSOL15M-26OCT042115-15,1791162000,461,0.18,0.19,12.6,3.42,12.6,3.42,28.41,75.42,199.29,321.13
2026-10-05T01:07:41Z,kalshi,XRP,KXXRP15M-26OCT042115-15,1791162000,461,0.28,0.29,102.76,5.11,102.76,5.11,131.92,13.66,376.47,274.22
2026-10-05T01:08:41Z,polymarket,BTC,btc-updown-15m-1791162000,1791162000,521,0.19,0.2,78.4,269.7,78.4,269.7,92.0,419.01,526.08,3129.21
2026-10-05T01:08:41Z,polymarket,ETH,eth-updown-15m-1791162000,1791162000,521,0.15,0.16,0.75,11.69,0.75,11.69,6.38,37.19,218.75,355.95
2026-10-05T01:08:41Z,polymarket,SOL,sol-updown-15m-1791162000,1791162000,521,0.19,0.2,21.82,3.49,21.82,3.49,45.36,8.53,137.46,143.76
2026-10-05T01:08:41Z,polymarket,XRP,xrp-updown-15m-1791162000,1791162000,521,0.22,0.23,1.32,13.58,1.32,13.58,6.57,41.01,42.3,137.12
2026-10-05T01:08:41Z,kalshi,BTC,KXBTC15M-26OCT042115-15,1791162000,521,0.17,0.18,305.89,1229.99,305.89,1229.99,620.84,1595.47,1370.9,2861.6
2026-10-05T01:08:41Z,kalshi,ETH,KXETH15M-26OCT042115-15,1791162000,521,0.15,0.16,20.55,20.74,20.55,20.74,109.73,73.44,356.48,397.73
2026-10-05T01:08:41Z,kalshi,SOL,KXSOL15M-26OCT042115-15,1791162000,521,0.19,0.2,19.38,4.8,19.38,4.8,96.06,8.58,353.99,267.95
2026-10-05T01:08:41Z,kalshi,XRP,KXXRP15M-26OCT042115-15,1791162000,521,0.22,0.23,0.44,9.56,0.44,9.56,4.85,121.76,282.0,319.6
2026-10-05T01:09:41Z,polymarket,BTC,btc-updown-15m-1791162000,1791162000,581,0.09,0.1,8.1,224.07,8.1,224.07,37.5,344.91,457.48,1255.71
2026-10-05T01:09:41Z,polymarket,ETH,eth-updown-15m-1791162000,1791162000,581,0.06,0.07,6.64,2.45,6.64,2.45,19.39,3.99,64.68,106.67
2026-10-05T01:09:41Z,polymarket,SOL,sol-updown-15m-1791162000,1791162000,581,0.08,0.09,7.82,0.67,7.82,0.67,10.55,5.67,26.16,130.3
2026-10-05T01:09:41Z,polymarket,XRP,xrp-updown-15m-1791162000,1791162000,581,0.13,0.14,3.25,1.43,3.25,1.43,14.53,5.63,111.78,50.21
2026-10-05T01:09:41Z,kalshi,BTC,KXBTC15M-26OCT042115-15,1791162000,581,0.076,0.077,152.17,84.12,541.47,285.62,765.08,550.13,1524.47,1149.79
2026-10-05T01:09:41Z,kalshi,ETH,KXETH15M-26OCT042115-15,1791162000,581,0.074,0.075,0.67,0.9,6.74,49.7,29.86,100.63,242.75,310.91
2026-10-05T01:09:41Z,kalshi,SOL,KXSOL15M-26OCT042115-15,1791162000,581,0.075,0.084,0.97,0.25,3.51,1.02,10.04,5.64,183.79,174.43
2026-10-05T01:09:41Z,kalshi,XRP,KXXRP15M-26OCT042115-15,1791162000,581,0.14,0.15,3.08,5.55,3.08,5.55,21.48,60.18,196.38,152.78
2026-10-05T01:10:41Z,polymarket,BTC,btc-updown-15m-1791162000,1791162000,641,0.04,0.05,2.85,25.44,2.85,25.44,22.78,83.07,42.3,638.35
2026-10-05T01:10:41Z,polymarket,ETH,eth-updown-15m-1791162000,1791162000,641,0.02,0.03,0.4,1.54,0.4,1.54,2.61,5.34,2.61,233.55
2026-10-05T01:10:41Z,polymarket,SOL,sol-updown-15m-1791162000,1791162000,641,0.04,0.05,1.0,0.46,1.0,0.46,6.31,27.01,9.71,83.03
2026-10-05T01:10:41Z,polymarket,XRP,xrp-updown-15m-1791162000,1791162000,641,0.07,0.08,11.85,2.0,11.85,2.0,17.37,8.91,33.93,33.64
2026-10-05T01:10:41Z,kalshi,BTC,KXBTC15M-26OCT042115-15,1791162000,641,0.032,0.033,95.21,25.85,321.77,153.02,641.75,315.8,3042.14,815.58
2026-10-05T01:10:41Z,kalshi,ETH,KXETH15M-26OCT042115-15,1791162000,641,0.024,0.025,1.44,1.8,66.47,81.49,162.88,106.2,262.3,218.68
2026-10-05T01:10:41Z,kalshi,SOL,KXSOL15M-26OCT042115-15,1791162000,641,0.042,0.046,0.63,0.37,10.65,18.4,20.4,31.99,198.04,112.37
2026-10-05T01:10:41Z,kalshi,XRP,KXXRP15M-26OCT042115-15,1791162000,641,0.07,0.078,0.53,0.39,8.09,1.39,8.33,13.22,174.12,197.75
2026-10-05T01:11:41Z,polymarket,BTC,btc-updown-15m-1791162000,1791162000,701,0.14,0.15,77.94,273.38,77.94,273.38,98.21,1345.11,336.81,2290.89
2026-10-05T01:11:41Z,polymarket,ETH,eth-updown-15m-1791162000,1791162000,701,0.1,0.109,0.5,4.36,0.5,8.21,59.44,8.21,204.79,128.84
2026-10-05T01:11:41Z,polymarket,SOL,sol-updown-15m-1791162000,1791162000,701,0.21,0.25,1.68,100.0,0,0,1.68,100.0,36.72,335.94
2026-10-05T01:11:41Z,polymarket,XRP,xrp-updown-15m-1791162000,1791162000,701,0.35,0.37,13.3,15.91,13.3,15.91,37.78,25.41,114.87,150.6
2026-10-05T01:11:41Z,kalshi,BTC,KXBTC15M-26OCT042115-15,1791162000,701,0.12,0.13,253.65,756.55,253.65,756.55,469.52,1076.8,1394.43,1757.22
2026-10-05T01:11:41Z,kalshi,ETH,KXETH15M-26OCT042115-15,1791162000,701,0.11,0.12,57.95,15.48,57.95,15.48,126.79,57.99,387.72,348.66
2026-10-05T01:11:41Z,kalshi,SOL,KXSOL15M-26OCT042115-15,1791162000,701,0.21,0.22,7.14,0.22,7.14,0.22,14.74,86.01,218.12,295.89
2026-10-05T01:11:41Z,kalshi,XRP,KXXRP15M-26OCT042115-15,1791162000,701,0.35,0.37,1.97,13.32,1.97,13.32,127.09,175.77,313.47,524.95
2026-10-05T01:12:41Z,polymarket,BTC,btc-updown-15m-1791162000,1791162000,761,0.05,0.06,3.95,23.45,3.95,23.45,16.23,38.36,147.72,1321.73
2026-10-05T01:12:41Z,polymarket,ETH,eth-updown-15m-1791162000,1791162000,761,0.05,0.055,1.25,1.95,1.25,4.93,1.25,5.28,29.65,161.94
2026-10-05T01:12:41Z,polymarket,SOL,sol-updown-15m-1791162000,1791162000,761,0.06,0.07,0.6,3.14,0.6,3.14,1.35,5.78,4.9,41.35
2026-10-05T01:12:41Z,polymarket,XRP,xrp-updown-15m-1791162000,1791162000,761,0.29,0.3,5.8,10.93,5.8,10.93,7.83,33.25,62.06,109.22
2026-10-05T01:12:41Z,kalshi,BTC,KXBTC15M-26OCT042115-15,1791162000,761,0.047,0.048,72.2,39.07,207.0,367.32,410.38,621.41,3194.84,1269.64
2026-10-05T01:12:41Z,kalshi,ETH,KXETH15M-26OCT042115-15,1791162000,761,0.047,0.051,0.94,1.94,13.39,37.05,15.34,77.98,354.65,203.83
2026-10-05T01:12:41Z,kalshi,SOL,KXSOL15M-26OCT042115-15,1791162000,761,0.052,0.059,0.16,4.72,0.31,15.51,10.36,18.35,211.27,102.43
2026-10-05T01:12:41Z,kalshi,XRP,KXXRP15M-26OCT042115-15,1791162000,761,0.27,0.31,8.03,7.75,0,0,8.03,7.75,113.76,182.3
2026-10-05T01:13:41Z,polymarket,BTC,btc-updown-15m-1791162000,1791162000,821,0.04,0.05,3.0,28.05,3.0,28.05,8.93,37.83,16.13,121.95
2026-10-05T01:13:41Z,polymarket,ETH,eth-updown-15m-1791162000,1791162000,821,0.03,0.032,0.15,0.98,0.15,1.18,1.05,4.54,1.21,19.99
2026-10-05T01:13:41Z,polymarket,SOL,sol-updown-15m-1791162000,1791162000,821,0.03,0.05,0.75,1.16,0.75,1.16,1.77,3.35,2.44,6.61
2026-10-05T01:13:41Z,polymarket,XRP,xrp-updown-15m-1791162000,1791162000,821,0.63,0.66,15.57,36.3,0,0,15.57,36.3,15.57,82.11
2026-10-05T01:13:41Z,kalshi,BTC,KXBTC15M-26OCT042115-15,1791162000,821,0.036,0.037,18.0,36.19,64.74,161.69,167.3,295.23,2119.44,814.55
2026-10-05T01:13:41Z,kalshi,ETH,KXETH15M-26OCT042115-15,1791162000,821,0.026,0.027,0.1,0.84,7.07,2.4,20.04,31.71,75.93,134.02
2026-10-05T01:13:41Z,kalshi,SOL,KXSOL15M-26OCT042115-15,1791162000,821,0.048,0.054,0.1,2.11,0.38,4.74,15.42,29.81,52.03,145.04
2026-10-05T01:13:41Z,kalshi,XRP,KXXRP15M-26OCT042115-15,1791162000,821,0.57,0.61,14.26,26.84,0,0,14.26,26.84,251.72,179.13
2026-10-05T01:14:41Z,polymarket,BTC,btc-updown-15m-1791162000,1791162000,881,0.01,0.02,33.93,2.06,33.93,2.06,33.93,2.06,33.93,2.56
2026-10-05T01:14:41Z,kalshi,BTC,KXBTC15M-26OCT042115-15,1791162000,881,0.17,0.18,205.2,1.77,205.2,1.77,285.36,96.77,533.5,523.09
2026-10-05T01:14:41Z,kalshi,SOL,KXSOL15M-26OCT042115-15,1791162000,881,0.001,0.002,0.93,0.49,0.93,24.03,0.93,34.98,0.93,86.07
2026-10-05T01:15:41Z,polymarket,BTC,btc-updown-15m-1791162900,1791162900,41,0.64,0.65,193.28,701.75,193.28,701.75,316.02,1345.91,2135.69,8726.8
2026-10-05T01:15:41Z,polymarket,ETH,eth-updown-15m-1791162900,1791162900,41,0.58,0.59,40.35,2.95,40.35,2.95,89.6,80.95,1170.16,449.55
2026-10-05T01:15:41Z,polymarket,SOL,sol-updown-15m-1791162900,1791162900,41,0.6,0.61,51.89,12.2,51.89,12.2,101.45,27.7,222.4,108.33
2026-10-05T01:15:41Z,polymarket,XRP,xrp-updown-15m-1791162900,1791162900,41,0.71,0.72,30.53,38.88,30.53,38.88,60.63,81.0,160.14,679.79
2026-10-05T01:15:41Z,kalshi,BTC,KXBTC15M-26OCT042130-30,1791162900,41,0.63,0.64,3684.81,3283.7,3684.81,3283.7,5716.39,4882.3,8295.25,7492.4
2026-10-05T01:15:41Z,kalshi,ETH,KXETH15M-26OCT042130-30,1791162900,41,0.59,0.6,331.45,330.41,331.45,330.41,400.47,774.49,1380.58,2321.44
2026-10-05T01:15:41Z,kalshi,SOL,KXSOL15M-26OCT042130-30,1791162900,41,0.63,0.64,6.3,300.81,6.3,300.81,19.33,535.46,681.89,1306.49
2026-10-05T01:15:41Z,kalshi,XRP,KXXRP15M-26OCT042130-30,1791162900,41,0.69,0.7,28.93,17.5,28.93,17.5,245.27,60.1,960.1,757.38
2026-10-05T01:16:41Z,polymarket,BTC,btc-updown-15m-1791162900,1791162900,101,0.54,0.55,237.54,181.5,237.54,181.5,417.23,278.58,4699.78,2310.47
2026-10-05T01:16:41Z,polymarket,ETH,eth-updown-15m-1791162900,1791162900,101,0.34,0.35,56.89,10.5,56.89,10.5,114.97,10.5,297.58,90.04
2026-10-05T01:16:41Z,polymarket,SOL,sol-updown-15m-1791162900,1791162900,101,0.44,0.45,12.03,3.6,12.03,3.6,42.5,16.48,326.57,77.82
2026-10-05T01:16:41Z,polymarket,XRP,xrp-updown-15m-1791162900,1791162900,101,0.66,0.67,15.84,12.73,15.84,12.73,43.79,58.29,159.48,711.07
2026-10-05T01:16:41Z,kalshi,BTC,KXBTC15M-26OCT042130-30,1791162900,101,0.55,0.56,2185.07,3000.43,2185.07,3000.43,3223.49,4185.09,4481.03,6196.8
2026-10-05T01:16:41Z,kalshi,ETH,KXETH15M-26OCT042130-30,1791162900,101,0.38,0.39,22.04,33.54,22.04,33.54,253.29,433.94,1015.82,1216.64
2026-10-05T01:16:41Z,kalshi,SOL,KXSOL15M-26OCT042130-30,1791162900,101,0.44,0.45,160.16,4.5,160.16,4.5,314.96,13.7,807.24,558.72
2026-10-05T01:16:41Z,kalshi,XRP,KXXRP15M-26OCT042130-30,1791162900,101,0.64,0.65,0.64,32.18,0.64,32.18,18.28,76.73,238.83,369.97
2026-10-05T01:17:41Z,polymarket,BTC,btc-updown-15m-1791162900,1791162900,161,0.69,0.7,285.11,323.82,285.11,323.82,385.75,2248.01,2098.96,7212.86
2026-10-05T01:17:41Z,polymarket,ETH,eth-updown-15m-1791162900,1791162900,161,0.6,0.61,26.4,3.05,26.4,3.05,35.25,55.75,1097.46,537.92
2026-10-05T01:17:41Z,polymarket,SOL,sol-updown-15m-1791162900,1791162900,161,0.69,0.7,8.28,71.36,8.28,71.36,13.72,359.62,112.85,807.9
2026-10-05T01:17:41Z,polymarket,XRP,xrp-updown-15m-1791162900,1791162900,161,0.78,0.79,42.6,11.85,42.6,11.85,65.7,79.85,284.25,627.01
2026-10-05T01:17:41Z,kalshi,BTC,KXBTC15M-26OCT042130-30,1791162900,161,0.67,0.68,4120.21,663.29,4120.21,663.29,5529.58,1902.34,8241.34,5171.95
2026-10-05T01:17:41Z,kalshi,ETH,KXETH15M-26OCT042130-30,1791162900,161,0.6,0.61,357.52,14.22,357.52,14.22,966.73,138.22,1951.02,1529.57
2026-10-05T01:17:41Z,kalshi,SOL,KXSOL15M-26OCT042130-30,1791162900,161,0.66,0.67,13.2,249.91,13.2,249.91,45.5,505.59,799.42,1286.23
2026-10-05T01:17:41Z,kalshi,XRP,KXXRP15M-26OCT042130-30,1791162900,161,0.76,0.77,6.75,11.17,6.75,11.17,54.9,64.59,499.1,513.47
2026-10-05T01:18:41Z,polymarket,BTC,btc-updown-15m-1791162900,1791162900,221,0.75,0.76,90.0,1295.8,90.0,1295.8,218.57,2103.92,1393.44,6687.6
2026-10-05T01:18:41Z,polymarket,ETH,eth-updown-15m-1791162900,1791162900,221,0.67,0.68,26.8,3.4,26.8,3.4,37.36,34.45,664.44,260.43
2026-10-05T01:18:41Z,polymarket,SOL,sol-updown-15m-1791162900,1791162900,221,0.74,0.76,5.92,310.08,5.92,310.08,47.53,379.59,191.53,760.87
2026-10-05T01:18:41Z,polymarket,XRP,xrp-updown-15m-1791162900,1791162900,221,0.79,0.81,24.11,24.3,24.11,24.3,43.61,63.66,282.63,751.47
2026-10-05T01:18:41Z,kalshi,BTC,KXBTC15M-26OCT042130-30,1791162900,221,0.73,0.74,4437.4,6913.77,4437.4,6913.77,6027.01,7876.77,8423.72,11659.41
2026-10-05T01:18:41Z,kalshi,ETH,KXETH15M-26OCT042130-30,1791162900,221,0.67,0.68,51.59,106.76,51.59,106.76,686.23,484.88,1700.48,1957.52
2026-10-05T01:18:41Z,kalshi,SOL,KXSOL15M-26OCT042130-30,1791162900,221,0.72,0.74,0.72,268.62,0.72,268.62,268.45,550.62,1045.54,1389.1
2026-10-05T01:18:41Z,kalshi,XRP,KXXRP15M-26OCT042130-30,1791162900,221,0.77,0.78,329.94,15.6,329.94,15.6,366.05,53.12,779.61,783.91
2026-10-05T01:19:41Z,polymarket,BTC,btc-updown-15m-1791162900,1791162900,281,0.73,0.74,315.36,174.74,315.36,174.74,821.52,481.49,3034.62,10379.84
2026-10-05T01:19:41Z,polymarket,ETH,eth-updown-15m-1791162900,1791162900,281,0.67,0.68,70.25,23.8,70.25,23.8,89.39,75.55,973.5,428.76
2026-10-05T01:19:41Z,polymarket,SOL,sol-updown-15m-1791162900,1791162900,281,0.72,0.73,5.76,78.54,5.76,78.54,28.48,102.96,267.06,634.97
2026-10-05T01:19:41Z,polymarket,XRP,xrp-updown-15m-1791162900,1791162900,281,0.78,0.79,3.9,86.16,3.9,86.16,23.15,116.56,181.98,360.93
2026-10-05T01:19:41Z,kalshi,BTC,KXBTC15M-26OCT042130-30,1791162900,281,0.73,0.74,991.61,6580.26,991.61,6580.26,3033.22,8491.19,4846.33,11288.05
2026-10-05T01:19:41Z,kalshi,ETH,KXETH15M-26OCT042130-30,1791162900,281,0.67,0.68,529.73,23.12,529.73,23.12,899.99,192.86,2103.82,1456.83
2026-10-05T01:19:41Z,kalshi,SOL,KXSOL15M-26OCT042130-30,1791162900,281,0.71,0.73,313.11,35.76,313.11,35.76,565.11,307.34,1348.08,1545.69
2026-10-05T01:19:41Z,kalshi,XRP,KXXRP15M-26OCT042130-30,1791162900,281,0.75,0.76,37.12,15.2,37.12,15.2,372.6,39.07,1381.63,1000.42
2026-10-05T01:20:41Z,polymarket,BTC,btc-updown-15m-1791162900,1791162900,341,0.76,0.77,165.68,175.47,165.68,175.47,786.68,314.31,4668.04,4734.92
2026-10-05T01:20:41Z,polymarket,ETH,eth-updown-15m-1791162900,1791162900,341,0.71,0.72,4.26,143.03,4.26,143.03,4.26,266.4,281.72,2107.67
2026-10-05T01:20:41Z,polymarket,SOL,sol-updown-15m-1791162900,1791162900,341,0.76,0.8,64.6,20.0,0,0,64.6,20.0,622.01,515.12
2026-10-05T01:20:41Z,polymarket,XRP,xrp-updown-15m-1791162900,1791162900,341,0.85,0.87,4.25,72.92,4.25,72.92,29.45,414.99,281.37,1065.98
2026-10-05T01:20:41Z,kalshi,BTC,KXBTC15M-26OCT042130-30,1791162900,341,0.76,0.77,4071.93,1708.61,4071.93,1708.61,6507.31,2992.1,9026.6,6258.31
2026-10-05T01:20:41Z,kalshi,ETH,KXETH15M-26OCT042130-30,1791162900,341,0.7,0.71,11.2,701.48,11.2,701.48,65.71,1128.4,1447.16,2686.63
2026-10-05T01:20:41Z,kalshi,SOL,KXSOL15M-26OCT042130-30,1791162900,341,0.77,0.78,315.9,7.8,315.9,7.8,618.06,20.44,1289.87,920.37
2026-10-05T01:20:41Z,kalshi,XRP,KXXRP15M-26OCT042130-30,1791162900,341,0.83,0.84,351.93,2.39,351.93,2.39,408.51,20.89,815.47,1410.85
2026-10-05T01:21:41Z,polymarket,BTC,btc-updown-15m-1791162900,1791162900,401,0.7,0.71,89.6,413.21,89.6,413.21,1288.82,589.62,7078.01,1462.53
2026-10-05T01:21:41Z,polymarket,ETH,eth-updown-15m-1791162900,1791162900,401,0.5,0.51,2.5,74.2,2.5,74.2,7.4,160.46,131.79,516.75
2026-10-05T01:21:41Z,polymarket,SOL,sol-updown-15m-1791162900,1791162900,401,0.78,0.8,15.6,38.4,15.6,38.4,15.6,368.88,87.58,1096.16
2026-10-05T01:21:41Z,polymarket,XRP,xrp-updown-15m-1791162900,1791162900,401,0.89,0.9,4.45,5.14,4.45,5.14,26.45,333.65,300.65,994.04
2026-10-05T01:21:41Z,kalshi,BTC,KXBTC15M-26OCT042130-30,1791162900,401,0.71,0.72,3329.89,2982.02,3329.89,2982.02,4666.54,4555.34,6878.55,8824.36
2026-10-05T01:21:41Z,kalshi,ETH,KXETH15M-26OCT042130-30,1791162900,401,0.49,0.5,141.61,10.5,141.61,10.5,195.37,192.29,1014.94,1316.86
2026-10-05T01:21:41Z,kalshi,SOL,KXSOL15M-26OCT042130-30,1791162900,401,0.77,0.79,7.7,294.67,7.7,294.67,369.14,588.27,1268.12,1505.51
2026-10-05T01:21:41Z,kalshi,XRP,KXXRP15M-26OCT042130-30,1791162900,401,0.87,0.89,77.0,389.39,77.0,389.39,120.36,408.29,643.87,1785.0
2026-10-05T01:22:41Z,polymarket,BTC,btc-updown-15m-1791162900,1791162900,461,0.82,0.83,24.6,216.81,24.6,216.81,77.25,752.19,617.45,10428.82
2026-10-05T01:22:41Z,polymarket,ETH,eth-updown-15m-1791162900,1791162900,461,0.64,0.67,3.2,3.35,0,0,3.2,3.35,277.25,407.32
2026-10-05T01:22:41Z,polymarket,SOL,sol-updown-15m-1791162900,1791162900,461,0.83,0.84,16.6,112.61,16.6,112.61,36.28,493.41,116.2,1327.14
2026-10-05T01:22:41Z,polymarket,XRP,xrp-updown-15m-1791162900,1791162900,461,0.89,0.9,4.45,36.0,4.45,36.0,34.62,124.65,316.45,381.23
2026-10-05T01:22:41Z,kalshi,BTC,KXBTC15M-26OCT042130-30,1791162900,461,0.81,0.82,40.68,5638.99,40.68,5638.99,1366.28,6742.2,3851.33,9050.38
2026-10-05T01:22:41Z,kalshi,ETH,KXETH15M-26OCT042130-30,1791162900,461,0.65,0.67,8.25,494.46,8.25,494.46,26.69,1057.49,553.83,2308.65
2026-10-05T01:22:41Z,kalshi,SOL,KXSOL15M-26OCT042130-30,1791162900,461,0.82,0.83,0.08,343.15,0.08,343.15,0.08,649.75,45.74,1624.88
2026-10-05T01:22:41Z,kalshi,XRP,KXXRP15M-26OCT042130-30,1791162900,461,0.87,0.88,50.46,68.2,50.46,68.2,405.34,462.92,863.9,2679.14
2026-10-05T01:23:41Z,polymarket,BTC,btc-updown-15m-1791162900,1791162900,521,0.78,0.79,2109.86,50.35,2109.86,50.35,2948.89,114.35,13279.16,2135.84
2026-10-05T01:23:41Z,polymarket,ETH,eth-updown-15m-1791162900,1791162900,521,0.52,0.53,15.6,56.69,15.6,56.69,15.6,195.46,290.75,596.98
2026-10-05T01:23:41Z,polymarket,SOL,sol-updown-15m-1791162900,1791162900,521,0.61,0.63,288.95,17.64,288.95,17.64,368.15,48.36,634.51,216.25
2026-10-05T01:23:41Z,polymarket,XRP,xrp-updown-15m-1791162900,1791162900,521,0.78,0.79,56.33,15.8,56.33,15.8,60.18,39.8,548.2,205.6
2026-10-05T01:23:41Z,kalshi,BTC,KXBTC15M-26OCT042130-30,1791162900,521,0.8,0.81,4677.57,3069.14,4677.57,3069.14,6374.29,4164.28,9357.03,7775.55
2026-10-05T01:23:41Z,kalshi,ETH,KXETH15M-26OCT042130-30,1791162900,521,0.52,0.53,132.68,15.91,132.68,15.91,419.81,355.28,1355.7,1342.24
2026-10-05T01:23:41Z,kalshi,SOL,KXSOL15M-26OCT042130-30,1791162900,521,0.64,0.65,46.08,13.0,46.08,13.0,272.88,70.42,926.92,717.98
2026-10-05T01:23:41Z,kalshi,XRP,KXXRP15M-26OCT042130-30,1791162900,521,0.78,0.8,29.64,342.0,29.64,342.0,143.99,396.68,859.25,1210.91
2026-10-05T01:24:41Z,polymarket,BTC,btc-updown-15m-1791162900,1791162900,581,0.91,0.92,9.09,657.85,9.09,657.85,165.69,1864.47,8138.08,12149.64
2026-10-05T01:24:41Z,polymarket,ETH,eth-updown-15m-1791162900,1791162900,581,0.71,0.72,3.55,3.6,3.55,3.6,31.55,54.7,300.16,394.53
2026-10-05T01:24:41Z,polymarket,SOL,sol-updown-15m-1791162900,1791162900,581,0.83,0.84,8.3,16.56,8.3,16.56,16.5,71.27,535.94,937.9
2026-10-05T01:24:41Z,polymarket,XRP,xrp-updown-15m-1791162900,1791162900,581,0.93,0.95,50.48,33.25,50.48,33.25,151.03,170.54,829.44,970.55
2026-10-05T01:24:41Z,kalshi,BTC,KXBTC15M-26OCT042130-30,1791162900,581,0.907,0.908,1764.94,0.02,4789.36,5084.26,6299.69,8378.02,9399.27,18011.66
2026-10-05T01:24:41Z,kalshi,ETH,KXETH15M-26OCT042130-30,1791162900,581,0.71,0.72,23.43,90.0,23.43,90.0,533.18,529.34,1776.36,1855.35
2026-10-05T01:24:41Z,kalshi,SOL,KXSOL15M-26OCT042130-30,1791162900,581,0.83,0.85,9.13,316.2,9.13,316.2,289.93,549.59,1193.89,1537.04
2026-10-05T01:24:41Z,kalshi,XRP,KXXRP15M-26OCT042130-30,1791162900,581,0.922,0.93,13.83,11.62,49.22,63.41,486.12,481.67,1274.26,4687.01
2026-10-05T01:25:41Z,polymarket,BTC,btc-updown-15m-1791162900,1791162900,641,0.96,0.97,343.47,161.35,343.47,161.35,813.12,593.54,10592.38,1814.28
2026-10-05T01:25:41Z,polymarket,ETH,eth-updown-15m-1791162900,1791162900,641,0.87,0.88,4.35,96.64,4.35,96.64,50.08,237.26,907.04,1677.73
2026-10-05T01:25:41Z,polymarket,SOL,sol-updown-15m-1791162900,1791162900,641,0.93,0.94,23.25,42.3,23.25,42.3,69.25,177.21,268.86,430.61
2026-10-05T01:25:41Z,polymarket,XRP,xrp-updown-15m-1791162900,1791162900,641,0.94,0.95,33.17,2.85,33.17,2.85,80.6,7.65,791.51,543.17
2026-10-05T01:25:41Z,kalshi,BTC,KXBTC15M-26OCT042130-30,1791162900,641,0.968,0.969,1538.66,1181.54,4985.53,3363.59,7188.59,26883.35,16356.49,2630927.23
2026-10-05T01:25:41Z,kalshi,ETH,KXETH15M-26OCT042130-30,1791162900,641,0.88,0.89,14.96,592.54,14.96,592.54,79.93,1530.25,1311.92,4338.6
2026-10-05T01:25:41Z,kalshi,SOL,KXSOL15M-26OCT042130-30,1791162900,641,0.935,0.938,9.35,9.38,74.49,50.72,521.74,161.94,1601.94,7638.83
2026-10-05T01:25:41Z,kalshi,XRP,KXXRP15M-26OCT042130-30,1791162900,641,0.951,0.958,4.75,23.95,9.5,168.45,56.42,847.55,2348.18,77375.53
2026-10-05T01:26:41Z,polymarket,BTC,btc-updown-15m-1791162900,1791162900,701,0.98,0.99,255.78,806.52,255.78,806.52,578.79,806.52,6183.72,806.52
2026-10-05T01:26:41Z,polymarket,ETH,eth-updown-15m-1791162900,1791162900,701,0.88,0.89,4.4,133.34,4.4,133.34,47.9,304.34,910.24,1638.62
2026-10-05T01:26:41Z,polymarket,SOL,sol-updown-15m-1791162900,1791162900,701,0.96,0.97,24.0,80.84,24.0,80.84,47.75,205.3,675.36,299.35
2026-10-05T01:26:41Z,polymarket,XRP,xrp-updown-15m-1791162900,1791162900,701,0.96,0.98,81.19,4.9,81.19,4.9,566.37,55.39,1115.72,55.39
2026-10-05T01:26:41Z,kalshi,BTC,KXBTC15M-26OCT042130-30,1791162900,701,0.971,0.972,863.56,568.78,5249.78,8058.07,8991.11,31863.16,18017.15,2470655.42
2026-10-05T01:26:41Z,kalshi,ETH,KXETH15M-26OCT042130-30,1791162900,701,0.89,0.9,201.4,85.75,201.4,560.7,241.88,698.57,1316.28,3020.45
2026-10-05T01:26:41Z,kalshi,SOL,KXSOL15M-26OCT042130-30,1791162900,701,0.955,0.959,10.5,2.88,60.08,68.55,499.23,270.16,1523.94,89805.44
2026-10-05T01:26:41Z,kalshi,XRP,KXXRP15M-26OCT042130-30,1791162900,701,0.979,0.983,22.52,39.42,327.03,3475.15,664.37,71511.85,1714.21,71511.85
2026-10-05T01:27:41Z,polymarket,ETH,eth-updown-15m-1791162900,1791162900,761,0.91,0.93,105.77,4.65,105.77,4.65,267.77,167.27,928.67,965.56
2026-10-05T01:27:41Z,polymarket,SOL,sol-updown-15m-1791162900,1791162900,761,0.98,0.99,24.5,63.27,24.5,63.27,87.55,63.27,1243.76,63.27
2026-10-05T01:27:41Z,kalshi,BTC,KXBTC15M-26OCT042130-30,1791162900,761,0.991,0.992,14.87,913.64,10492.31,2300664.03,12420.57,2300664.03,18956.74,2300664.03
2026-10-05T01:27:41Z,kalshi,ETH,KXETH15M-26OCT042130-30,1791162900,761,0.934,0.939,47.62,9.39,152.87,141.11,461.85,635.23,1755.52,12843.23
2026-10-05T01:27:41Z,kalshi,SOL,KXSOL15M-26OCT042130-30,1791162900,761,0.98,0.981,7.84,436.11,458.34,1236.25,1097.41,79917.59,2941.89,79917.59
2026-10-05T01:27:41Z,kalshi,XRP,KXXRP15M-26OCT042130-30,1791162900,761,0.985,0.987,26.59,54.28,104.95,2757.64,301.11,44877.98,1311.46,44877.98
2026-10-05T01:28:41Z,kalshi,BTC,KXBTC15M-26OCT042130-30,1791162900,821,0.995,0.998,946.72,3308.83,38871.36,272710.47,44585.91,272710.47,58403.39,272710.47
2026-10-05T01:28:41Z,kalshi,ETH,KXETH15M-26OCT042130-30,1791162900,821,0.995,0.996,37.81,766.9,690.64,33445.39,2002.16,33445.39,5782.24,33445.39
2026-10-05T01:28:41Z,kalshi,SOL,KXSOL15M-26OCT042130-30,1791162900,821,0.996,0.997,448.48,131.98,1846.43,3325.59,2481.87,3325.59,5873.18,3325.59
2026-10-05T01:28:41Z,kalshi,XRP,KXXRP15M-26OCT042130-30,1791162900,821,0.998,0.999,8557.01,2066.8,17110.11,2066.8,18076.5,2066.8,19708.33,2066.8
2026-10-05T01:30:41Z,polymarket,BTC,btc-updown-15m-1791163800,1791163800,41,0.21,0.22,147.63,104.13,147.63,104.13,506.83,233.62,1840.9,1212.69
2026-10-05T01:30:41Z,polymarket,ETH,eth-updown-15m-1791163800,1791163800,41,0.31,0.32,4.96,51.58,4.96,51.58,18.46,78.31,195.81,588.55
2026-10-05T01:30:41Z,polymarket,SOL,sol-updown-15m-1791163800,1791163800,41,0.23,0.25,27.82,2.0,27.82,2.0,45.2,4.08,282.56,56.46
2026-10-05T01:30:41Z,polymarket,XRP,xrp-updown-15m-1791163800,1791163800,41,0.21,0.22,1.05,16.51,1.05,16.51,1.05,33.27,120.76,116.01
2026-10-05T01:30:41Z,kalshi,BTC,KXBTC15M-26OCT042145-45,1791163800,41,0.22,0.23,832.52,1308.89,832.52,1308.89,1006.44,1993.14,2476.81,2766.58
2026-10-05T01:30:41Z,kalshi,ETH,KXETH15M-26OCT042145-45,1791163800,41,0.31,0.32,39.68,154.48,39.68,154.48,206.48,317.34,669.93,1114.0
2026-10-05T01:30:41Z,kalshi,SOL,KXSOL15M-26OCT042145-45,1791163800,41,0.25,0.27,93.5,115.25,93.5,115.25,184.94,233.67,535.95,713.13
2026-10-05T01:30:41Z,kalshi,XRP,KXXRP15M-26OCT042145-45,1791163800,41,0.22,0.23,6.82,8.51,6.82,8.51,42.14,38.76,209.84,221.9
2026-10-05T01:31:41Z,polymarket,BTC,btc-updown-15m-1791163800,1791163800,101,0.12,0.13,198.6,61.53,198.6,61.53,802.29,160.79,1237.42,636.09
2026-10-05T01:31:41Z,polymarket,ETH,eth-updown-15m-1791163800,1791163800,101,0.1,0.11,8.78,7.81,8.78,7.81,86.21,18.61,195.27,74.14
2026-10-05T01:31:41Z,polymarket,SOL,sol-updown-15m-1791163800,1791163800,101,0.09,0.1,4.51,1.1,4.51,1.1,19.11,16.94,34.71,67.29
2026-10-05T01:31:41Z,polymarket,XRP,xrp-updown-15m-1791163800,1791163800,101,0.11,0.13,1.65,14.17,1.65,14.17,2.85,17.67,30.42,69.64
2026-10-05T01:31:41Z,kalshi,BTC,KXBTC15M-26OCT042145-45,1791163800,101,0.14,0.15,688.42,726.88,688.42,726.88,866.75,1097.68,1609.71,1989.22
2026-10-05T01:31:41Z,kalshi,ETH,KXETH15M-26OCT042145-45,1791163800,101,0.12,0.13,4.5,71.25,4.5,71.25,23.53,158.79,334.73,541.42
2026-10-05T01:31:41Z,kalshi,SOL,KXSOL15M-26OCT042145-45,1791163800,101,0.11,0.12,2.86,1.32,2.86,1.32,5.4,100.18,297.72,377.69
2026-10-05T01:31:41Z,kalshi,XRP,KXXRP15M-26OCT042145-45,1791163800,101,0.14,0.15,1.96,4.92,1.96,4.92,10.74,67.45,155.14,252.57
2026-10-05T01:32:41Z,polymarket,BTC,btc-updown-15m-1791163800,1791163800,161,0.12,0.13,186.38,31.57,186.38,31.57,417.27,89.53,863.9,397.25
2026-10-05T01:32:41Z,polymarket,ETH,eth-updown-15m-1791163800,1791163800,161,0.09,0.1,4.85,7.0,4.85,7.0,10.45,16.9,120.88,131.17
2026-10-05T01:32:41Z,polymarket,SOL,sol-updown-15m-1791163800,1791163800,161,0.08,0.1,3.44,17.17,3.44,17.17,18.72,23.11,29.67,98.08
2026-10-05T01:32:41Z,polymarket,XRP,xrp-updown-15m-1791163800,1791163800,161,0.08,0.09,1.2,11.7,1.2,11.7,5.75,11.7,68.62,32.45
2026-10-05T01:32:41Z,kalshi,BTC,KXBTC15M-26OCT042145-45,1791163800,161,0.15,0.16,311.63,442.57,311.63,442.57,495.37,674.62,1130.79,1554.03
2026-10-05T01:32:41Z,kalshi,ETH,KXETH15M-26OCT042145-45,1791163800,161,0.1,0.11,8.07,35.03,14.71,35.03,17.78,102.71,203.37,369.73
2026-10-05T01:32:41Z,kalshi,SOL,KXSOL15M-26OCT042145-45,1791163800,161,0.1,0.11,2.0,14.67,3.95,14.67,4.56,58.95,174.66,277.01
2026-10-05T01:32:41Z,kalshi,XRP,KXXRP15M-26OCT042145-45,1791163800,161,0.11,0.12,2.87,12.42,2.87,12.42,6.33,142.22,199.19,199.89
2026-10-05T01:33:41Z,polymarket,BTC,btc-updown-15m-1791163800,1791163800,221,0.13,0.14,9.1,66.22,9.1,66.22,344.13,112.72,1000.77,923.88
2026-10-05T01:33:41Z,polymarket,ETH,eth-updown-15m-1791163800,1791163800,221,0.09,0.1,6.75,0.83,6.75,0.83,17.15,13.59,117.18,184.2
2026-10-05T01:33:41Z,polymarket,SOL,sol-updown-15m-1791163800,1791163800,221,0.06,0.08,3.82,7.12,3.82,7.12,15.66,20.62,38.08,87.46
2026-10-05T01:33:41Z,polymarket,XRP,xrp-updown-15m-1791163800,1791163800,221,0.09,0.11,1.35,2.75,1.35,2.75,2.31,5.75,50.43,36.66
2026-10-05T01:33:41Z,kalshi,BTC,KXBTC15M-26OCT042145-45,1791163800,221,0.15,0.16,292.97,1028.66,292.97,1028.66,601.4,1306.11,1199.58,2019.71
2026-10-05T01:33:41Z,kalshi,ETH,KXETH15M-26OCT042145-45,1791163800,221,0.1,0.11,21.17,41.74,36.39,41.74,70.25,85.51,219.79,370.72
2026-10-05T01:33:41Z,kalshi,SOL,KXSOL15M-26OCT042145-45,1791163800,221,0.078,0.079,1.48,0.24,4.21,5.62,28.24,54.17,203.56,173.07
2026-10-05T01:33:41Z,kalshi,XRP,KXXRP15M-26OCT042145-45,1791163800,221,0.12,0.13,15.6,10.01,15.6,10.01,95.81,17.15,321.27,168.59
2026-10-05T01:34:41Z,polymarket,BTC,btc-updown-15m-1791163800,1791163800,281,0.08,0.09,8.63,22.76,8.63,22.76,26.34,52.52,615.47,863.09
2026-10-05T01:34:41Z,polymarket,ETH,eth-updown-15m-1791163800,1791163800,281,0.04,0.05,2.2,6.42,2.2,6.42,4.48,28.34,68.16,96.44
2026-10-05T01:34:41Z,polymarket,SOL,sol-updown-15m-1791163800,1791163800,281,0.04,0.05,0.02,7.11,0.02,7.11,2.22,15.39,24.71,44.95
2026-10-05T01:34:41Z,polymarket,XRP,xrp-updown-15m-1791163800,1791163800,281,0.06,0.07,0.34,0.35,0.34,0.35,2.32,4.67,26.77,56.22
2026-10-05T01:34:41Z,kalshi,BTC,KXBTC15M-26OCT042145-45,1791163800,281,0.091,0.092,3.56,150.87,185.82,637.4,524.93,864.11,1564.91,1331.79
2026-10-05T01:34:41Z,kalshi,ETH,KXETH15M-26OCT042145-45,1791163800,281,0.055,0.059,0.66,0.53,10.57,9.94,34.33,60.49,393.75,189.04
2026-10-05T01:34:41Z,kalshi,SOL,KXSOL15M-26OCT042145-45,1791163800,281,0.044,0.045,0.4,5.97,1.82,10.25,28.53,56.98,258.84,145.2
2026-10-05T01:34:41Z,kalshi,XRP,KXXRP15M-26OCT042145-45,1791163800,281,0.084,0.089,1.34,1.07,25.66,12.58,79.52,62.29,390.93,78.31
2026-10-05T01:35:41Z,polymarket,BTC,btc-updown-15m-1791163800,1791163800,341,0.07,0.08,13.65,34.54,13.65,34.54,243.31,75.24,723.3,1091.99
2026-10-05T01:35:41Z,polymarket,ETH,eth-updown-15m-1791163800,1791163800,341,0.023,0.037,1.0,1.48,7.41,5.32,29.87,17.37,30.87,87.56
2026-10-05T01:35:41Z,polymarket,SOL,sol-updown-15m-1791163800,1791163800,341,0.02,0.03,0.1,5.36,0.1,5.36,4.98,10.41,4.98,60.11
2026-10-05T01:35:41Z,polymarket,XRP,xrp-updown-15m-1791163800,1791163800,341,0.05,0.06,2.89,0.3,2.89,0.3,21.17,5.83,32.05,51.54
2026-10-05T01:35:41Z,kalshi,BTC,KXBTC15M-26OCT042145-45,1791163800,341,0.088,0.089,38.53,177.28,360.31,559.14,579.75,635.54,2690.83,895.42
2026-10-05T01:35:41Z,kalshi,ETH,KXETH15M-26OCT042145-45,1791163800,341,0.042,0.043,0.17,0.34,5.02,17.39,13.3,33.23,391.69,103.98
2026-10-05T01:35:41Z,kalshi,SOL,KXSOL15M-26OCT042145-45,1791163800,341,0.024,0.026,0.48,0.39,12.67,19.49,94.52,33.25,201.39,146.23
2026-10-05T01:35:41Z,kalshi,XRP,KXXRP15M-26OCT042145-45,1791163800,341,0.073,0.076,0.36,0.68,28.29,59.11,31.2,76.61,217.67,233.2
2026-10-05T01:36:41Z,polymarket,BTC,btc-updown-15m-1791163800,1791163800,401,0.06,0.07,19.85,23.61,19.85,23.61,30.5,299.14,434.59,1255.13
2026-10-05T01:36:41Z,polymarket,ETH,eth-updown-15m-1791163800,1791163800,401,0.02,0.03,0.2,6.0,0.58,6.0,4.02,14.44,6.67,85.07
2026-10-05T01:36:41Z,polymarket,SOL,sol-updown-15m-1791163800,1791163800,401,0.011,0.019,0.27,0.68,1.14,3.14,1.16,3.98,1.16,41.67
2026-10-05T01:36:41Z,polymarket,XRP,xrp-updown-15m-1791163800,1791163800,401,0.05,0.06,0.43,23.58,0.43,23.58,0.43,30.17,3.48,63.3
2026-10-05T01:36:41Z,kalshi,BTC,KXBTC15M-26OCT042145-45,1791163800,401,0.062,0.063,62.38,1.51,331.95,261.62,713.45,499.79,1396.19,1037.2
2026-10-05T01:36:41Z,kalshi,ETH,KXETH15M-26OCT042145-45,1791163800,401,0.031,0.032,0.28,0.29,25.07,12.34,114.5,27.98,343.83,92.72
2026-10-05T01:36:41Z,kalshi,SOL,KXSOL15M-26OCT042145-45,1791163800,401,0.019,0.021,0.27,0.76,35.22,6.17,178.74,15.19,178.74,137.16
2026-10-05T01:36:41Z,kalshi,XRP,KXXRP15M-26OCT042145-45,1791163800,401,0.042,0.046,0.67,2.39,7.84,10.54,26.65,20.86,347.23,81.73
2026-10-05T01:37:41Z,polymarket,BTC,btc-updown-15m-1791163800,1791163800,461,0.05,0.06,9.57,15.3,9.57,15.3,136.96,40.27,353.25,810.58
2026-10-05T01:37:41Z,polymarket,ETH,eth-updown-15m-1791163800,1791163800,461,0.04,0.049,0.2,1.96,0.2,7.3,7.11,12.79,35.71,112.93
2026-10-05T01:37:41Z,polymarket,SOL,sol-updown-15m-1791163800,1791163800,461,0.011,0.027,0.13,0.22,1.05,1.22,1.08,2.81,1.08,22.85
2026-10-05T01:37:41Z,polymarket,XRP,xrp-updown-15m-1791163800,1791163800,461,0.03,0.04,0.45,0.32,0.45,0.32,1.06,1.32,2.98,62.48
2026-10-05T01:37:41Z,kalshi,BTC,KXBTC15M-26OCT042145-45,1791163800,461,0.066,0.067,39.93,49.18,330.95,283.62,567.49,504.96,1272.01,963.62
2026-10-05T01:37:41Z,kalshi,ETH,KXETH15M-26OCT042145-45,1791163800,461,0.053,0.058,1.27,3.73,12.45,21.27,17.39,40.43,377.46,177.84
2026-10-05T01:37:41Z,kalshi,SOL,KXSOL15M-26OCT042145-45,1791163800,461,0.026,0.027,0.29,0.08,2.39,2.28,68.98,40.2,185.56,164.57
2026-10-05T01:37:41Z,kalshi,XRP,KXXRP15M-26OCT042145-45,1791163800,461,0.041,0.042,0.21,0.63,6.03,17.57,55.06,19.75,340.35,67.65
2026-10-05T01:38:41Z,polymarket,BTC,btc-updown-15m-1791163800,1791163800,521,0.05,0.06,6.55,19.13,6.55,19.13,55.98,174.11,439.74,1279.04
2026-10-05T01:38:41Z,polymarket,ETH,eth-updown-15m-1791163800,1791163800,521,0.03,0.036,0.15,1.72,0.94,6.46,1.64,18.67,9.15,101.2
2026-10-05T01:38:41Z,polymarket,SOL,sol-updown-15m-1791163800,1791163800,521,0.001,0.009,0.03,0.32,0.03,0.78,0.03,1.08,0.03,72.76
2026-10-05T01:38:41Z,polymarket,XRP,xrp-updown-15m-1791163800,1791163800,521,0.01,0.03,1.01,0.64,1.01,0.64,1.01,2.04,1.01,61.85
2026-10-05T01:38:41Z,kalshi,BTC,KXBTC15M-26OCT042145-45,1791163800,521,0.058,0.059,7.54,30.0,281.88,240.23,642.48,561.37,1503.39,1725.68
2026-10-05T01:38:41Z,kalshi,ETH,KXETH15M-26OCT042145-45,1791163800,521,0.042,0.043,0.04,3.27,8.74,13.87,25.03,22.03,330.59,102.35
2026-10-05T01:38:41Z,kalshi,SOL,KXSOL15M-26OCT042145-45,1791163800,521,0.012,0.014,0.44,0.46,62.46,23.2,131.5,48.36,131.5,153.06
2026-10-05T01:38:41Z,kalshi,XRP,KXXRP15M-26OCT042145-45,1791163800,521,0.023,0.024,1.38,0.31,29.48,20.19,160.24,20.19,267.66,33.55
2026-10-05T01:39:41Z,polymarket,BTC,btc-updown-15m-1791163800,1791163800,581,0.06,0.07,9.3,18.57,9.3,18.57,98.67,64.65,462.22,1134.16
2026-10-05T01:39:41Z,polymarket,ETH,eth-updown-15m-1791163800,1791163800,581,0.023,0.03,0.46,0.15,2.36,2.35,5.75,5.81,6.78,54.64
2026-10-05T01:39:41Z,polymarket,SOL,sol-updown-15m-1791163800,1791163800,581,0.001,0.019,0.03,0.84,0.03,1.75,0.03,4.87,0.03,131.13
2026-10-05T01:39:41Z,polymarket,XRP,xrp-updown-15m-1791163800,1791163800,581,0.02,0.04,0.3,1.34,0.3,1.34,2.15,3.09,2.15,99.9
2026-10-05T01:39:41Z,kalshi,BTC,KXBTC15M-26OCT042145-45,1791163800,581,0.079,0.08,0.0,320.65,181.44,612.17,379.59,822.08,915.44,1453.08
2026-10-05T01:39:41Z,kalshi,ETH,KXETH15M-26OCT042145-45,1791163800,581,0.04,0.042,0.4,0.97,10.49,20.74,46.48,27.98,328.86,111.47
2026-10-05T01:39:41Z,kalshi,SOL,KXSOL15M-26OCT042145-45,1791163800,581,0.009,0.01,0.61,2.37,106.01,10.95,106.01,43.58,106.01,132.27
2026-10-05T01:39:41Z,kalshi,XRP,KXXRP15M-26OCT042145-45,1791163800,581,0.039,0.04,1.17,0.2,21.22,1.75,26.53,43.0,270.99,77.39
2026-10-05T01:40:41Z,polymarket,BTC,btc-updown-15m-1791163800,1791163800,641,0.04,0.05,38.52,6.35,38.52,6.35,76.63,18.94,160.19,517.15
2026-10-05T01:40:41Z,polymarket,ETH,eth-updown-15m-1791163800,1791163800,641,0.02,0.025,0.1,0.21,0.1,2.85,2.2,7.49,3.25,65.88
2026-10-05T01:40:41Z,polymarket,SOL,sol-updown-15m-1791163800,1791163800,641,0.01,0.019,0.05,0.84,0.05,2.05,0.12,3.79,0.12,31.66
2026-10-05T01:40:41Z,polymarket,XRP,xrp-updown-15m-1791163800,1791163800,641,0.011,0.03,0.29,0.24,0.29,0.24,1.5,1.56,1.5,38.24
2026-10-05T01:40:41Z,kalshi,BTC,KXBTC15M-26OCT042145-45,1791163800,641,0.053,0.054,3.96,30.57,151.39,314.4,390.94,501.36,1560.09,1184.06
2026-10-05T01:40:41Z,kalshi,ETH,KXETH15M-26OCT042145-45,1791163800,641,0.023,0.025,0.25,1.33,47.84,6.73,154.95,15.68,254.38,33.86
2026-10-05T01:40:41Z,kalshi,SOL,KXSOL15M-26OCT042145-45,1791163800,641,0.01,0.011,0.36,0.0,98.18,1.86,98.18,6.37,98.18,108.21
2026-10-05T01:40:41Z,kalshi,XRP,KXXRP15M-26OCT042145-45,1791163800,641,0.04,0.042,0.48,6.17,3.51,11.59,5.05,11.6,263.36,74.17
2026-10-05T01:41:41Z,polymarket,BTC,btc-updown-15m-1791163800,1791163800,701,0.04,0.05,3.52,18.2,3.52,18.2,36.58,43.41,412.03,1380.33
2026-10-05T01:41:41Z,polymarket,ETH,eth-updown-15m-1791163800,1791163800,701,0.01,0.019,1.3,0.16,1.3,0.66,2.41,3.07,2.41,43.8
2026-10-05T01:41:41Z,polymarket,SOL,sol-updown-15m-1791163800,1791163800,701,0.001,0.009,0.03,0.32,0.03,1.08,0.03,2.72,0.03,57.84
2026-10-05T01:41:41Z,polymarket,XRP,xrp-updown-15m-1791163800,1791163800,701,0.012,0.029,0.18,0.39,0.47,0.99,2.53,1.99,2.53,7.94
2026-10-05T01:41:41Z,kalshi,BTC,KXBTC15M-26OCT042145-45,1791163800,701,0.054,0.055,82.75,31.3,752.74,619.27,988.89,777.02,2236.68,1491.16
2026-10-05T01:41:41Z,kalshi,ETH,KXETH15M-26OCT042145-45,1791163800,701,0.013,0.014,0.73,0.2,40.11,4.4,137.37,9.5,137.37,33.27
2026-10-05T01:41:41Z,kalshi,SOL,KXSOL15M-26OCT042145-45,1791163800,701,0.005,0.011,0.3,0.62,73.12,2.89,73.12,18.55,73.12,92.85
2026-10-05T01:41:41Z,kalshi,XRP,KXXRP15M-26OCT042145-45,1791163800,701,0.041,0.042,0.66,0.21,6.76,1.78,26.68,33.39,294.45,98.72
2026-10-05T01:42:41Z,kalshi,BTC,KXBTC15M-26OCT042145-45,1791163800,761,0.016,0.017,7.09,1.63,59.61,165.38,644.54,250.81,644.54,640.02
2026-10-05T01:42:41Z,kalshi,ETH,KXETH15M-26OCT042145-45,1791163800,761,0.002,0.005,9.79,8.25,35.82,16.89,35.82,28.05,35.82,46.2
2026-10-05T01:42:41Z,kalshi,SOL,KXSOL15M-26OCT042145-45,1791163800,761,0.002,0.003,0.27,6.95,26.0,35.54,26.0,54.96,26.0,135.13
2026-10-05T01:42:41Z,kalshi,XRP,KXXRP15M-26OCT042145-45,1791163800,761,0.006,0.007,1.38,0.72,39.23,17.14,39.23,22.65,39.23,65.76
2026-10-05T01:43:41Z,kalshi,BTC,KXBTC15M-26OCT042145-45,1791163800,821,0.001,0.002,11.11,5.93,11.11,52.79,11.11,121.46,11.11,581.53
2026-10-05T01:43:41Z,kalshi,ETH,KXETH15M-26OCT042145-45,1791163800,821,0.001,0.002,2.59,0.19,2.59,71.68,2.59,82.72,2.59,416.08
2026-10-05T01:43:41Z,kalshi,XRP,KXXRP15M-26OCT042145-45,1791163800,821,0.001,0.004,3.75,0.14,3.75,17.44,3.75,18.9,3.75,84.4
2026-10-05T01:45:41Z,polymarket,BTC,btc-updown-15m-1791164700,1791164700,41,0.51,0.52,122.4,137.95,122.4,137.95,218.9,274.69,5458.33,2378.22
2026-10-05T01:45:41Z,polymarket,ETH,eth-updown-15m-1791164700,1791164700,41,0.56,0.58,37.91,81.62,37.91,81.62,63.21,128.82,877.68,1287.33
2026-10-05T01:45:41Z,polymarket,SOL,sol-updown-15m-1791164700,1791164700,41,0.57,0.58,15.96,14.5,15.96,14.5,30.52,19.22,529.34,446.6
2026-10-05T01:45:41Z,polymarket,XRP,xrp-updown-15m-1791164700,1791164700,41,0.56,0.57,10.08,24.51,10.08,24.51,359.88,49.45,752.19,141.09
2026-10-05T01:45:41Z,kalshi,BTC,KXBTC15M-26OCT042200-00,1791164700,41,0.52,0.53,2197.82,1410.65,2197.82,1410.65,4306.11,3702.41,6572.35,7023.58
2026-10-05T01:45:41Z,kalshi,ETH,KXETH15M-26OCT042200-00,1791164700,41,0.57,0.58,17.61,401.66,17.61,401.66,136.18,1066.0,1345.39,2139.57
2026-10-05T01:45:41Z,kalshi,SOL,KXSOL15M-26OCT042200-00,1791164700,41,0.57,0.58,39.33,5.79,39.33,5.79,439.73,43.55,1026.62,932.88
2026-10-05T01:45:41Z,kalshi,XRP,KXXRP15M-26OCT042200-00,1791164700,41,0.59,0.6,17.7,248.14,17.7,248.14,262.17,272.54,1056.79,1145.62
2026-10-05T01:46:41Z,polymarket,BTC,btc-updown-15m-1791164700,1791164700,101,0.52,0.53,306.78,60.95,306.78,60.95,423.06,187.85,1415.55,5491.16
2026-10-05T01:46:41Z,polymarket,ETH,eth-updown-15m-1791164700,1791164700,101,0.62,0.63,31.0,47.25,31.0,47.25,55.4,479.25,156.56,1028.23
2026-10-05T01:46:41Z,polymarket,SOL,sol-updown-15m-1791164700,1791164700,101,0.5,0.52,4.0,22.74,4.0,22.74,20.17,33.34,412.93,224.72
2026-10-05T01:46:41Z,polymarket,XRP,xrp-updown-15m-1791164700,1791164700,101,0.63,0.64,11.34,6.76,11.34,6.76,80.78,34.71,691.32,105.17
2026-10-05T01:46:41Z,kalshi,BTC,KXBTC15M-26OCT042200-00,1791164700,101,0.51,0.52,2079.53,2790.58,2079.53,2790.58,5225.35,4657.24,8142.07,8071.9
2026-10-05T01:46:41Z,kalshi,ETH,KXETH15M-26OCT042200-00,1791164700,101,0.6,0.61,320.14,66.2,320.14,66.2,734.38,445.02,1931.0,1176.08
2026-10-05T01:46:41Z,kalshi,SOL,KXSOL15M-26OCT042200-00,1791164700,101,0.51,0.52,8.67,8.32,8.67,8.32,352.43,208.13,894.17,1293.43
2026-10-05T01:46:41Z,kalshi,XRP,KXXRP15M-26OCT042200-00,1791164700,101,0.64,0.65,272.32,13.0,272.32,13.0,319.57,48.97,1566.87,1004.11
2026-10-05T01:47:41Z,polymarket,BTC,btc-updown-15m-1791164700,1791164700,161,0.51,0.52,73.95,148.72,73.95,148.72,463.95,247.85,3760.73,1049.26
2026-10-05T01:47:41Z,polymarket,ETH,eth-updown-15m-1791164700,1791164700,161,0.64,0.65,8.96,78.61,8.96,78.61,25.34,137.35,324.24,1938.17
2026-10-05T01:47:41Z,polymarket,SOL,sol-updown-15m-1791164700,1791164700,161,0.57,0.58,18.81,4.64,18.81,4.64,48.49,9.36,148.94,776.23
2026-10-05T01:47:41Z,polymarket,XRP,xrp-updown-15m-1791164700,1791164700,161,0.63,0.64,19.69,11.52,19.69,11.52,82.93,23.22,515.88,102.15
2026-10-05T01:47:41Z,kalshi,BTC,KXBTC15M-26OCT042200-00,1791164700,161,0.53,0.54,9.57,5018.2,9.57,5018.2,889.21,6238.52,2944.78,8480.07
2026-10-05T01:47:41Z,kalshi,ETH,KXETH15M-26OCT042200-00,1791164700,161,0.63,0.64,20.16,431.33,20.16,431.33,94.05,799.23,1384.94,1923.41
2026-10-05T01:47:41Z,kalshi,SOL,KXSOL15M-26OCT042200-00,1791164700,161,0.55,0.56,9.35,9.53,9.35,9.53,217.79,417.65,963.15,1095.94
2026-10-05T01:47:41Z,kalshi,XRP,KXXRP15M-26OCT042200-00,1791164700,161,0.65,0.66,17.54,928.9,17.54,928.9,30.34,945.65,389.8,1612.41
2026-10-05T01:48:41Z,polymarket,BTC,btc-updown-15m-1791164700,1791164700,221,0.58,0.59,222.51,102.07,222.51,102.07,473.88,305.47,2501.51,8063.25
2026-10-05T01:48:41Z,polymarket,ETH,eth-updown-15m-1791164700,1791164700,221,0.73,0.74,72.22,469.9,72.22,469.9,151.42,577.15,465.72,1354.0
2026-10-05T01:48:41Z,polymarket,SOL,sol-updown-15m-1791164700,1791164700,221,0.74,0.75,4.44,347.66,4.44,347.66,14.66,402.38,191.94,894.89
2026-10-05T01:48:41Z,polymarket,XRP,xrp-updown-15m-1791164700,1791164700,221,0.75,0.76,30.0,44.84,30.0,44.84,76.62,351.3,264.53,756.9
2026-10-05T01:48:41Z,kalshi,BTC,KXBTC15M-26OCT042200-00,1791164700,221,0.57,0.58,2615.27,4348.03,2615.27,4348.03,3615.99,4769.29,5434.47,8358.09
2026-10-05T01:48:41Z,kalshi,ETH,KXETH15M-26OCT042200-00,1791164700,221,0.7,0.71,464.8,22.62,464.8,22.62,856.64,401.13,2294.67,1484.38
2026-10-05T01:48:41Z,kalshi,SOL,KXSOL15M-26OCT042200-00,1791164700,221,0.71,0.72,271.22,263.52,271.22,263.52,557.52,275.2,1523.34,912.43
2026-10-05T01:48:41Z,kalshi,XRP,KXXRP15M-26OCT042200-00,1791164700,221,0.72,0.73,71.99,21.9,71.99,21.9,180.25,62.65,1484.21,1514.36
2026-10-05T01:49:41Z,polymarket,BTC,btc-updown-15m-1791164700,1791164700,281,0.5,0.51,162.2,164.65,162.2,164.65,393.97,283.21,1141.92,8835.78
2026-10-05T01:49:41Z,polymarket,ETH,eth-updown-15m-1791164700,1791164700,281,0.66,0.69,49.5,75.66,0,0,49.5,75.66,721.71,1404.54
2026-10-05T01:49:41Z,polymarket,SOL,sol-updown-15m-1791164700,1791164700,281,0.66,0.68,87.17,5.44,87.17,5.44,120.32,24.76,795.7,496.33
2026-10-05T01:49:41Z,polymarket,XRP,xrp-updown-15m-1791164700,1791164700,281,0.71,0.72,63.57,3.6,63.57,3.6,132.87,16.74,361.04,645.05
2026-10-05T01:49:41Z,kalshi,BTC,KXBTC15M-26OCT042200-00,1791164700,281,0.49,0.5,1133.45,4031.8,1133.45,4031.8,3150.41,5603.76,5742.83,8750.55
2026-10-05T01:49:41Z,kalshi,ETH,KXETH15M-26OCT042200-00,1791164700,281,0.66,0.67,30.72,85.77,30.72,85.77,423.17,588.97,1812.7,2186.7
2026-10-05T01:49:41Z,kalshi,SOL,KXSOL15M-26OCT042200-00,1791164700,281,0.67,0.68,11.39,10.2,11.39,10.2,483.99,21.93,1253.87,1086.68
2026-10-05T01:49:41Z,kalshi,XRP,KXXRP15M-26OCT042200-00,1791164700,281,0.7,0.71,38.09,21.3,38.09,21.3,104.42,684.72,1418.33,1440.28
2026-10-05T01:50:41Z,polymarket,BTC,btc-updown-15m-1791164700,1791164700,341,0.23,0.24,11.5,118.8,11.5,118.8,63.64,204.12,1323.05,2616.11
2026-10-05T01:50:41Z,polymarket,ETH,eth-updown-15m-1791164700,1791164700,341,0.33,0.34,28.05,29.58,28.05,29.58,52.05,43.58,408.56,230.98
2026-10-05T01:50:41Z,polymarket,SOL,sol-updown-15m-1791164700,1791164700,341,0.44,0.45,4.4,23.42,4.4,23.42,7.84,59.3,79.86,351.85
2026-10-05T01:50:41Z,polymarket,XRP,xrp-updown-15m-1791164700,1791164700,341,0.55,0.56,5.5,44.91,5.5,44.91,5.5,130.47,125.88,776.97
2026-10-05T01:50:41Z,kalshi,BTC,KXBTC15M-26OCT042200-00,1791164700,341,0.23,0.24,832.44,1376.7,832.44,1376.7,1159.79,2431.48,2048.72,3327.82
2026-10-05T01:50:41Z,kalshi,ETH,KXETH15M-26OCT042200-00,1791164700,341,0.34,0.35,145.35,25.55,145.35,25.55,328.4,54.71,936.45,813.26
2026-10-05T01:50:41Z,kalshi,SOL,KXSOL15M-26OCT042200-00,1791164700,341,0.43,0.44,3.06,4.84,3.06,4.84,73.2,186.64,523.07,821.83
2026-10-05T01:50:41Z,kalshi,XRP,KXXRP15M-26OCT042200-00,1791164700,341,0.52,0.54,10.38,24.03,10.38,24.03,59.59,469.93,724.93,742.92
2026-10-05T01:51:41Z,polymarket,BTC,btc-updown-15m-1791164700,1791164700,401,0.13,0.14,28.95,38.69,28.95,38.69,307.09,92.54,2063.88,1635.08
2026-10-05T01:51:41Z,polymarket,ETH,eth-updown-15m-1791164700,1791164700,401,0.28,0.29,20.43,18.85,20.43,18.85,244.26,30.85,756.55,158.31
2026-10-05T01:51:41Z,polymarket,SOL,sol-updown-15m-1791164700,1791164700,401,0.43,0.44,14.19,4.4,14.19,4.4,27.63,14.3,74.05,117.09
2026-10-05T01:51:41Z,polymarket,XRP,xrp-updown-15m-1791164700,1791164700,401,0.49,0.51,8.82,14.28,8.82,14.28,41.88,52.74,530.41,218.33
2026-10-05T01:51:41Z,kalshi,BTC,KXBTC15M-26OCT042200-00,1791164700,401,0.14,0.15,1007.97,607.0,1007.97,607.0,1373.62,944.57,2438.18,1731.02
2026-10-05T01:51:41Z,kalshi,ETH,KXETH15M-26OCT042200-00,1791164700,401,0.31,0.32,18.49,22.72,18.49,22.72,256.69,170.67,757.66,823.53
2026-10-05T01:51:41Z,kalshi,SOL,KXSOL15M-26OCT042200-00,1791164700,401,0.4,0.41,12.8,4.1,12.8,4.1,128.58,76.76,594.04,552.78
2026-10-05T01:51:41Z,kalshi,XRP,KXXRP15M-26OCT042200-00,1791164700,401,0.5,0.51,27.25,0.19,27.25,0.19,394.97,216.66,855.65,703.0
2026-10-05T01:52:41Z,polymarket,BTC,btc-updown-15m-1791164700,1791164700,461,0.14,0.15,6.6,70.13,6.6,70.13,270.67,93.33,1576.82,796.11
2026-10-05T01:52:41Z,polymarket,ETH,eth-updown-15m-1791164700,1791164700,461,0.27,0.28,1.35,37.15,1.35,37.15,3.95,53.39,276.36,236.22
2026-10-05T01:52:41Z,polymarket,SOL,sol-updown-15m-1791164700,1791164700,461,0.51,0.54,13.21,7.56,0,0,13.21,7.56,101.94,293.72
2026-10-05T01:52:41Z,polymarket,XRP,xrp-updown-15m-1791164700,1791164700,461,0.51,0.52,35.13,2.6,35.13,2.6,62.13,22.74,244.89,120.96
2026-10-05T01:52:41Z,kalshi,BTC,KXBTC15M-26OCT042200-00,1791164700,461,0.15,0.16,734.73,67.58,734.73,67.58,1121.38,686.29,1701.86,1787.9
2026-10-05T01:52:41Z,kalshi,ETH,KXETH15M-26OCT042200-00,1791164700,461,0.28,0.29,69.44,11.31,69.44,11.31,358.22,37.84,806.83,701.52
2026-10-05T01:52:41Z,kalshi,SOL,KXSOL15M-26OCT042200-00,1791164700,461,0.51,0.52,7.65,14.32,7.65,14.32,285.65,205.12,823.62,888.02
2026-10-05T01:52:41Z,kalshi,XRP,KXXRP15M-26OCT042200-00,1791164700,461,0.53,0.54,6.36,23.49,6.36,23.49,22.91,487.42,515.04,765.85
2026-10-05T01:53:41Z,polymarket,BTC,btc-updown-15m-1791164700,1791164700,521,0.1,0.11,8.09,85.43,8.09,85.43,166.76,160.73,1816.84,550.92
2026-10-05T01:53:41Z,polymarket,ETH,eth-updown-15m-1791164700,1791164700,521,0.28,0.29,1.4,21.75,1.4,21.75,12.2,49.78,337.69,402.29
2026-10-05T01:53:41Z,polymarket,SOL,sol-updown-15m-1791164700,1791164700,521,0.53,0.54,27.94,4.32,27.94,4.32,27.94,30.17,81.87,52.92
2026-10-05T01:53:41Z,polymarket,XRP,xrp-updown-15m-1791164700,1791164700,521,0.33,0.34,25.72,3.06,25.72,3.06,58.68,5.11,265.14,57.99
2026-10-05T01:53:41Z,kalshi,BTC,KXBTC15M-26OCT042200-00,1791164700,521,0.11,0.12,493.71,693.43,493.71,693.43,1764.69,1077.84,2946.85,1754.41
2026-10-05T01:53:41Z,kalshi,ETH,KXETH15M-26OCT042200-00,1791164700,521,0.3,0.31,6.54,253.54,6.54,253.54,29.45,429.54,411.92,963.58
2026-10-05T01:53:41Z,kalshi,SOL,KXSOL15M-26OCT042200-00,1791164700,521,0.5,0.51,12.5,17.85,12.5,17.85,188.9,286.17,781.0,901.48
2026-10-05T01:53:41Z,kalshi,XRP,KXXRP15M-26OCT042200-00,1791164700,521,0.36,0.37,7.2,140.0,7.2,140.0,167.0,161.14,325.66,253.26
2026-10-05T01:54:41Z,polymarket,BTC,btc-updown-15m-1791164700,1791164700,581,0.03,0.04,9.99,17.92,9.99,17.92,35.3,103.85,56.13,665.15
2026-10-05T01:54:41Z,polymarket,ETH,eth-updown-15m-1791164700,1791164700,581,0.21,0.22,1.05,46.53,1.05,46.53,3.05,92.99,49.85,619.6
2026-10-05T01:54:41Z,polymarket,SOL,sol-updown-15m-1791164700,1791164700,581,0.38,0.39,14.95,3.12,14.95,3.12,26.42,13.63,75.35,738.45
2026-10-05T01:54:41Z,polymarket,XRP,xrp-updown-15m-1791164700,1791164700,581,0.1,0.11,1.0,53.97,1.0,53.97,1.61,69.7,31.4,163.79
2026-10-05T01:54:41Z,kalshi,BTC,KXBTC15M-26OCT042200-00,1791164700,581,0.04,0.041,2.9,32.8,77.43,206.12,379.79,359.2,2597.78,1045.79
2026-10-05T01:54:41Z,kalshi,ETH,KXETH15M-26OCT042200-00,1791164700,581,0.2,0.21,2.3,35.77,2.3,35.77,20.35,242.79,359.03,685.94
2026-10-05T01:54:41Z,kalshi,SOL,KXSOL15M-26OCT042200-00,1791164700,581,0.35,0.36,14.44,128.71,14.44,128.71,18.18,321.85,417.18,765.12
2026-10-05T01:54:41Z,kalshi,XRP,KXXRP15M-26OCT042200-00,1791164700,581,0.096,0.099,0.09,39.6,1.94,40.5,35.05,48.02,297.78,218.6
