d,series,contracts,cash,trades
2025-09-01,KXBTC,205793.0,68772.59,2165
2025-09-01,KXBTCD,1202345.0,565945.67,11281
2025-09-01,KXDOGE,190.0,37.94,4
2025-09-01,KXDOGED,629.0,264.87,8
2025-09-01,KXETH,45891.0,13040.54,589
2025-09-01,KXETHD,100204.0,41246.84,1274
2025-09-01,KXINXU,996.0,875.5,7
2025-09-01,KXNASDAQ100,8.0,0.88,1
2025-09-01,KXNASDAQ100U,72.0,57.6,1
2025-09-01,KXSHIBA,113.0,56.78,2
2025-09-01,KXSHIBAD,359.0,135.92,6
2025-09-01,__TOTAL__,38836744.0,18272065.58,143539
2025-09-02,KXBTC,539551.0,208393.67,2918
2025-09-02,KXBTCD,1547168.0,764978.5,13292
2025-09-02,KXDOGE,1155.0,398.69,20
2025-09-02,KXDOGED,245.0,105.65,42
2025-09-02,KXETH,242538.0,80432.09,1905
2025-09-02,KXETHD,286556.0,128480.34,2728
2025-09-02,KXINX,25910.0,8089.49,122
2025-09-02,KXINXU,556020.0,251242.11,1816
2025-09-02,KXNASDAQ100,27074.0,13763.83,77
2025-09-02,KXNASDAQ100U,161523.0,77325.74,719
2025-09-02,KXSHIBA,33.0,16.38,5
2025-09-02,KXSHIBAD,526.0,321.27,13
2025-09-02,__TOTAL__,31095750.0,14838849.6,129471
2025-09-03,KXBTC,713849.0,236686.97,3599
2025-09-03,KXBTCD,1710996.0,810437.93,12404
2025-09-03,KXDOGE,1381.0,316.23,11
2025-09-03,KXDOGED,509.0,159.6,32
2025-09-03,KXETH,371032.0,144085.97,1924
2025-09-03,KXETHD,561328.0,254673.02,2934
2025-09-03,KXINX,38878.0,9053.72,81
2025-09-03,KXINXU,511374.0,240596.54,2151
2025-09-03,KXNASDAQ100,17256.0,11731.32,55
2025-09-03,KXNASDAQ100U,108769.0,54540.59,704
2025-09-03,KXSHIBA,3.0,0.39,3
2025-09-03,KXSHIBAD,57.0,37.24,16
2025-09-03,__TOTAL__,49882469.0,23942626.75,148230
2025-09-04,KXBTC,452688.0,147119.41,3810
2025-09-04,KXBTCD,1584961.0,757279.9,11315
2025-09-04,KXDOGE,1690.0,615.66,16
2025-09-04,KXDOGED,491.0,171.32,22
2025-09-04,KXETH,215987.0,69462.36,2225
2025-09-04,KXETHD,503062.0,264329.9,2953
2025-09-04,KXINX,53134.0,29884.49,75
2025-09-04,KXINXU,365530.0,195765.35,2163
2025-09-04,KXNASDAQ100,13643.0,6763.83,51
2025-09-04,KXNASDAQ100U,169458.0,87916.97,608
2025-09-04,KXSHIBA,98.0,64.14,8
2025-09-04,KXSHIBAD,45.0,39.9,3
2025-09-04,__TOTAL__,52435015.0,24566135.66,193672
2025-09-05,KXBTC,599381.0,155025.38,3009
2025-09-05,KXBTCD,1768581.0,839236.54,12436
2025-09-05,KXDOGE,1141.0,323.75,24
2025-09-05,KXDOGED,2031.0,767.81,35
2025-09-05,KXETH,229276.0,62251.7,1312
2025-09-05,KXETHD,412045.0,207146.15,3879
2025-09-05,KXINX,51408.0,16617.75,127
2025-09-05,KXINXU,666287.0,274698.97,2586
2025-09-05,KXNASDAQ100,4481.0,1243.28,30
2025-09-05,KXNASDAQ100U,153963.0,74231.91,872
2025-09-05,KXSHIBA,76.0,61.87,5
2025-09-05,KXSHIBAD,289.0,54.33,11
2025-09-05,__TOTAL__,85129506.0,38891114.97,242659
2025-09-06,KXBTC,134550.0,69263.68,1696
2025-09-06,KXBTCD,667922.0,295876.63,6119
2025-09-06,KXDOGE,446.0,89.17,16
2025-09-06,KXDOGED,491.0,261.62,17
2025-09-06,KXETH,6592.0,3599.22,300
2025-09-06,KXETHD,24867.0,9951.15,702
2025-09-06,KXINX,12.0,2.16,1
2025-09-06,KXINXU,30.0,17.4,3
2025-09-06,KXNASDAQ100,12.0,3.84,1
2025-09-06,KXNASDAQ100U,92.0,11.84,2
2025-09-06,KXSHIBA,1.0,0.05,1
2025-09-06,KXSHIBAD,9.0,4.1,9
2025-09-06,__TOTAL__,107726607.0,52892854.09,362265
2025-09-07,KXBTC,127796.0,64681.93,2495
2025-09-07,KXBTCD,823600.0,369102.85,7717
2025-09-07,KXDOGE,580.0,111.14,15
2025-09-07,KXDOGED,200.0,75.18,13
2025-09-07,KXETH,9506.0,5898.05,267
2025-09-07,KXETHD,31937.0,12839.54,532
2025-09-07,KXINX,12.0,1.2,1
2025-09-07,KXINXU,260.0,181.01,10
2025-09-07,KXNASDAQ100,6.0,0.66,1
2025-09-07,KXNASDAQ100U,396.0,281.12,8
2025-09-07,__TOTAL__,196134790.0,97162494.75,392208
2025-09-08,KXBTC,525502.0,174034.48,4016
2025-09-08,KXBTCD,1405027.0,637517.85,13464
2025-09-08,KXDOGE,937.0,173.27,19
2025-09-08,KXDOGED,379.0,249.6,11
2025-09-08,KXETH,131377.0,56826.52,1021
2025-09-08,KXETHD,166503.0,79722.2,2133
2025-09-08,KXINX,61282.0,18582.04,81
2025-09-08,KXINXU,466043.0,185309.49,1904
2025-09-08,KXNASDAQ100,5781.0,1381.38,22
2025-09-08,KXNASDAQ100U,102968.0,34537.13,607
2025-09-08,KXSHIBA,8.0,6.92,2
2025-09-08,KXSHIBAD,7.0,0.53,3
2025-09-08,__TOTAL__,60569973.0,27032265.76,218782
2025-09-09,KXBTC,636188.0,205522.28,5037
2025-09-09,KXBTCD,2023335.0,911685.77,19683
2025-09-09,KXDOGE,954.0,156.11,27
2025-09-09,KXDOGED,1229.0,653.78,19
2025-09-09,KXETH,107882.0,48168.07,1118
2025-09-09,KXETHD,169333.0,87542.74,1983
2025-09-09,KXINX,114769.0,46004.61,84
2025-09-09,KXINXU,526783.0,236108.2,1900
2025-09-09,KXNASDAQ100,13345.0,9703.51,29
2025-09-09,KXNASDAQ100U,162195.0,85683.46,614
2025-09-09,KXSHIBA,280.0,72.28,3
2025-09-09,KXSHIBAD,98.0,11.7,5
2025-09-09,__TOTAL__,27759392.0,11459760.43,155375
2025-09-10,KXBTC,693466.0,204378.32,4729
2025-09-10,KXBTCD,1934906.0,857478.36,14925
2025-09-10,KXDOGE,921.0,178.87,17
2025-09-10,KXDOGED,3248.0,1424.97,25
2025-09-10,KXETH,168150.0,59357.85,1286
2025-09-10,KXETHD,270914.0,128555.99,2583
2025-09-10,KXINX,168320.0,84058.39,78
2025-09-10,KXINXU,681677.0,322265.45,1638
2025-09-10,KXNASDAQ100,9075.0,3829.16,35
2025-09-10,KXNASDAQ100U,392811.0,189860.54,827
2025-09-10,KXSHIBA,69.0,40.15,9
2025-09-10,KXSHIBAD,101.0,36.34,8
2025-09-10,__TOTAL__,25190344.0,9995003.41,130031
2025-09-11,KXBTC,597666.0,184676.17,4773
2025-09-11,KXBTCD,2035787.0,952058.78,18892
2025-09-11,KXDOGE,571.0,73.05,13
2025-09-11,KXDOGED,1921.0,1122.1,20
2025-09-11,KXETH,159228.0,55227.4,1159
2025-09-11,KXETHD,256658.0,123746.7,2691
2025-09-11,KXINX,107620.0,41102.5,46
2025-09-11,KXINXU,331538.0,152342.02,2014
2025-09-11,KXNASDAQ100,11520.0,4608.15,32
2025-09-11,KXNASDAQ100U,451569.0,259433.49,795
2025-09-11,KXSHIBA,146.0,76.21,3
2025-09-11,KXSHIBAD,57.0,34.85,6
2025-09-11,__TOTAL__,52179163.0,22134050.97,206037
2025-09-12,KXBTC,734263.0,253921.81,4294
2025-09-12,KXBTCD,1956660.0,905403.7,16838
2025-09-12,KXDOGE,753.0,176.5,20
2025-09-12,KXDOGED,375.0,90.88,12
2025-09-12,KXETH,191676.0,73235.62,1290
2025-09-12,KXETHD,346354.0,188543.16,2965
2025-09-12,KXINX,114753.0,90399.58,66
2025-09-12,KXINXU,357716.0,151388.09,1446
2025-09-12,KXNASDAQ100,10399.0,2980.75,45
2025-09-12,KXNASDAQ100U,363574.0,202172.76,856
2025-09-12,KXSHIBA,31.0,21.7,1
2025-09-12,KXSHIBAD,33.0,22.06,4
2025-09-12,__TOTAL__,54268779.0,24396389.51,221363
2025-09-13,KXBTC,363816.0,152682.82,2582
2025-09-13,KXBTCD,1331006.0,554796.32,12256
2025-09-13,KXDOGE,376.0,135.11,12
2025-09-13,KXDOGED,218.0,104.87,18
2025-09-13,KXETH,19948.0,13488.3,288
2025-09-13,KXETHD,50700.0,26387.57,623
2025-09-13,KXINX,4.0,0.96,1
2025-09-13,KXINXU,149.0,119.89,5
2025-09-13,KXNASDAQ100,3.0,0.75,1
2025-09-13,KXNASDAQ100U,48.0,38.4,1
2025-09-13,KXSHIBAD,1003.0,276.18,21
2025-09-13,__TOTAL__,159177991.0,75659225.07,518811
2025-09-14,KXBTC,410918.0,176339.71,2844
2025-09-14,KXBTCD,1380723.0,630670.11,12683
2025-09-14,KXDOGE,184.0,44.66,11
2025-09-14,KXDOGED,152.0,64.3,13
2025-09-14,KXETH,13437.0,5891.27,324
2025-09-14,KXETHD,82747.0,24595.08,552
2025-09-14,KXINX,15.0,2.4,1
2025-09-14,KXINXU,673.0,213.77,12
2025-09-14,KXNASDAQ100,14.0,2.8,1
2025-09-14,KXNASDAQ100U,38.0,20.44,3
2025-09-14,KXSHIBAD,53.0,15.03,5
2025-09-14,__TOTAL__,182851616.0,88717672.51,588520
2025-09-15,KXBTC,704003.0,223532.36,4447
2025-09-15,KXBTCD,2182135.0,1118675.65,20906
2025-09-15,KXDOGE,2555.0,662.36,33
2025-09-15,KXDOGED,3999.0,1951.28,36
2025-09-15,KXETH,198260.0,67534.21,1432
2025-09-15,KXETHD,406870.0,222482.25,2380
2025-09-15,KXINX,155339.0,94648.34,82
2025-09-15,KXINXU,422437.0,202615.86,1546
2025-09-15,KXNASDAQ100,4322.0,1727.79,30
2025-09-15,KXNASDAQ100U,173204.0,94026.47,978
2025-09-15,KXSHIBA,116.0,41.34,3
2025-09-15,KXSHIBAD,154.0,98.02,5
2025-09-15,__TOTAL__,82172820.0,37784887.09,271515
2025-09-16,KXBTC,905761.0,319123.45,5258
2025-09-16,KXBTCD,2667808.0,1236843.06,28774
2025-09-16,KXDOGE,1584.0,397.57,20
2025-09-16,KXDOGED,4984.0,2227.44,45
2025-09-16,KXETH,192704.0,84189.57,1396
2025-09-16,KXETHD,339438.0,175990.41,2530
2025-09-16,KXINX,153205.0,87259.59,45
2025-09-16,KXINXU,227925.0,106104.03,1576
2025-09-16,KXNASDAQ100,29861.0,8974.86,86
2025-09-16,KXNASDAQ100U,214635.0,118233.45,1014
2025-09-16,KXSHIBA,82.0,63.14,1
2025-09-16,KXSHIBAD,271.0,29.63,6
2025-09-16,__TOTAL__,53062562.0,21839842.06,228259
2025-09-17,KXBTC,1009359.0,390194.95,4549
2025-09-17,KXBTCD,2755035.0,1255264.16,24456
2025-09-17,KXDOGE,3147.0,693.6,33
2025-09-17,KXDOGED,5415.0,2425.02,49
2025-09-17,KXETH,165749.0,68386.54,1048
2025-09-17,KXETHD,256365.0,131852.45,2259
2025-09-17,KXINX,4303.0,1227.54,41
2025-09-17,KXINXU,656235.0,319341.03,2665
2025-09-17,KXNASDAQ100,13854.0,3882.67,39
2025-09-17,KXNASDAQ100U,294011.0,135025.33,1150
2025-09-17,KXSHIBA,10.0,5.3,1
2025-09-17,KXSHIBAD,62.0,39.53,6
2025-09-17,__TOTAL__,58252816.0,22101679.37,240132
2025-09-18,KXBTC,1032704.0,348100.01,5149
2025-09-18,KXBTCD,2095184.0,866165.56,16542
2025-09-18,KXDOGE,1337.0,209.1,16
2025-09-18,KXDOGED,2294.0,1249.85,12
2025-09-18,KXETH,115738.0,46530.31,1077
2025-09-18,KXETHD,199717.0,107422.01,2321
2025-09-18,KXINX,109100.0,54007.42,28
2025-09-18,KXINXU,417647.0,171473.24,1840
2025-09-18,KXNASDAQ100,19326.0,9848.44,60
2025-09-18,KXNASDAQ100U,231584.0,109320.58,1220
2025-09-18,KXSHIBA,800.0,792.0,1
2025-09-18,KXSHIBAD,256.0,25.92,3
2025-09-18,__TOTAL__,71634742.0,32202855.9,294072
2025-09-19,KXBTC,1153289.0,509055.77,5092
2025-09-19,KXBTCD,2399858.0,1031909.07,21377
2025-09-19,KXDOGE,1977.0,285.15,16
2025-09-19,KXDOGED,1923.0,1489.6,12
2025-09-19,KXETH,123589.0,46738.57,1004
2025-09-19,KXETHD,218372.0,99632.59,1782
2025-09-19,KXINX,128939.0,61006.96,67
2025-09-19,KXINXU,366145.0,189862.62,1359
2025-09-19,KXNASDAQ100,45684.0,15998.93,81
2025-09-19,KXNASDAQ100U,323250.0,155796.67,1129
2025-09-19,KXSHIBA,322.0,117.02,5
2025-09-19,__TOTAL__,65104398.0,30997880.09,273644
2025-09-20,KXBTC,337312.0,217346.56,2162
2025-09-20,KXBTCD,860284.0,427956.71,8586
2025-09-20,KXDOGE,978.0,762.36,11
2025-09-20,KXDOGED,1718.0,1204.33,30
2025-09-20,KXETH,12468.0,10057.63,274
2025-09-20,KXETHD,15845.0,6733.01,495
2025-09-20,KXINXU,20.0,0.6,1
2025-09-20,KXNASDAQ100,15.0,2.4,1
2025-09-20,KXNASDAQ100U,102.0,82.27,3
2025-09-20,KXSHIBA,88.0,57.0,7
2025-09-20,KXSHIBAD,89.0,37.49,8
2025-09-20,__TOTAL__,182092117.0,84995662.72,612243
2025-09-21,KXBTC,221095.0,109425.72,1866
2025-09-21,KXBTCD,910159.0,442470.69,8814
2025-09-21,KXDOGE,124.0,55.0,8
2025-09-21,KXDOGED,2149.0,1327.76,33
2025-09-21,KXETH,21863.0,14163.28,353
2025-09-21,KXETHD,41865.0,20059.22,603
2025-09-21,KXINXU,29.0,15.7,5
2025-09-21,KXNASDAQ100U,31.0,18.81,3
2025-09-21,KXSHIBA,2.0,0.81,2
2025-09-21,KXSHIBAD,2.0,0.4,2
2025-09-21,__TOTAL__,215839670.0,106116627.58,633799
2025-09-22,KXBTC,580434.0,205896.29,3575
2025-09-22,KXBTCD,2114549.0,1009437.1,18504
2025-09-22,KXDOGE,1686.0,415.62,19
2025-09-22,KXDOGED,2963.0,1771.05,49
2025-09-22,KXETH,130996.0,41594.41,1140
2025-09-22,KXETHD,269945.0,140643.9,2436
2025-09-22,KXINX,218468.0,144087.77,123
2025-09-22,KXINXU,306393.0,144952.37,1704
2025-09-22,KXNASDAQ100,9613.0,3023.94,36
2025-09-22,KXNASDAQ100U,224432.0,115403.72,1109
2025-09-22,KXSHIBA,86.0,36.94,4
2025-09-22,KXSHIBAD,591.0,277.18,13
2025-09-22,__TOTAL__,72739107.0,34353120.24,267747
2025-09-23,KXBTC,410749.0,138693.22,3700
2025-09-23,KXBTCD,2169139.0,954385.03,20662
2025-09-23,KXDOGE,352.0,246.91,10
2025-09-23,KXDOGED,2145.0,1704.03,26
2025-09-23,KXETH,388066.0,118416.36,2195
2025-09-23,KXETHD,709920.0,333891.38,4312
2025-09-23,KXINX,2943.0,916.5,21
2025-09-23,KXINXU,746690.0,351108.46,1735
2025-09-23,KXNASDAQ100,361.0,124.81,9
2025-09-23,KXNASDAQ100U,1829276.0,924169.65,1975
2025-09-23,KXSHIBAD,126.0,111.75,3
2025-09-23,__TOTAL__,33235432.0,14634240.49,210672
2025-09-24,KXBTC,552538.0,188523.82,3408
2025-09-24,KXBTCD,1920659.0,956467.35,20077
2025-09-24,KXDOGE,1205.0,611.12,17
2025-09-24,KXDOGED,2059.0,1616.54,25
2025-09-24,KXETH,96749.0,40247.27,1212
2025-09-24,KXETHD,256348.0,116681.18,2800
2025-09-24,KXINX,177200.0,90651.83,74
2025-09-24,KXINXU,533138.0,267510.52,1613
2025-09-24,KXNASDAQ100,61567.0,24414.63,107
2025-09-24,KXNASDAQ100U,436954.0,208316.29,1264
2025-09-24,KXSHIBA,169.0,43.59,8
2025-09-24,KXSHIBAD,121.0,21.25,4
2025-09-24,__TOTAL__,34308884.0,15756018.76,227971
2025-09-25,KXBTC,671451.0,233700.05,3241
2025-09-25,KXBTCD,2680155.0,1277686.26,26936
2025-09-25,KXDOGE,1138.0,193.51,16
2025-09-25,KXDOGED,3418.0,1469.31,32
2025-09-25,KXETH,181685.0,53678.38,1445
2025-09-25,KXETHD,451212.0,230515.16,3921
2025-09-25,KXINX,96591.0,31884.71,127
2025-09-25,KXINXU,271411.0,129432.55,2067
2025-09-25,KXNASDAQ100,4912.0,1007.9,50
2025-09-25,KXNASDAQ100U,340433.0,168898.87,828
2025-09-25,KXSHIBA,2.0,1.06,1
2025-09-25,KXSHIBAD,146.0,107.4,7
2025-09-25,__TOTAL__,70445553.0,33824611.41,303278
2025-09-26,KXBTC,641788.0,196733.31,3435
2025-09-26,KXBTCD,2192143.0,1125956.3,21162
2025-09-26,KXDOGE,1061.0,246.3,25
2025-09-26,KXDOGED,2095.0,749.71,47
2025-09-26,KXETH,185130.0,67800.41,1032
2025-09-26,KXETHD,336454.0,192485.14,2498
2025-09-26,KXINX,249706.0,120426.24,69
2025-09-26,KXINXU,248351.0,113724.22,1897
2025-09-26,KXNASDAQ100,61728.0,28697.82,33
2025-09-26,KXNASDAQ100U,328447.0,150307.13,904
2025-09-26,KXSHIBAD,82.0,19.5,3
2025-09-26,__TOTAL__,105522447.0,51403377.1,366488
2025-09-27,KXBTC,132258.0,74689.71,1728
2025-09-27,KXBTCD,765856.0,278594.43,10775
2025-09-27,KXDOGE,651.0,176.53,18
2025-09-27,KXDOGED,2394.0,1068.08,41
2025-09-27,KXETH,9029.0,5082.87,262
2025-09-27,KXETHD,28340.0,9455.89,667
2025-09-27,KXNASDAQ100U,19.0,15.2,1
2025-09-27,KXSHIBA,83.0,63.65,4
2025-09-27,KXSHIBAD,4.0,0.74,2
2025-09-27,__TOTAL__,260688428.0,122264983.51,763645
2025-09-28,KXBTC,118791.0,48046.44,2647
2025-09-28,KXBTCD,1032572.0,523541.76,16226
2025-09-28,KXDOGE,1340.0,367.1,24
2025-09-28,KXDOGED,906.0,443.29,22
2025-09-28,KXETH,2886.0,878.85,81
2025-09-28,KXETHD,4607.0,2188.65,176
2025-09-28,KXINX,16.0,5.02,3
2025-09-28,KXINXU,55.0,4.19,5
2025-09-28,KXSHIBA,5.0,4.06,2
2025-09-28,__TOTAL__,277753304.0,131309951.27,764343
2025-09-29,KXBTC,538249.0,199913.11,2958
2025-09-29,KXBTCD,2184054.0,1055343.98,19525
2025-09-29,KXDOGE,4039.0,1141.86,38
2025-09-29,KXDOGED,664.0,213.35,11
2025-09-29,KXETH,222345.0,95024.12,874
2025-09-29,KXETHD,293277.0,152131.25,2138
2025-09-29,KXINX,185588.0,113734.77,108
2025-09-29,KXINXU,305477.0,147073.04,1562
2025-09-29,KXNASDAQ100,37273.0,8663.81,62
2025-09-29,KXNASDAQ100U,199837.0,103523.06,807
2025-09-29,KXSHIBA,335.0,175.15,8
2025-09-29,KXSHIBAD,176.0,83.31,13
2025-09-29,KXUSDJPYH,2.0,1.49,2
2025-09-29,__TOTAL__,89832516.0,39643566.14,325598
2025-09-30,KXBTC,580898.0,202128.16,2993
2025-09-30,KXBTCD,2156525.0,1044463.82,21284
2025-09-30,KXDOGE,2334.0,1289.82,20
2025-09-30,KXDOGED,1336.0,867.43,14
2025-09-30,KXETH,280500.0,142799.77,1103
2025-09-30,KXETHD,285196.0,152754.21,2069
2025-09-30,KXINX,186158.0,101639.89,115
2025-09-30,KXINXU,654155.0,335439.81,1446
2025-09-30,KXNASDAQ100,9552.0,2997.75,54
2025-09-30,KXNASDAQ100U,345427.0,192628.74,825
2025-09-30,KXSHIBA,1.0,0.55,1
2025-09-30,KXSHIBAD,349.0,207.28,10
2025-09-30,__TOTAL__,67700108.0,34483465.42,328917
2025-10-01,KXBTC,620377.0,211051.47,3264
2025-10-01,KXBTCD,2282353.0,1118976.57,26085
2025-10-01,KXDOGE,455.0,252.33,9
2025-10-01,KXDOGED,1358.0,1042.41,15
2025-10-01,KXETH,173828.0,70527.15,1044
2025-10-01,KXETHD,381912.0,195206.2,2274
2025-10-01,KXINX,15950.0,7258.96,92
2025-10-01,KXINXU,338580.0,198619.73,1396
2025-10-01,KXNASDAQ100,12885.0,7597.57,63
2025-10-01,KXNASDAQ100U,454121.0,237836.72,999
2025-10-01,KXSHIBA,177.0,127.21,4
2025-10-01,KXSHIBAD,547.0,148.58,9
2025-10-01,KXXRPD,890.0,368.72,17
2025-10-01,__TOTAL__,77328266.0,37675543.31,354064
2025-10-02,KXBTC,638140.0,202916.67,3399
2025-10-02,KXBTCD,2852070.0,1373771.64,24243
2025-10-02,KXDOGE,4135.0,1500.77,35
2025-10-02,KXDOGED,1372.0,927.71,22
2025-10-02,KXETH,358233.0,149026.54,1070
2025-10-02,KXETHD,294886.0,146103.44,2295
2025-10-02,KXINX,196697.0,99910.04,115
2025-10-02,KXINXU,340718.0,121408.31,1374
2025-10-02,KXNASDAQ100,10950.0,4516.83,36
2025-10-02,KXNASDAQ100U,586953.0,333412.33,1089
2025-10-02,KXSHIBA,1201.0,450.92,21
2025-10-02,KXSHIBAD,452.0,168.46,12
2025-10-02,KXXRPD,6447.0,2564.08,126
2025-10-02,__TOTAL__,122623287.0,58011763.8,442045
2025-10-03,KXBTC,711074.0,205717.15,4086
2025-10-03,KXBTCD,3150826.0,1654283.39,25247
2025-10-03,KXDOGE,13071.0,4330.81,95
2025-10-03,KXDOGED,1204.0,625.45,20
2025-10-03,KXETH,358213.0,136376.08,1330
2025-10-03,KXETHD,1232748.0,604296.23,3685
2025-10-03,KXINX,197475.0,98023.97,150
2025-10-03,KXINXU,518622.0,248246.62,1925
2025-10-03,KXNASDAQ100,1834.0,656.94,19
2025-10-03,KXNASDAQ100U,282995.0,176353.21,888
2025-10-03,KXSHIBA,165.0,38.81,3
2025-10-03,KXXRP,68.0,56.81,4
2025-10-03,KXXRPD,1874.0,704.45,37
2025-10-03,__TOTAL__,60557815.0,25214024.91,305361
2025-10-04,KXBTC,136929.0,65585.64,2266
2025-10-04,KXBTCD,706947.0,351523.02,10669
2025-10-04,KXDOGE,285.0,96.68,9
2025-10-04,KXDOGED,1645.0,1048.38,22
2025-10-04,KXETH,14495.0,8293.84,265
2025-10-04,KXETHD,21961.0,9166.19,729
2025-10-04,KXINXU,167.0,120.24,8
2025-10-04,KXNASDAQ100,13.0,4.81,1
2025-10-04,KXNASDAQ100U,34.0,5.1,1
2025-10-04,KXSHIBA,39.0,13.86,2
2025-10-04,KXSHIBAD,472.0,84.08,12
2025-10-04,KXXRP,5.0,2.86,3
2025-10-04,KXXRPD,297.0,139.32,20
2025-10-04,__TOTAL__,241389395.0,110700358.44,799376
2025-10-05,KXBTC,110702.0,45701.49,2431
2025-10-05,KXBTCD,896444.0,436556.03,15687
2025-10-05,KXDOGE,188.0,76.52,12
2025-10-05,KXDOGED,579.0,259.37,20
2025-10-05,KXETH,7062.0,3488.4,211
2025-10-05,KXETHD,40071.0,17446.69,848
2025-10-05,KXINX,1.0,0.38,1
2025-10-05,KXINXU,9463.0,4037.01,54
2025-10-05,KXNASDAQ100U,4.0,3.2,1
2025-10-05,KXSHIBA,128.0,33.0,2
2025-10-05,KXSHIBAD,95.0,19.42,4
2025-10-05,KXXRP,2.0,1.58,1
2025-10-05,KXXRPD,397.0,220.51,19
2025-10-05,__TOTAL__,296898477.0,145328752.32,858301
2025-10-06,KXBTC,793471.0,261742.08,4001
2025-10-06,KXBTCD,3133497.0,1480955.28,22565
2025-10-06,KXDOGE,15958.0,4203.77,97
2025-10-06,KXDOGED,4898.0,2990.69,51
2025-10-06,KXETH,401463.0,162491.19,1323
2025-10-06,KXETHD,491570.0,204757.25,2772
2025-10-06,KXINX,200076.0,96472.6,136
2025-10-06,KXINXU,418142.0,197195.05,1581
2025-10-06,KXNASDAQ100,1525.0,570.59,38
2025-10-06,KXNASDAQ100U,276745.0,102538.24,901
2025-10-06,KXSHIBA,1536.0,563.5,21
2025-10-06,KXSHIBAD,639.0,184.11,16
2025-10-06,KXXRP,1.0,0.96,1
2025-10-06,KXXRPD,802.0,282.66,9
2025-10-06,__TOTAL__,108320791.0,49559544.98,407875
2025-10-07,KXBTC,768108.0,215830.41,5588
2025-10-07,KXBTCD,3565384.0,1891063.77,27146
2025-10-07,KXDOGE,20653.0,5629.76,65
2025-10-07,KXDOGED,12575.0,6528.75,84
2025-10-07,KXETH,304722.0,107879.36,1250
2025-10-07,KXETHD,637546.0,289611.64,3045
2025-10-07,KXINX,75328.0,30642.16,159
2025-10-07,KXINXU,219728.0,122406.36,1669
2025-10-07,KXNASDAQ100,7391.0,1769.66,44
2025-10-07,KXNASDAQ100U,229603.0,159918.44,772
2025-10-07,KXSHIBA,3464.0,1629.21,40
2025-10-07,KXSHIBAD,781.0,220.37,15
2025-10-07,KXUSDJPYH,9.0,5.4,2
2025-10-07,KXXRPD,572.0,392.97,23
2025-10-07,__TOTAL__,69584650.0,31278584.15,334896
2025-10-08,KXBTC,786096.0,204459.44,4924
2025-10-08,KXBTCD,3101322.0,1608334.51,21850
2025-10-08,KXDOGE,25089.0,6240.29,97
2025-10-08,KXDOGED,11318.0,3840.96,117
2025-10-08,KXETH,155450.0,50246.08,1121
2025-10-08,KXETHD,317061.0,155507.05,2374
2025-10-08,KXINX,242377.0,110663.65,192
2025-10-08,KXINXU,265095.0,136414.07,1783
2025-10-08,KXNASDAQ100,6912.0,2251.4,76
2025-10-08,KXNASDAQ100U,547595.0,290915.42,878
2025-10-08,KXSHIBA,42035.0,15571.26,223
2025-10-08,KXSHIBAD,9930.0,4195.55,74
2025-10-08,KXXRP,335.0,198.86,10
2025-10-08,KXXRPD,3643.0,1039.4,34
2025-10-08,__TOTAL__,91978998.0,42004711.7,405531
2025-10-09,KXBTC,714281.0,230267.08,3854
2025-10-09,KXBTCD,2790665.0,1404490.16,23567
2025-10-09,KXDOGE,50945.0,22450.54,187
2025-10-09,KXDOGED,37501.0,18067.31,162
2025-10-09,KXETH,224071.0,77090.85,1474
2025-10-09,KXETHD,347812.0,169774.22,2612
2025-10-09,KXINX,350417.0,163250.59,181
2025-10-09,KXINXU,666513.0,296173.68,1831
2025-10-09,KXNASDAQ100,9850.0,3640.65,72
2025-10-09,KXNASDAQ100U,301797.0,164423.18,753
2025-10-09,KXSHIBA,2246.0,1240.64,28
2025-10-09,KXSHIBAD,272.0,49.26,10
2025-10-09,KXWTI,93.0,0.93,1
2025-10-09,KXXRP,3525.0,1759.26,83
2025-10-09,KXXRPD,3956.0,2290.82,84
2025-10-09,__TOTAL__,113608021.0,51305956.54,442859
2025-10-10,KXBTC,615320.0,163486.02,2877
2025-10-10,KXBTCD,3250686.0,1552753.41,25377
2025-10-10,KXDOGE,62514.0,24570.05,263
2025-10-10,KXDOGED,40491.0,20246.74,193
2025-10-10,KXETH,424547.0,126016.09,1572
2025-10-10,KXETHD,804264.0,352005.78,3436
2025-10-10,KXINX,388549.0,115630.06,500
2025-10-10,KXINXU,1158772.0,511854.16,2880
2025-10-10,KXNASDAQ100,9537.0,2920.26,78
2025-10-10,KXNASDAQ100U,291974.0,196905.82,746
2025-10-10,KXSHIBA,2657.0,1097.97,34
2025-10-10,KXSHIBAD,883.0,626.42,21
2025-10-10,KXXRP,6100.0,2633.98,67
2025-10-10,KXXRPD,10406.0,4002.2,139
2025-10-10,__TOTAL__,84884637.0,38534201.52,345508
2025-10-11,KXBTC,15048.0,5280.28,337
2025-10-11,KXBTCD,302750.0,79522.07,3500
2025-10-11,KXDOGE,1153.0,617.08,32
2025-10-11,KXDOGED,1792.0,1203.79,24
2025-10-11,KXETH,37905.0,15937.81,669
2025-10-11,KXETHD,208891.0,84900.68,2537
2025-10-11,KXINX,136.0,22.54,6
2025-10-11,KXINXU,106.0,102.2,3
2025-10-11,KXNASDAQ100,3.0,0.48,1
2025-10-11,KXNASDAQ100U,4.0,3.2,1
2025-10-11,KXSHIBA,198.0,171.67,6
2025-10-11,KXSHIBAD,64.0,42.37,5
2025-10-11,KXXRP,903.0,278.91,38
2025-10-11,KXXRPD,7848.0,4715.24,100
2025-10-11,__TOTAL__,219595129.0,99220270.98,724799
2025-10-12,KXBTC,79070.0,26031.36,1839
2025-10-12,KXBTCD,1056299.0,517085.95,17176
2025-10-12,KXDOGE,752.0,305.27,28
2025-10-12,KXDOGED,1322.0,706.14,32
2025-10-12,KXETH,13383.0,4397.3,298
2025-10-12,KXETHD,53119.0,24193.92,1142
2025-10-12,KXINX,17.0,2.72,2
2025-10-12,KXINXU,1930.0,1771.02,18
2025-10-12,KXNASDAQ100U,166.0,120.5,5
2025-10-12,KXSHIBAD,150.0,49.2,4
2025-10-12,KXXRP,1716.0,549.4,54
2025-10-12,KXXRPD,12021.0,4916.08,260
2025-10-12,__TOTAL__,221073694.0,99680018.57,695734
2025-10-13,KXBTC,347938.0,86285.54,2872
2025-10-13,KXBTCD,2130604.0,1108334.21,21170
2025-10-13,KXDOGE,52903.0,17976.11,234
2025-10-13,KXDOGED,30696.0,16310.67,127
2025-10-13,KXETH,226689.0,92129.18,898
2025-10-13,KXETHD,411964.0,191774.68,2508
2025-10-13,KXINX,160765.0,78112.01,108
2025-10-13,KXINXU,696973.0,360329.04,1138
2025-10-13,KXNASDAQ100,706.0,215.32,15
2025-10-13,KXNASDAQ100U,218717.0,144491.85,395
2025-10-13,KXSHIBA,5472.0,2698.16,64
2025-10-13,KXSHIBAD,914.0,386.65,14
2025-10-13,KXXRP,3603.0,1184.39,30
2025-10-13,KXXRPD,14904.0,6688.35,171
2025-10-13,__TOTAL__,125615988.0,58597177.82,462891
2025-10-14,KXBTC,348505.0,88943.86,2662
2025-10-14,KXBTCD,2441744.0,1199404.77,20948
2025-10-14,KXDOGE,15277.0,4600.58,98
2025-10-14,KXDOGED,20210.0,9283.84,108
2025-10-14,KXETH,364701.0,109487.99,1035
2025-10-14,KXETHD,494423.0,278826.72,2843
2025-10-14,KXEURUSDH,38420.0,14641.1,9
2025-10-14,KXINX,28685.0,13683.18,193
2025-10-14,KXINXU,629605.0,318409.41,1948
2025-10-14,KXNASDAQ100,13738.0,5330.22,75
2025-10-14,KXNASDAQ100U,304849.0,206884.85,866
2025-10-14,KXSHIBA,3272.0,1288.11,46
2025-10-14,KXSHIBAD,1032.0,481.0,11
2025-10-14,KXUSDJPY,21318.0,16371.91,29
2025-10-14,KXUSDJPYH,119672.0,52556.45,67
2025-10-14,KXXRP,3926.0,1885.4,52
2025-10-14,KXXRPD,11700.0,5543.27,131
2025-10-14,__TOTAL__,59306528.0,27604559.57,322955
2025-10-15,KXBTC,415160.0,128183.75,2872
2025-10-15,KXBTCD,2572752.0,1313140.92,22226
2025-10-15,KXDOGE,85590.0,40160.22,227
2025-10-15,KXDOGED,62203.0,32057.31,208
2025-10-15,KXETH,175543.0,56172.61,1050
2025-10-15,KXETHD,531181.0,261514.68,3093
2025-10-15,KXINX,206367.0,103650.98,149
2025-10-15,KXINXU,476485.0,239817.25,1971
2025-10-15,KXNASDAQ100,10320.0,2187.49,32
2025-10-15,KXNASDAQ100U,463690.0,252095.47,915
2025-10-15,KXSHIBA,3630.0,1702.01,60
2025-10-15,KXSHIBAD,99.0,35.16,4
2025-10-15,KXXRP,1068.0,374.52,38
2025-10-15,KXXRPD,11487.0,4417.24,166
2025-10-15,__TOTAL__,65806370.0,29650315.09,354425
2025-10-16,KXBTC,451558.0,108124.44,3150
2025-10-16,KXBTCD,2528625.0,1318104.48,20122
2025-10-16,KXDOGE,70762.0,32290.44,532
2025-10-16,KXDOGED,28925.0,15192.04,150
2025-10-16,KXETH,413641.0,135584.06,1470
2025-10-16,KXETHD,635000.0,294090.71,3280
2025-10-16,KXINX,66025.0,18203.22,142
2025-10-16,KXINXU,891089.0,449540.59,1939
2025-10-16,KXNASDAQ100,13862.0,4548.49,52
2025-10-16,KXNASDAQ100U,814803.0,415208.46,1079
2025-10-16,KXSHIBA,12703.0,5236.96,114
2025-10-16,KXSHIBAD,5408.0,2418.51,60
2025-10-16,KXXRP,7864.0,2878.66,57
2025-10-16,KXXRPD,18572.0,7057.49,201
2025-10-16,__TOTAL__,110974311.0,51238330.36,435455
2025-10-17,KXBTC,553134.0,149514.56,4093
2025-10-17,KXBTCD,2923920.0,1511151.42,17678
2025-10-17,KXDOGE,60539.0,28835.46,248
2025-10-17,KXDOGED,33601.0,14741.03,162
2025-10-17,KXETH,426800.0,118850.9,1442
2025-10-17,KXETHD,715672.0,392263.16,3595
2025-10-17,KXINX,35774.0,7802.21,116
2025-10-17,KXINXU,745584.0,375328.3,2044
2025-10-17,KXNASDAQ100,21158.0,18114.12,20
2025-10-17,KXNASDAQ100U,430714.0,170048.44,881
2025-10-17,KXSHIBA,891.0,599.47,14
2025-10-17,KXSHIBAD,139.0,34.74,3
2025-10-17,KXXRP,4635.0,2015.49,67
2025-10-17,KXXRPD,14566.0,6111.29,197
2025-10-17,__TOTAL__,108444407.0,48247080.0,439792
2025-10-18,KXBTC,134151.0,64707.32,1945
2025-10-18,KXBTCD,691595.0,286428.77,9712
2025-10-18,KXDOGE,2010.0,1232.19,31
2025-10-18,KXDOGED,613.0,246.83,22
2025-10-18,KXETH,20720.0,13628.75,328
2025-10-18,KXETHD,58974.0,32038.85,779
2025-10-18,KXINXU,1148.0,450.52,7
2025-10-18,KXNASDAQ100,54.0,8.64,2
2025-10-18,KXNASDAQ100U,65836.0,16795.61,51
2025-10-18,KXSHIBA,21.0,14.88,2
2025-10-18,KXSHIBAD,231.0,52.02,6
2025-10-18,KXXRP,782.0,372.74,19
2025-10-18,KXXRPD,2539.0,1341.74,54
2025-10-18,__TOTAL__,229541645.0,105696533.31,799394
2025-10-19,KXBTC,121136.0,48388.98,1971
2025-10-19,KXBTCD,1042820.0,468675.26,16810
2025-10-19,KXDOGE,249.0,102.79,12
2025-10-19,KXDOGED,243.0,95.71,14
2025-10-19,KXETH,15958.0,8864.27,229
2025-10-19,KXETHD,55734.0,25011.26,976
2025-10-19,KXEURUSDH,5280.0,3933.6,4
2025-10-19,KXINX,14.0,5.24,3
2025-10-19,KXINXU,66.0,15.35,4
2025-10-19,KXNASDAQ100,116.0,30.84,6
2025-10-19,KXNASDAQ100U,58948.0,30076.44,48
2025-10-19,KXSHIBAD,97.0,75.3,3
2025-10-19,KXXRP,672.0,327.45,9
2025-10-19,KXXRPD,1384.0,742.04,18
2025-10-19,__TOTAL__,250699565.0,115594780.06,760547
2025-10-20,KXBTC,423367.0,118439.18,3194
2025-10-20,KXBTCD,2112529.0,1017728.67,21323
2025-10-20,KXDOGE,14271.0,7220.61,61
2025-10-20,KXDOGED,7182.0,4802.47,45
2025-10-20,KXETH,517122.0,161660.7,1258
2025-10-20,KXETHD,682400.0,359266.09,2526
2025-10-20,KXEURUSDH,12190.0,3108.45,16
2025-10-20,KXINX,181936.0,92021.2,108
2025-10-20,KXINXU,463297.0,196957.93,1384
2025-10-20,KXNASDAQ100,2757.0,698.55,33
2025-10-20,KXNASDAQ100U,201685.0,97165.25,772
2025-10-20,KXSHIBA,1527.0,1126.86,17
2025-10-20,KXSHIBAD,159.0,81.28,6
2025-10-20,KXXRP,4924.0,881.68,21
2025-10-20,KXXRPD,11971.0,3553.02,43
2025-10-20,__TOTAL__,125262478.0,51477039.85,416863
2025-10-21,KXBTC,541507.0,134551.66,3738
2025-10-21,KXBTCD,2675134.0,1272812.94,27345
2025-10-21,KXDOGE,36595.0,16118.88,143
2025-10-21,KXDOGED,28261.0,14263.26,104
2025-10-21,KXETH,555852.0,165014.67,1803
2025-10-21,KXETHD,808461.0,405329.57,3745
2025-10-21,KXEURUSDH,4572.0,1261.9,6
2025-10-21,KXINX,14962.0,3812.41,78
2025-10-21,KXINXU,734827.0,296446.36,1856
2025-10-21,KXNASDAQ100,1234.0,474.57,18
2025-10-21,KXNASDAQ100U,219475.0,88900.53,953
2025-10-21,KXSHIBA,1403.0,789.59,31
2025-10-21,KXSHIBAD,58.0,42.5,3
2025-10-21,KXUSDJPY,1.0,0.01,1
2025-10-21,KXXRP,5870.0,1398.57,72
2025-10-21,KXXRPD,14940.0,6466.27,114
2025-10-21,__TOTAL__,94778529.0,44379107.41,468156
2025-10-22,KXBTC,463419.0,120769.0,2832
2025-10-22,KXBTCD,2299369.0,1139642.74,21506
2025-10-22,KXDOGE,19936.0,8336.11,84
2025-10-22,KXDOGED,19119.0,11877.47,92
2025-10-22,KXETH,282623.0,89178.75,1261
2025-10-22,KXETHD,509838.0,255401.9,3060
2025-10-22,KXEURUSDH,61450.0,25415.85,26
2025-10-22,KXINX,219260.0,118161.71,92
2025-10-22,KXINXU,601763.0,271395.26,2316
2025-10-22,KXNASDAQ100,43670.0,23266.85,58
2025-10-22,KXNASDAQ100U,318317.0,209867.71,812
2025-10-22,KXSHIBA,708.0,323.23,19
2025-10-22,KXSHIBAD,1032.0,266.53,12
2025-10-22,KXXRP,6554.0,1781.01,82
2025-10-22,KXXRPD,19631.0,8964.29,162
2025-10-22,__TOTAL__,109399536.0,51194969.72,479719
2025-10-23,KXBTC,604704.0,195512.25,3119
2025-10-23,KXBTCD,2294575.0,1128735.51,18178
2025-10-23,KXDOGE,36470.0,18009.17,225
2025-10-23,KXDOGED,20099.0,10040.93,111
2025-10-23,KXETH,350078.0,142517.34,1324
2025-10-23,KXETHD,475090.0,251022.48,3147
2025-10-23,KXEURUSDH,18444.0,13740.78,10
2025-10-23,KXINX,7214.0,2364.37,79
2025-10-23,KXINXU,846099.0,341892.93,2400
2025-10-23,KXNASDAQ100,5588.0,986.23,53
2025-10-23,KXNASDAQ100U,435456.0,155271.77,985
2025-10-23,KXSHIBA,1870.0,756.95,18
2025-10-23,KXSHIBAD,717.0,81.14,8
2025-10-23,KXXRP,7157.0,1683.77,111
2025-10-23,KXXRPD,26871.0,15060.21,238
2025-10-23,__TOTAL__,110434927.0,48613101.48,469592
2025-10-24,KXBTC,472480.0,156644.55,3482
2025-10-24,KXBTCD,1952921.0,996597.91,18416
2025-10-24,KXDOGE,52305.0,24809.0,225
2025-10-24,KXDOGED,31958.0,13518.61,137
2025-10-24,KXETH,321140.0,107306.99,1324
2025-10-24,KXETHD,503844.0,270511.16,2710
2025-10-24,KXEURUSD,16938.0,12618.81,14
2025-10-24,KXINX,199742.0,141477.03,111
2025-10-24,KXINXU,805342.0,344750.75,2070
2025-10-24,KXNASDAQ100,29404.0,14664.57,71
2025-10-24,KXNASDAQ100U,325756.0,163778.33,931
2025-10-24,KXSHIBA,5011.0,2517.13,29
2025-10-24,KXSHIBAD,895.0,613.76,18
2025-10-24,KXUSDJPY,18968.0,14131.16,13
2025-10-24,KXXRP,5253.0,2706.32,71
2025-10-24,KXXRPD,21301.0,11049.9,167
2025-10-24,__TOTAL__,142415646.0,64380888.75,583758
2025-10-25,KXBTC,55817.0,29314.44,1113
2025-10-25,KXBTCD,445254.0,216152.35,7404
2025-10-25,KXDOGE,2313.0,1355.32,33
2025-10-25,KXDOGED,790.0,448.01,20
2025-10-25,KXETH,4984.0,2453.45,263
2025-10-25,KXETHD,6811.0,3166.31,336
2025-10-25,KXINXU,2789.0,27.89,6
2025-10-25,KXNASDAQ100,1.0,0.38,1
2025-10-25,KXNASDAQ100U,4048.0,1032.24,10
2025-10-25,KXSHIBA,169.0,138.73,2
2025-10-25,KXSHIBAD,1998.0,19.98,4
2025-10-25,KXXRP,4624.0,2114.72,35
2025-10-25,KXXRPD,5232.0,1105.93,37
2025-10-25,__TOTAL__,254944797.0,117814787.66,886222
2025-10-26,KXBTC,113346.0,43814.51,1692
2025-10-26,KXBTCD,673083.0,305474.84,14182
2025-10-26,KXDOGE,5267.0,4801.1,29
2025-10-26,KXDOGED,4966.0,478.1,27
2025-10-26,KXETH,7990.0,4825.64,275
2025-10-26,KXETHD,50599.0,37156.9,570
2025-10-26,KXINX,82.0,20.4,10
2025-10-26,KXINXU,891.0,583.44,12
2025-10-26,KXNASDAQ100U,4212.0,1216.06,12
2025-10-26,KXSHIBA,2102.0,1064.84,9
2025-10-26,KXSHIBAD,323.0,70.0,5
2025-10-26,KXXRP,4068.0,934.97,34
2025-10-26,KXXRPD,11417.0,4317.77,63
2025-10-26,__TOTAL__,244043673.0,107481171.5,780974
2025-10-27,KXBTC,362148.0,113562.66,2639
2025-10-27,KXBTCD,1619619.0,776679.95,15177
2025-10-27,KXDOGE,15759.0,9920.08,80
2025-10-27,KXDOGED,12617.0,4265.62,62
2025-10-27,KXETH,135533.0,54854.37,650
2025-10-27,KXETHD,312537.0,167131.16,1929
2025-10-27,KXEURUSD,2276.0,585.38,10
2025-10-27,KXEURUSDH,7842.0,7763.58,8
2025-10-27,KXINX,119572.0,77423.59,90
2025-10-27,KXINXU,484066.0,265695.28,2007
2025-10-27,KXNASDAQ100,1895.0,682.88,34
2025-10-27,KXNASDAQ100U,417908.0,209439.93,1053
2025-10-27,KXSHIBA,2872.0,1334.0,33
2025-10-27,KXSHIBAD,1080.0,380.52,11
2025-10-27,KXTNOTED,1192.0,303.96,6
2025-10-27,KXUSDJPYH,7918.0,7838.82,19
2025-10-27,KXXRP,7426.0,3037.89,68
2025-10-27,KXXRPD,34487.0,17874.72,208
2025-10-27,__TOTAL__,121033948.0,55448882.75,492196
2025-10-28,KXBTC,514535.0,154543.04,3485
2025-10-28,KXBTCD,2096580.0,1019417.61,18762
2025-10-28,KXDOGE,26664.0,12315.57,111
2025-10-28,KXDOGED,25205.0,18713.93,71
2025-10-28,KXETH,386034.0,119172.67,967
2025-10-28,KXETHD,615654.0,334015.06,2455
2025-10-28,KXEURUSDH,4004.0,3963.96,4
2025-10-28,KXINX,227714.0,122409.97,118
2025-10-28,KXINXU,357862.0,185174.16,2066
2025-10-28,KXNASDAQ100,9663.0,4562.8,67
2025-10-28,KXNASDAQ100U,138031.0,72644.03,923
2025-10-28,KXSHIBA,17279.0,10023.61,43
2025-10-28,KXSHIBAD,779.0,596.38,11
2025-10-28,KXTNOTED,7300.0,5438.5,12
2025-10-28,KXUSDJPYH,7883.0,7804.17,9
2025-10-28,KXXRP,5087.0,1480.44,42
2025-10-28,KXXRPD,30488.0,15498.92,127
2025-10-28,__TOTAL__,136852964.0,61949958.75,563740
2025-10-29,KXBTC,622787.0,147068.35,3136
2025-10-29,KXBTCD,3276245.0,1636201.92,21637
2025-10-29,KXDOGE,52215.0,23682.44,205
2025-10-29,KXDOGED,35895.0,18250.43,115
2025-10-29,KXETH,421203.0,124267.55,1044
2025-10-29,KXETHD,749773.0,430842.34,2844
2025-10-29,KXEURUSDH,7539.0,7463.61,14
2025-10-29,KXINX,73759.0,29128.15,150
2025-10-29,KXINXU,693394.0,322941.61,2404
2025-10-29,KXNASDAQ100,716.0,118.94,13
2025-10-29,KXNASDAQ100U,278923.0,133172.6,1026
2025-10-29,KXSHIBA,4833.0,1716.33,44
2025-10-29,KXSHIBAD,1631.0,862.78,13
2025-10-29,KXUSDJPY,324.0,82.62,6
2025-10-29,KXUSDJPYH,13530.0,11842.38,25
2025-10-29,KXXRP,4218.0,1507.58,37
2025-10-29,KXXRPD,44194.0,21120.47,206
2025-10-29,__TOTAL__,145592319.0,67235341.27,563171
2025-10-30,KXBTC,792733.0,163769.99,3271
2025-10-30,KXBTCD,2947838.0,1489945.49,23984
2025-10-30,KXDOGE,35765.0,16996.76,150
2025-10-30,KXDOGED,18462.0,6187.53,109
2025-10-30,KXETH,216848.0,53886.87,736
2025-10-30,KXETHD,337378.0,160896.45,2035
2025-10-30,KXEURUSDH,13636.0,9554.16,20
2025-10-30,KXINX,30971.0,12051.55,142
2025-10-30,KXINXU,816289.0,318288.66,2638
2025-10-30,KXNASDAQ100,1404.0,270.13,24
2025-10-30,KXNASDAQ100U,432140.0,269703.19,997
2025-10-30,KXSHIBA,4687.0,2445.33,55
2025-10-30,KXSHIBAD,11400.0,5496.45,50
2025-10-30,KXUSDJPY,298.0,75.99,4
2025-10-30,KXUSDJPYH,3785.0,3747.15,4
2025-10-30,KXXRP,10902.0,4386.63,69
2025-10-30,KXXRPD,46939.0,20775.16,204
2025-10-30,__TOTAL__,127238055.0,57757441.95,496052
2025-10-31,KXBTC,581580.0,172266.22,2450
2025-10-31,KXBTCD,2592889.0,1264843.47,18911
2025-10-31,KXDOGE,35590.0,17813.19,97
2025-10-31,KXDOGED,23504.0,11947.32,89
2025-10-31,KXETH,456641.0,140923.36,893
2025-10-31,KXETHD,420302.0,230120.42,1838
2025-10-31,KXEURUSDH,3769.0,3731.31,8
2025-10-31,KXINX,34852.0,12644.04,216
2025-10-31,KXINXU,781539.0,375310.99,2393
2025-10-31,KXNASDAQ100,19056.0,9394.26,66
2025-10-31,KXNASDAQ100U,316903.0,201731.75,935
2025-10-31,KXSHIBA,3307.0,1495.95,14
2025-10-31,KXSHIBAD,3015.0,1167.28,8
2025-10-31,KXUSDJPY,1352.0,344.76,10
2025-10-31,KXUSDJPYH,5619.0,5562.81,10
2025-10-31,KXXRP,2078.0,1166.3,26
2025-10-31,KXXRPD,12777.0,6358.5,93
2025-10-31,__TOTAL__,127625174.0,58814669.48,469960
2025-11-01,KXBTC,157225.0,62691.03,1819
2025-11-01,KXBTCD,723114.0,334304.94,12215
2025-11-01,KXDOGE,654.0,447.79,25
2025-11-01,KXDOGED,2492.0,1215.63,31
2025-11-01,KXETH,10052.0,4939.73,170
2025-11-01,KXETHD,32002.0,16723.54,513
2025-11-01,KXINX,2.0,0.74,1
2025-11-01,KXINXU,95.0,51.16,5
2025-11-01,KXNASDAQ100,2.0,0.78,1
2025-11-01,KXNASDAQ100U,5.0,3.26,2
2025-11-01,KXSHIBA,58.0,44.65,5
2025-11-01,KXSHIBAD,36.0,30.19,4
2025-11-01,KXXRP,2503.0,1438.14,37
2025-11-01,KXXRPD,4672.0,2248.75,96
2025-11-01,__TOTAL__,296113889.0,138792044.07,986472
2025-11-02,KXBTC,120697.0,40310.54,1398
2025-11-02,KXBTCD,811384.0,414041.7,14907
2025-11-02,KXDOGE,844.0,704.38,17
2025-11-02,KXDOGED,683.0,140.0,7
2025-11-02,KXETH,4844.0,1658.59,103
2025-11-02,KXETHD,39618.0,19838.31,592
2025-11-02,KXINX,19.0,7.35,4
2025-11-02,KXINXU,6494.0,3803.05,16
2025-11-02,KXNASDAQ100,2.0,0.74,1
2025-11-02,KXNASDAQ100U,5126.0,1693.36,27
2025-11-02,KXTNOTED,8048.0,4956.96,8
2025-11-02,KXUSDJPY,1070.0,272.85,6
2025-11-02,KXXRP,4303.0,1843.49,44
2025-11-02,KXXRPD,1588.0,888.46,43
2025-11-02,__TOTAL__,306420729.0,138917746.93,894655
2025-11-03,KXBTC,274459.0,60663.43,1951
2025-11-03,KXBTCD,1883131.0,1003576.63,18217
2025-11-03,KXETH,404907.0,135538.72,925
2025-11-03,KXETHD,376355.0,212069.41,2116
2025-11-03,KXEURUSD,3764.0,3726.36,4
2025-11-03,KXINX,272712.0,146120.09,151
2025-11-03,KXINXU,483793.0,306957.8,1858
2025-11-03,KXNASDAQ100,2094.0,334.64,18
2025-11-03,KXNASDAQ100U,190354.0,126915.46,632
2025-11-03,KXTNOTED,2868.0,2040.44,12
2025-11-03,KXUSDJPY,5681.0,5624.19,6
2025-11-03,__TOTAL__,156658270.0,66311948.72,538799
2025-11-04,KXBTC,372541.0,58599.92,4540
2025-11-04,KXBTCD,3085370.0,1546581.58,23776
2025-11-04,KXETH,246868.0,81663.72,1626
2025-11-04,KXETHD,633867.0,296641.32,2489
2025-11-04,KXEURUSDH,2.0,1.98,2
2025-11-04,KXINX,34254.0,14873.59,203
2025-11-04,KXINXU,629786.0,282834.61,2545
2025-11-04,KXNASDAQ100,430.0,86.59,18
2025-11-04,KXNASDAQ100U,115879.0,58994.94,949
2025-11-04,KXTNOTED,11550.0,7200.35,26
2025-11-04,KXUSDJPYH,6.0,5.94,6
2025-11-04,KXXRP,1401.0,441.04,22
2025-11-04,KXXRPD,3446.0,1151.14,147
2025-11-04,__TOTAL__,177314786.0,74347521.99,623955
2025-11-05,KXBTC,325968.0,84251.38,2009
2025-11-05,KXBTCD,2463892.0,1257854.5,18099
2025-11-05,KXDOGE,12967.0,4989.13,59
2025-11-05,KXDOGED,6115.0,2985.04,51
2025-11-05,KXETH,331787.0,103966.41,802
2025-11-05,KXETHD,454195.0,258782.75,2417
2025-11-05,KXEURUSDH,2.0,1.0,2
2025-11-05,KXINX,304673.0,167806.72,164
2025-11-05,KXINXU,760734.0,379955.79,1982
2025-11-05,KXNASDAQ100,33253.0,16521.34,37
2025-11-05,KXNASDAQ100U,159167.0,95336.06,1020
2025-11-05,KXSHIBA,3150.0,1596.28,41
2025-11-05,KXSHIBAD,14712.0,7393.4,49
2025-11-05,KXTNOTED,13132.0,8336.68,26
2025-11-05,KXUSDJPYH,4075.0,1323.08,13
2025-11-05,KXXRP,2522.0,970.68,38
2025-11-05,KXXRPD,10379.0,5518.61,76
2025-11-05,__TOTAL__,126328176.0,59211041.89,541429
2025-11-06,KXBTC,495527.0,114442.04,2143
2025-11-06,KXBTCD,3124227.0,1576104.49,22349
2025-11-06,KXDOGE,35182.0,15856.8,115
2025-11-06,KXDOGED,14366.0,6000.36,87
2025-11-06,KXETH,409516.0,127885.95,882
2025-11-06,KXETHD,588598.0,336319.24,2129
2025-11-06,KXEURUSDH,32634.0,20109.39,30
2025-11-06,KXINX,75903.0,35708.5,174
2025-11-06,KXINXU,777912.0,368204.24,2836
2025-11-06,KXNASDAQ100,5143.0,910.74,82
2025-11-06,KXNASDAQ100U,365422.0,162850.28,1136
2025-11-06,KXSHIBA,13310.0,6407.16,56
2025-11-06,KXSHIBAD,21436.0,11037.81,95
2025-11-06,KXUSDJPY,5758.0,2619.03,14
2025-11-06,KXUSDJPYH,16847.0,9816.37,20
2025-11-06,KXXRP,2918.0,1106.96,33
2025-11-06,KXXRPD,3848.0,2024.86,98
2025-11-06,__TOTAL__,130643898.0,60595788.53,511242
2025-11-07,KXBTC,658403.0,162828.19,2729
2025-11-07,KXBTCD,2926635.0,1402015.9,21732
2025-11-07,KXDOGE,64731.0,24042.93,207
2025-11-07,KXDOGED,35990.0,20180.79,158
2025-11-07,KXETH,335415.0,93108.79,955
2025-11-07,KXETHD,542337.0,268184.17,2181
2025-11-07,KXEURUSD,58580.0,17380.54,34
2025-11-07,KXINX,180896.0,43975.98,212
2025-11-07,KXINXU,667180.0,309959.15,2648
2025-11-07,KXNASDAQ100,15361.0,3382.55,71
2025-11-07,KXNASDAQ100U,347358.0,213992.17,1237
2025-11-07,KXSHIBA,5113.0,2119.35,25
2025-11-07,KXSHIBAD,8247.0,5270.79,70
2025-11-07,KXTNOTED,9720.0,2478.6,30
2025-11-07,KXUSDJPY,5850.0,4358.25,22
2025-11-07,KXXRP,5022.0,1568.57,56
2025-11-07,KXXRPD,31310.0,15154.42,210
2025-11-07,__TOTAL__,123947052.0,57639335.86,511455
2025-11-08,KXBTC,184929.0,70064.42,2385
2025-11-08,KXBTCD,1095003.0,576217.22,16058
2025-11-08,KXDOGE,2484.0,1254.38,37
2025-11-08,KXDOGED,4500.0,1870.29,43
2025-11-08,KXETH,10887.0,4743.28,181
2025-11-08,KXETHD,27059.0,13622.6,718
2025-11-08,KXEURUSD,112712.0,31867.22,85
2025-11-08,KXINXU,1029.0,448.53,23
2025-11-08,KXNASDAQ100U,9.0,5.28,3
2025-11-08,KXSHIBA,80.0,41.64,6
2025-11-08,KXSHIBAD,554.0,188.79,17
2025-11-08,KXTNOTED,27826.0,11072.89,24
2025-11-08,KXUSDJPY,4564.0,3400.18,8
2025-11-08,KXXRP,7069.0,2899.59,68
2025-11-08,KXXRPD,15010.0,7544.52,141
2025-11-08,__TOTAL__,270275737.0,131710822.21,924496
2025-11-09,KXBTC,179039.0,57019.08,2205
2025-11-09,KXBTCD,1600352.0,777623.84,21153
2025-11-09,KXDOGE,3541.0,2744.03,61
2025-11-09,KXDOGED,3751.0,1374.77,66
2025-11-09,KXETH,14199.0,5318.27,193
2025-11-09,KXETHD,31437.0,13871.39,676
2025-11-09,KXEURUSD,176334.0,51771.94,126
2025-11-09,KXINX,71.0,16.46,6
2025-11-09,KXINXU,117686.0,69590.97,82
2025-11-09,KXNASDAQ100,72.0,11.52,2
2025-11-09,KXNASDAQ100U,614.0,425.88,12
2025-11-09,KXSHIBA,53.0,38.11,3
2025-11-09,KXSHIBAD,57.0,24.61,4
2025-11-09,KXTNOTED,37214.0,14497.38,93
2025-11-09,KXUSDJPY,49290.0,15023.85,30
2025-11-09,KXXRP,2416.0,934.38,28
2025-11-09,KXXRPD,3300.0,1598.62,30
2025-11-09,__TOTAL__,319565615.0,145805829.21,983729
2025-11-10,KXBTC,464007.0,118206.32,3486
2025-11-10,KXBTCD,3087075.0,1511594.15,26361
2025-11-10,KXDOGE,24043.0,11211.36,738
2025-11-10,KXDOGED,15284.0,7008.6,389
2025-11-10,KXETH,297612.0,100564.65,717
2025-11-10,KXETHD,309439.0,161522.4,1857
2025-11-10,KXEURUSD,100.0,1.0,1
2025-11-10,KXEURUSDH,20688.0,10496.52,18
2025-11-10,KXINX,81424.0,48384.93,139
2025-11-10,KXINXU,1235291.0,575193.76,2381
2025-11-10,KXNASDAQ100,2812.0,935.42,35
2025-11-10,KXNASDAQ100U,568214.0,304096.64,1037
2025-11-10,KXSHIBA,5950.0,2718.69,27
2025-11-10,KXSHIBAD,16198.0,8544.16,53
2025-11-10,KXUSDJPY,16760.0,4273.8,18
2025-11-10,KXXRP,1238.0,336.23,13
2025-11-10,KXXRPD,20334.0,12998.18,268
2025-11-10,__TOTAL__,137626533.0,62745503.75,534946
2025-11-11,KXBTC,458471.0,125753.76,2843
2025-11-11,KXBTCD,3002564.0,1499033.99,27266
2025-11-11,KXDOGE,22933.0,10358.75,90
2025-11-11,KXDOGED,10765.0,4168.35,64
2025-11-11,KXETH,354932.0,127199.18,665
2025-11-11,KXETHD,432709.0,229717.14,2126
2025-11-11,KXINX,269959.0,140847.15,144
2025-11-11,KXINXU,663000.0,349436.91,2041
2025-11-11,KXNASDAQ100,7748.0,2711.6,50
2025-11-11,KXNASDAQ100U,228563.0,123620.85,798
2025-11-11,KXSHIBA,4104.0,2097.76,15
2025-11-11,KXSHIBAD,5.0,1.3,1
2025-11-11,KXTNOTED,734.0,75.35,10
2025-11-11,KXUSDJPY,47200.0,12036.0,65
2025-11-11,KXXRP,181.0,126.92,3
2025-11-11,KXXRPD,14837.0,7857.47,73
2025-11-11,__TOTAL__,125437807.0,57491686.79,530633
2025-11-12,KXBTC,631384.0,156707.17,2468
2025-11-12,KXBTCD,3200633.0,1514201.3,23180
2025-11-12,KXDOGE,6126.0,2621.37,50
2025-11-12,KXDOGED,23082.0,11176.61,155
2025-11-12,KXETH,642428.0,207556.77,1083
2025-11-12,KXETHD,725230.0,380242.07,2898
2025-11-12,KXEURUSD,19600.0,4998.0,20
2025-11-12,KXEURUSDH,10678.0,5602.42,6
2025-11-12,KXINX,177776.0,79282.52,189
2025-11-12,KXINXU,585629.0,289100.04,2597
2025-11-12,KXNASDAQ100,2009.0,698.34,47
2025-11-12,KXNASDAQ100U,209616.0,114716.43,832
2025-11-12,KXSHIBA,3897.0,1632.3,16
2025-11-12,KXSHIBAD,529.0,263.55,8
2025-11-12,KXTNOTED,1304.0,179.39,18
2025-11-12,KXUSDJPY,43420.0,17630.29,64
2025-11-12,KXUSDJPYH,33374.0,16223.34,45
2025-11-12,KXXRP,3053.0,1123.01,23
2025-11-12,KXXRPD,22177.0,12162.44,177
2025-11-12,__TOTAL__,136691531.0,57672633.91,528785
2025-11-13,KXBTC,500911.0,92349.08,4140
2025-11-13,KXBTCD,3659752.0,1787959.61,32370
2025-11-13,KXDOGE,1681.0,1351.2,47
2025-11-13,KXDOGED,6692.0,828.55,33
2025-11-13,KXETH,380411.0,82250.46,792
2025-11-13,KXETHD,837835.0,425393.48,2378
2025-11-13,KXEURUSD,29923.0,7756.54,121
2025-11-13,KXEURUSDH,19650.0,5010.75,64
2025-11-13,KXINX,30628.0,5733.61,190
2025-11-13,KXINXU,533037.0,241191.02,3083
2025-11-13,KXNASDAQ100,3218.0,389.24,56
2025-11-13,KXNASDAQ100U,270725.0,118645.14,1060
2025-11-13,KXSHIBAD,291.0,84.81,5
2025-11-13,KXTNOTED,572.0,76.58,15
2025-11-13,KXUSDJPY,161361.0,54201.95,208
2025-11-13,KXUSDJPYH,92956.0,27856.23,101
2025-11-13,KXWTI,5970.0,1522.35,38
2025-11-13,KXXRP,30948.0,1042.33,255
2025-11-13,KXXRPD,32088.0,9214.25,222
2025-11-13,__TOTAL__,126020557.0,53321618.44,507004
2025-11-14,KXBTC,398936.0,85646.73,4258
2025-11-14,KXBTCD,3500497.0,1749662.64,30730
2025-11-14,KXDOGE,19975.0,8737.92,68
2025-11-14,KXDOGED,19874.0,8835.37,69
2025-11-14,KXETH,514117.0,153350.36,859
2025-11-14,KXETHD,812633.0,434920.38,2606
2025-11-14,KXEURUSD,97997.0,24863.06,163
2025-11-14,KXEURUSDH,12898.0,3288.99,46
2025-11-14,KXINX,55685.0,14341.7,279
2025-11-14,KXINXU,691825.0,339420.45,3534
2025-11-14,KXNASDAQ100,13508.0,3759.89,61
2025-11-14,KXNASDAQ100U,246508.0,123668.87,1108
2025-11-14,KXSHIBA,930.0,575.4,4
2025-11-14,KXSHIBAD,502.0,404.39,4
2025-11-14,KXTNOTED,2531.0,289.78,32
2025-11-14,KXUSDJPY,108496.0,39402.81,93
2025-11-14,KXUSDJPYH,98556.0,30394.85,87
2025-11-14,KXWTI,337.0,84.71,7
2025-11-14,KXXRP,1763.0,815.82,41
2025-11-14,KXXRPD,3786.0,1856.03,86
2025-11-14,__TOTAL__,130680195.0,60894360.69,563531
2025-11-15,KXBTC,140380.0,45569.06,2788
2025-11-15,KXBTCD,1332762.0,665818.26,23372
2025-11-15,KXDOGE,1780.0,1587.74,38
2025-11-15,KXDOGED,422.0,167.39,13
2025-11-15,KXETH,6686.0,3168.34,216
2025-11-15,KXETHD,18769.0,10489.92,437
2025-11-15,KXEURUSD,103101.0,26355.68,242
2025-11-15,KXINXU,29.0,20.3,1
2025-11-15,KXNASDAQ100,87.0,16.41,3
2025-11-15,KXNASDAQ100U,5.0,3.5,1
2025-11-15,KXSHIBAD,165.0,8.71,3
2025-11-15,KXTNOTED,1060.0,106.5,5
2025-11-15,KXUSDJPY,228317.0,74716.89,204
2025-11-15,KXWTI,2582.0,432.98,59
2025-11-15,KXXRP,286.0,137.83,35
2025-11-15,KXXRPD,661.0,162.66,49
2025-11-15,__TOTAL__,268830311.0,127087305.35,1009053
2025-11-16,KXBTC,75493.0,19186.06,1453
2025-11-16,KXBTCD,1154192.0,569786.93,18244
2025-11-16,KXDOGE,570.0,495.93,25
2025-11-16,KXDOGED,274.0,132.58,14
2025-11-16,KXETH,7299.0,1125.37,128
2025-11-16,KXETHD,17368.0,7118.09,283
2025-11-16,KXEURUSD,69843.0,29326.5,116
2025-11-16,KXEURUSDH,109648.0,27970.04,110
2025-11-16,KXINX,489.0,80.2,42
2025-11-16,KXINXU,74.0,37.76,4
2025-11-16,KXNASDAQ100,77.0,13.5,9
2025-11-16,KXNASDAQ100U,69.0,41.81,2
2025-11-16,KXSHIBAD,1.0,0.5,1
2025-11-16,KXTNOTED,329.0,62.4,9
2025-11-16,KXUSDJPY,79152.0,30455.7,67
2025-11-16,KXUSDJPYH,9420.0,2402.1,12
2025-11-16,KXWTI,4989.0,1064.72,137
2025-11-16,KXXRP,369.0,111.15,4
2025-11-16,KXXRPD,218.0,91.76,7
2025-11-16,__TOTAL__,314873954.0,146400895.6,1017232
2025-11-17,KXBTC,398695.0,81121.72,3203
2025-11-17,KXBTCD,3719316.0,1851637.85,28569
2025-11-17,KXDOGE,43240.0,18090.35,127
2025-11-17,KXDOGED,12084.0,6190.51,84
2025-11-17,KXETH,404364.0,109240.6,690
2025-11-17,KXETHD,617290.0,320661.43,2015
2025-11-17,KXEURUSD,95425.0,25584.94,84
2025-11-17,KXEURUSDH,27040.0,7938.42,43
2025-11-17,KXINX,53763.0,12361.28,305
2025-11-17,KXINXU,402040.0,190936.7,2763
2025-11-17,KXNASDAQ100,29386.0,6686.86,109
2025-11-17,KXNASDAQ100U,149047.0,69767.06,958
2025-11-17,KXSHIBA,38528.0,18495.44,171
2025-11-17,KXSHIBAD,11974.0,7040.61,53
2025-11-17,KXTNOTED,4208.0,556.79,29
2025-11-17,KXUSDJPY,80783.0,28396.59,175
2025-11-17,KXUSDJPYH,33214.0,10289.43,50
2025-11-17,KXWTI,1050.0,502.79,17
2025-11-17,KXXRP,3819.0,1985.37,41
2025-11-17,KXXRPD,3923.0,1944.62,77
2025-11-17,__TOTAL__,115167911.0,51465931.5,526079
2025-11-18,KXBTC,442231.0,126806.52,2783
2025-11-18,KXBTCD,3061855.0,1491482.01,26948
2025-11-18,KXDOGE,24997.0,11035.1,75
2025-11-18,KXDOGED,15167.0,9124.0,53
2025-11-18,KXETH,379735.0,93976.79,704
2025-11-18,KXETHD,708837.0,379053.52,2279
2025-11-18,KXEURUSD,10399.0,2652.48,11
2025-11-18,KXINX,22892.0,4331.12,187
2025-11-18,KXINXU,474873.0,217914.95,3583
2025-11-18,KXNASDAQ100,4784.0,1033.54,67
2025-11-18,KXNASDAQ100U,258446.0,147533.98,1019
2025-11-18,KXSHIBA,2348.0,1137.75,18
2025-11-18,KXSHIBAD,2485.0,705.36,13
2025-11-18,KXTNOTED,3476.0,442.24,22
2025-11-18,KXUSDJPYH,15292.0,10143.82,12
2025-11-18,KXWTI,972.0,336.0,15
2025-11-18,KXXRP,3161.0,1477.33,22
2025-11-18,KXXRPD,5665.0,2426.16,35
2025-11-18,__TOTAL__,108502114.0,49357507.39,581848
2025-11-19,KXBTC,428831.0,108562.99,3039
2025-11-19,KXBTCD,3834065.0,1835405.5,33346
2025-11-19,KXDOGE,27135.0,15242.57,70
2025-11-19,KXDOGED,9535.0,3132.66,55
2025-11-19,KXETH,553076.0,181375.55,752
2025-11-19,KXETHD,683573.0,336628.7,2001
2025-11-19,KXEURUSD,61701.0,20466.91,31
2025-11-19,KXINX,12651.0,3919.89,132
2025-11-19,KXINXU,680532.0,332128.17,2913
2025-11-19,KXNASDAQ100,4794.0,699.65,52
2025-11-19,KXNASDAQ100U,128944.0,67037.14,886
2025-11-19,KXSHIBA,13285.0,6895.42,48
2025-11-19,KXSHIBAD,12646.0,5120.63,57
2025-11-19,KXTNOTED,3607.0,570.73,16
2025-11-19,KXUSDJPY,10538.0,2846.82,10
2025-11-19,KXUSDJPYH,14862.0,8574.67,26
2025-11-19,KXWTI,299.0,121.56,8
2025-11-19,KXXRP,4459.0,2235.43,52
2025-11-19,KXXRPD,2128.0,1074.34,28
2025-11-19,__TOTAL__,112581328.0,52190814.16,536847
2025-11-20,KXBTC,412655.0,96290.78,2795
2025-11-20,KXBTCD,3812411.0,1788093.5,35250
2025-11-20,KXDOGE,34887.0,16461.63,100
2025-11-20,KXDOGED,16532.0,6458.61,73
2025-11-20,KXETH,461643.0,152523.97,839
2025-11-20,KXETHD,1086467.0,524664.19,2886
2025-11-20,KXEURUSDH,50.0,25.0,1
2025-11-20,KXINX,52247.0,15514.14,265
2025-11-20,KXINXU,794134.0,348566.35,3163
2025-11-20,KXNASDAQ100,9066.0,718.57,90
2025-11-20,KXNASDAQ100U,284440.0,125470.32,1108
2025-11-20,KXSHIBA,5114.0,2241.48,21
2025-11-20,KXSHIBAD,3815.0,1922.27,30
2025-11-20,KXTNOTED,8211.0,800.74,25
2025-11-20,KXUSDJPY,40803.0,10413.34,18
2025-11-20,KXUSDJPYH,5098.0,2549.24,4
2025-11-20,KXWTI,1987.0,658.07,33
2025-11-20,KXXRP,1527.0,739.56,34
2025-11-20,KXXRPD,5336.0,3006.09,73
2025-11-20,__TOTAL__,140907350.0,63694719.48,610574
2025-11-21,KXBTC,461419.0,96707.19,2765
2025-11-21,KXBTCD,3304008.0,1572764.07,31241
2025-11-21,KXDOGE,28707.0,13580.82,96
2025-11-21,KXDOGED,18216.0,8789.64,119
2025-11-21,KXETH,531051.0,143986.48,1111
2025-11-21,KXETHD,824301.0,425302.25,3546
2025-11-21,KXEURUSD,88371.0,22534.11,47
2025-11-21,KXINX,15319.0,3546.76,114
2025-11-21,KXINXU,845816.0,370733.55,3012
2025-11-21,KXNASDAQ100,7461.0,985.31,85
2025-11-21,KXNASDAQ100U,146622.0,67135.5,1125
2025-11-21,KXSHIBA,6546.0,1723.03,30
2025-11-21,KXSHIBAD,1286.0,768.4,16
2025-11-21,KXTNOTED,3114.0,426.6,15
2025-11-21,KXUSDJPY,9766.0,2618.52,14
2025-11-21,KXUSDJPYH,9788.0,4894.48,8
2025-11-21,KXXRP,2009.0,1074.4,32
2025-11-21,KXXRPD,3090.0,2119.3,59
2025-11-21,__TOTAL__,130809747.0,60450122.37,643320
2025-11-22,KXBTC,173296.0,52248.45,2439
2025-11-22,KXBTCD,1311942.0,636931.65,19419
2025-11-22,KXDOGE,2837.0,1947.99,39
2025-11-22,KXDOGED,891.0,400.93,35
2025-11-22,KXETH,12430.0,6557.42,165
2025-11-22,KXETHD,30954.0,15344.04,694
2025-11-22,KXEURUSD,9510.0,2425.05,4
2025-11-22,KXINXU,10.0,8.0,1
2025-11-22,KXNASDAQ100,3.0,2.97,1
2025-11-22,KXNASDAQ100U,12.0,9.24,1
2025-11-22,KXSHIBA,2.0,1.2,1
2025-11-22,KXSHIBAD,55.0,40.32,5
2025-11-22,KXTNOTED,7353.0,1358.97,23
2025-11-22,KXUSDJPY,58570.0,16184.6,56
2025-11-22,KXXRP,2420.0,1506.83,52
2025-11-22,KXXRPD,23104.0,11401.88,166
2025-11-22,__TOTAL__,252384216.0,121899426.55,969183
2025-11-23,KXBTC,164980.0,42833.56,2359
2025-11-23,KXBTCD,1500608.0,693617.13,25111
2025-11-23,KXDOGE,3011.0,1842.68,64
2025-11-23,KXDOGED,1379.0,446.36,27
2025-11-23,KXETH,29277.0,14762.28,231
2025-11-23,KXETHD,42670.0,21219.57,631
2025-11-23,KXEURUSD,19.0,9.5,1
2025-11-23,KXINXU,1.0,0.99,1
2025-11-23,KXNASDAQ100,85.0,24.11,2
2025-11-23,KXTNOTED,203.0,36.42,7
2025-11-23,KXUSDJPY,20290.0,5185.55,30
2025-11-23,KXWTI,1445.0,288.42,27
2025-11-23,KXXRP,633.0,151.42,7
2025-11-23,KXXRPD,9162.0,5224.86,97
2025-11-23,__TOTAL__,284342678.0,127437019.29,981022
2025-11-24,KXBTC,525616.0,119398.74,3587
2025-11-24,KXBTCD,3129720.0,1485625.28,26765
2025-11-24,KXDOGE,19330.0,9286.75,69
2025-11-24,KXDOGED,6300.0,2921.26,34
2025-11-24,KXETH,388499.0,139936.3,677
2025-11-24,KXETHD,541978.0,292052.47,2473
2025-11-24,KXEURUSD,5520.0,1417.4,9
2025-11-24,KXINX,11486.0,2000.31,126
2025-11-24,KXINXU,446457.0,274969.2,2187
2025-11-24,KXNASDAQ100,2316.0,963.14,17
2025-11-24,KXNASDAQ100U,98524.0,47108.81,660
2025-11-24,KXSHIBA,246.0,86.77,6
2025-11-24,KXSHIBAD,631.0,151.9,13
2025-11-24,KXTNOTED,6428.0,1233.15,14
2025-11-24,KXUSDJPY,20500.0,5237.3,36
2025-11-24,KXWTI,4715.0,844.53,85
2025-11-24,KXXRP,450.0,282.14,8
2025-11-24,KXXRPD,7922.0,5445.25,84
2025-11-24,__TOTAL__,123031025.0,52899750.17,552836
2025-11-25,KXBTC,510125.0,143355.25,3731
2025-11-25,KXBTCD,2998053.0,1463321.08,29843
2025-11-25,KXDOGE,20409.0,11019.14,86
2025-11-25,KXDOGED,8314.0,3176.56,33
2025-11-25,KXETH,339554.0,113148.47,933
2025-11-25,KXETHD,362934.0,182987.38,2373
2025-11-25,KXEURUSD,9840.0,2509.2,4
2025-11-25,KXINX,9363.0,2737.03,113
2025-11-25,KXINXU,676373.0,401625.0,2344
2025-11-25,KXNASDAQ100,1963.0,379.07,49
2025-11-25,KXNASDAQ100U,137511.0,71273.49,749
2025-11-25,KXSHIBA,1250.0,706.0,5
2025-11-25,KXSHIBAD,929.0,653.02,6
2025-11-25,KXTNOTED,8066.0,1374.23,44
2025-11-25,KXUSDJPY,64929.0,16561.55,29
2025-11-25,KXUSDJPYH,25.0,0.25,1
2025-11-25,KXWTI,370.0,47.32,21
2025-11-25,KXXRP,695.0,417.87,11
2025-11-25,KXXRPD,5177.0,3173.49,86
2025-11-25,__TOTAL__,117140441.0,54495719.46,584283
2025-11-26,KXBTC,507026.0,138089.97,3946
2025-11-26,KXBTCD,3328000.0,1604213.05,28530
2025-11-26,KXDOGE,25805.0,13700.33,113
2025-11-26,KXDOGED,20546.0,11421.86,74
2025-11-26,KXETH,372455.0,143583.61,688
2025-11-26,KXETHD,325244.0,168546.45,2365
2025-11-26,KXEURUSDH,14950.0,9889.0,10
2025-11-26,KXINX,70686.0,32474.86,215
2025-11-26,KXINXU,538402.0,278116.62,2165
2025-11-26,KXNASDAQ100,4407.0,1026.1,38
2025-11-26,KXNASDAQ100U,111831.0,52838.69,810
2025-11-26,KXSHIBA,955.0,690.57,8
2025-11-26,KXSHIBAD,1723.0,730.93,13
2025-11-26,KXTNOTED,704.0,153.09,29
2025-11-26,KXUSDJPYH,20382.0,15184.59,11
2025-11-26,KXWTI,4769.0,1213.89,7
2025-11-26,KXXRP,1057.0,599.62,10
2025-11-26,KXXRPD,6671.0,3600.69,79
2025-11-26,__TOTAL__,146688707.0,68837230.0,664963
2025-11-27,KXBTC,288920.0,98638.02,3302
2025-11-27,KXBTCD,1739512.0,783775.78,18009
2025-11-27,KXDOGE,1095.0,991.18,24
2025-11-27,KXDOGED,2793.0,968.5,39
2025-11-27,KXETH,11187.0,5152.89,187
2025-11-27,KXETHD,59749.0,27811.82,837
2025-11-27,KXEURUSDH,5098.0,2549.24,4
2025-11-27,KXINX,253.0,63.51,20
2025-11-27,KXSHIBA,17449.0,4966.73,63
2025-11-27,KXSHIBAD,30643.0,8218.24,26
2025-11-27,KXTNOTED,2128.0,416.88,20
2025-11-27,KXUSDJPY,31800.0,8109.0,26
2025-11-27,KXUSDJPYH,9994.0,7445.53,12
2025-11-27,KXXRP,1153.0,543.05,26
2025-11-27,KXXRPD,8567.0,3803.88,86
2025-11-27,__TOTAL__,273561855.0,120006867.83,968467
2025-11-28,KXBTC,447097.0,159416.53,4230
2025-11-28,KXBTCD,2831664.0,1382250.72,21291
2025-11-28,KXDOGE,13744.0,6296.12,61
2025-11-28,KXDOGED,10989.0,5048.56,61
2025-11-28,KXETH,270742.0,91059.16,540
2025-11-28,KXETHD,285699.0,136501.08,1259
2025-11-28,KXEURUSD,13720.0,3498.6,20
2025-11-28,KXEURUSDH,20402.0,10203.03,17
2025-11-28,KXINX,16119.0,7809.72,80
2025-11-28,KXINXU,215825.0,125056.69,921
2025-11-28,KXNASDAQ100,6331.0,1925.08,32
2025-11-28,KXNASDAQ100U,81103.0,36506.72,329
2025-11-28,KXSHIBA,1608.0,1076.52,11
2025-11-28,KXSHIBAD,2632.0,1180.13,37
2025-11-28,KXTNOTED,1328.0,221.93,24
2025-11-28,KXUSDJPY,128316.0,44881.97,66
2025-11-28,KXXRP,739.0,363.17,14
2025-11-28,KXXRPD,12662.0,5666.53,88
2025-11-28,__TOTAL__,261440798.0,117357533.42,989859
2025-11-29,KXBTC,191286.0,67327.33,3935
2025-11-29,KXBTCD,1244132.0,585882.58,17481
2025-11-29,KXDOGE,1669.0,683.1,26
2025-11-29,KXDOGED,891.0,249.4,25
2025-11-29,KXETH,12056.0,5708.38,519
2025-11-29,KXETHD,17232.0,8927.71,515
2025-11-29,KXEURUSD,29616.0,10898.92,24
2025-11-29,KXINX,72.0,15.48,3
2025-11-29,KXINXU,92.0,46.4,3
2025-11-29,KXNASDAQ100,18.0,2.88,2
2025-11-29,KXNASDAQ100U,10128.0,2582.64,18
2025-11-29,KXSHIBA,34.0,15.98,1
2025-11-29,KXSHIBAD,1653.0,1035.46,33
2025-11-29,KXTNOTED,747.0,99.65,18
2025-11-29,KXUSDJPY,30268.0,12715.35,24
2025-11-29,KXXRP,583.0,351.48,8
2025-11-29,KXXRPD,5463.0,3000.8,44
2025-11-29,__TOTAL__,290535585.0,138211725.9,1164780
2025-11-30,KXBTC,146628.0,46212.24,3010
2025-11-30,KXBTCD,1442266.0,694378.78,21554
2025-11-30,KXDOGE,1395.0,582.27,39
2025-11-30,KXDOGED,429.0,298.96,24
2025-11-30,KXETH,5653.0,2631.77,141
2025-11-30,KXETHD,22216.0,12648.93,400
2025-11-30,KXEURUSD,94562.0,26466.09,61
2025-11-30,KXINX,284.0,79.87,19
2025-11-30,KXINXU,15613.0,7827.89,26
2025-11-30,KXNASDAQ100,64.0,13.66,3
2025-11-30,KXNASDAQ100U,4488.0,2244.22,4
2025-11-30,KXSHIBA,134.0,41.94,11
2025-11-30,KXSHIBAD,197.0,101.36,13
2025-11-30,KXTNOTED,1999.0,358.73,38
2025-11-30,KXUSDJPY,39357.0,10035.26,25
2025-11-30,KXXRP,309.0,112.12,6
2025-11-30,KXXRPD,3435.0,1356.33,41
2025-11-30,__TOTAL__,305449659.0,137687986.08,1085581
2025-12-01,KXBTC,393612.0,122005.17,3722
2025-12-01,KXBTCD,2994678.0,1352101.17,28091
2025-12-01,KXDOGE,10588.0,5745.94,86
2025-12-01,KXDOGED,1950.0,935.72,41
2025-12-01,KXETH,270288.0,89667.86,461
2025-12-01,KXETHD,376689.0,193627.62,1655
2025-12-01,KXEURUSD,36.0,8.86,3
2025-12-01,KXINX,25858.0,11228.61,134
2025-12-01,KXINXU,781297.0,370900.2,2548
2025-12-01,KXNASDAQ100,3396.0,1343.27,45
2025-12-01,KXNASDAQ100U,161643.0,76972.19,998
2025-12-01,KXSHIBA,17502.0,7979.8,65
2025-12-01,KXSHIBAD,12702.0,7571.66,44
2025-12-01,KXTNOTED,11362.0,2053.44,35
2025-12-01,KXUSDJPY,88545.0,22580.63,42
2025-12-01,KXUSDJPYH,21872.0,5577.36,12
2025-12-01,KXXRP,1033.0,374.15,21
2025-12-01,KXXRPD,2050.0,1278.3,37
2025-12-01,__TOTAL__,146732891.0,65960119.83,591599
2025-12-02,KXBTC,512408.0,145866.93,5395
2025-12-02,KXBTCD,3792286.0,1975840.87,32501
2025-12-02,KXDOGE,18944.0,11575.47,105
2025-12-02,KXDOGED,8794.0,3867.82,39
2025-12-02,KXETH,199544.0,69248.71,831
2025-12-02,KXETHD,355197.0,162630.41,2327
2025-12-02,KXINX,21332.0,8198.59,164
2025-12-02,KXINXU,816988.0,317871.54,2657
2025-12-02,KXNASDAQ100,3643.0,1344.83,56
2025-12-02,KXNASDAQ100U,134423.0,52635.07,916
2025-12-02,KXSHIBA,5615.0,2632.89,25
2025-12-02,KXSHIBAD,2927.0,733.04,29
2025-12-02,KXTNOTED,1081.0,129.79,25
2025-12-02,KXUSDJPY,1.0,0.99,1
2025-12-02,KXXRP,2710.0,1430.54,36
2025-12-02,KXXRPD,8217.0,2461.24,61
2025-12-02,__TOTAL__,127057772.0,55466703.05,634689
2025-12-03,KXBTC,624104.0,190900.76,4761
2025-12-03,KXBTCD,3663154.0,1822472.88,29667
2025-12-03,KXDOGE,25680.0,14187.2,143
2025-12-03,KXDOGED,15666.0,7954.2,86
2025-12-03,KXETH,290561.0,111988.58,893
2025-12-03,KXETHD,607549.0,306840.8,2924
2025-12-03,KXINX,91307.0,50334.91,201
2025-12-03,KXINXU,671268.0,315301.12,2626
2025-12-03,KXNASDAQ100,2603.0,476.06,30
2025-12-03,KXNASDAQ100U,243486.0,126321.43,1181
2025-12-03,KXSHIBA,14171.0,5776.2,56
2025-12-03,KXSHIBAD,9614.0,3199.44,39
2025-12-03,KXTNOTED,9888.0,1483.47,48
2025-12-03,KXUSDJPYH,4.0,3.2,1
2025-12-03,KXXRP,872.0,346.49,29
2025-12-03,KXXRPD,3974.0,1723.77,118
2025-12-03,__TOTAL__,148510119.0,66944420.53,688186
2025-12-04,KXBTC,767654.0,203690.64,4795
2025-12-04,KXBTCD,3120000.0,1454380.32,27791
2025-12-04,KXDOGE,19957.0,9832.89,148
2025-12-04,KXDOGED,12399.0,3723.88,40
2025-12-04,KXETH,182418.0,68840.37,643
2025-12-04,KXETHD,353876.0,185372.95,1898
2025-12-04,KXINX,15652.0,3272.97,117
2025-12-04,KXINXU,771456.0,359617.78,2804
2025-12-04,KXNASDAQ100,5910.0,829.67,98
2025-12-04,KXNASDAQ100U,114304.0,58092.17,922
2025-12-04,KXSHIBA,620.0,486.29,14
2025-12-04,KXSHIBAD,337.0,139.0,15
2025-12-04,KXTNOTED,11239.0,1913.77,62
2025-12-04,KXUSDJPYH,38.0,32.3,2
2025-12-04,KXXRP,1502.0,654.87,40
2025-12-04,KXXRPD,3699.0,2082.68,110
2025-12-04,__TOTAL__,155660758.0,65416994.23,707889
2025-12-05,KXBTC,702210.0,178936.09,4152
2025-12-05,KXBTCD,3232541.0,1590794.41,27670
2025-12-05,KXDOGE,3137.0,1212.31,32
2025-12-05,KXDOGED,9634.0,2459.38,68
2025-12-05,KXETH,127349.0,38526.41,585
2025-12-05,KXETHD,326143.0,157742.22,1805
2025-12-05,KXINX,430912.0,102341.22,240
2025-12-05,KXINXU,336179.0,171900.74,2469
2025-12-05,KXNASDAQ100,24301.0,3259.83,111
2025-12-05,KXNASDAQ100U,123364.0,66360.58,925
2025-12-05,KXSHIBA,655.0,478.05,4
2025-12-05,KXSHIBAD,156.0,75.31,13
2025-12-05,KXTNOTED,13393.0,2844.01,55
2025-12-05,KXUSDJPY,9.0,4.5,1
2025-12-05,KXUSDJPYH,90.0,74.5,2
2025-12-05,KXXRP,562.0,154.56,5
2025-12-05,KXXRPD,1089.0,605.87,120
2025-12-05,__TOTAL__,139103549.0,57771643.01,675796
2025-12-06,KXBTC,391031.0,133732.65,3189
2025-12-06,KXBTCD,1157638.0,545456.02,14423
2025-12-06,KXDOGE,3591.0,2475.04,75
2025-12-06,KXDOGED,862.0,314.26,23
2025-12-06,KXETH,34577.0,21302.07,438
2025-12-06,KXETHD,44154.0,23109.7,546
2025-12-06,KXINX,117.0,49.1,9
2025-12-06,KXINXU,1.0,0.99,1
2025-12-06,KXNASDAQ100,52.0,8.32,3
2025-12-06,KXSHIBA,259.0,118.64,5
2025-12-06,KXSHIBAD,687.0,149.33,20
2025-12-06,KXTNOTED,2483.0,392.47,48
2025-12-06,KXXRP,1177.0,376.94,4
2025-12-06,KXXRPD,702.0,262.72,15
2025-12-06,__TOTAL__,249804148.0,118110362.19,1088448
2025-12-07,KXBTC,422684.0,118420.68,3178
2025-12-07,KXBTCD,1787795.0,839634.57,19654
2025-12-07,KXDOGE,2720.0,2238.33,54
2025-12-07,KXDOGED,1183.0,393.01,25
2025-12-07,KXETH,31719.0,12973.19,481
2025-12-07,KXETHD,68512.0,32246.71,910
2025-12-07,KXINX,54.0,23.21,8
2025-12-07,KXINXU,304.0,122.5,9
2025-12-07,KXNASDAQ100,70.0,12.16,5
2025-12-07,KXSHIBA,48.0,21.21,4
2025-12-07,KXSHIBAD,303.0,178.2,16
2025-12-07,KXTNOTED,2183.0,183.33,17
2025-12-07,KXXRP,1464.0,406.12,10
2025-12-07,KXXRPD,61.0,26.4,9
2025-12-07,__TOTAL__,328682321.0,142352336.05,1228257
2025-12-08,KXBTC,787721.0,238117.74,4499
2025-12-08,KXBTCD,3640229.0,1727362.85,27474
2025-12-08,KXDOGE,12189.0,8304.56,119
2025-12-08,KXDOGED,1760.0,1062.04,19
2025-12-08,KXETH,372059.0,124450.31,888
2025-12-08,KXETHD,828753.0,404471.3,2044
2025-12-08,KXEURUSDH,100.0,19.23,17
2025-12-08,KXINX,29503.0,11156.2,155
2025-12-08,KXINXU,309560.0,150074.07,2190
2025-12-08,KXNASDAQ100,29107.0,8659.17,80
2025-12-08,KXNASDAQ100U,90744.0,46725.91,848
2025-12-08,KXSHIBA,7212.0,3465.87,27
2025-12-08,KXSHIBAD,1182.0,806.48,17
2025-12-08,KXTNOTED,3388.0,419.11,45
2025-12-08,KXUSDJPY,14.0,2.8,1
2025-12-08,KXXRP,4131.0,881.2,32
2025-12-08,KXXRPD,2865.0,1693.72,48
2025-12-08,__TOTAL__,144783518.0,61825163.8,648359
2025-12-09,KXBTC,836905.0,270250.3,6011
2025-12-09,KXBTCD,3867813.0,1894185.04,28881
2025-12-09,KXDOGE,25331.0,12116.98,103
2025-12-09,KXDOGED,10695.0,5923.32,66
2025-12-09,KXETH,428921.0,159201.27,1004
2025-12-09,KXETHD,864747.0,434990.59,2990
2025-12-09,KXEURUSD,47.0,4.7,1
2025-12-09,KXINX,193479.0,81390.3,270
2025-12-09,KXINXU,567975.0,209832.07,2193
2025-12-09,KXNASDAQ100,5215.0,1339.34,69
2025-12-09,KXNASDAQ100U,110382.0,49586.99,777
2025-12-09,KXSHIBA,997.0,655.33,6
2025-12-09,KXSHIBAD,285.0,171.64,8
2025-12-09,KXSOLD,375.0,45.11,6
2025-12-09,KXSOLE,389.0,95.8,15
2025-12-09,KXTNOTED,3403.0,507.11,69
2025-12-09,KXUSDJPY,60.0,17.4,5
2025-12-09,KXXRP,9195.0,1685.24,36
2025-12-09,KXXRPD,2165.0,1150.09,50
2025-12-09,__TOTAL__,126939967.0,53968092.34,663575
2025-12-10,KXBTC,1059222.0,274684.64,8164
2025-12-10,KXBTC15M,8.0,4.09,3
2025-12-10,KXBTCD,4887493.0,2377489.2,32592
2025-12-10,KXDOGE,27720.0,13831.03,148
2025-12-10,KXDOGED,22415.0,11443.8,108
2025-12-10,KXETH,314903.0,99949.68,852
2025-12-10,KXETH15M,10.0,6.2,1
2025-12-10,KXETHD,591181.0,314742.4,2260
2025-12-10,KXEURUSD,14.0,2.8,1
2025-12-10,KXINX,24356.0,4249.18,208
2025-12-10,KXINXU,693538.0,356277.83,2718
2025-12-10,KXNASDAQ100,43536.0,5938.29,95
2025-12-10,KXNASDAQ100U,115591.0,61080.14,1025
2025-12-10,KXSHIBA,2296.0,976.0,16
2025-12-10,KXSHIBAD,943.0,312.04,13
2025-12-10,KXSOLD,327.0,119.59,5
2025-12-10,KXSOLE,1232.0,278.57,33
2025-12-10,KXTNOTED,6227.0,786.2,76
2025-12-10,KXUSDJPY,1.0,0.99,1
2025-12-10,KXXRP,5620.0,1824.19,45
2025-12-10,KXXRPD,3732.0,2016.84,120
2025-12-10,__TOTAL__,134580183.0,58659534.45,708907
2025-12-11,KXBTC,874399.0,225076.93,6505
2025-12-11,KXBTC15M,12076.0,5874.09,250
2025-12-11,KXBTCD,4244193.0,2066073.63,32415
2025-12-11,KXDOGE,8924.0,4867.14,72
2025-12-11,KXDOGED,4222.0,2734.74,54
2025-12-11,KXETH,433271.0,164825.44,1185
2025-12-11,KXETH15M,1776.0,1172.32,51
2025-12-11,KXETHD,722736.0,362558.48,2579
2025-12-11,KXEURUSD,86.0,17.2,2
2025-12-11,KXINX,76973.0,18146.8,194
2025-12-11,KXINXU,498293.0,251212.55,3561
2025-12-11,KXNASDAQ100,17293.0,2029.36,98
2025-12-11,KXNASDAQ100U,127560.0,74884.5,828
2025-12-11,KXSHIBA,7185.0,3516.9,49
2025-12-11,KXSHIBAD,4966.0,2833.84,24
2025-12-11,KXSOLD,1029.0,600.41,11
2025-12-11,KXSOLE,1381.0,790.72,26
2025-12-11,KXTNOTED,19497.0,1896.4,57
2025-12-11,KXUSDJPY,112.0,22.4,3
2025-12-11,KXXRP,2409.0,1387.98,29
2025-12-11,KXXRPD,2615.0,1216.13,49
2025-12-11,__TOTAL__,156962099.0,66144196.0,760681
2025-12-12,KXBTC,894733.0,301171.25,6967
2025-12-12,KXBTC15M,43045.0,23499.32,842
2025-12-12,KXBTCD,3716859.0,1837878.27,26947
2025-12-12,KXDOGE,9829.0,5676.83,56
2025-12-12,KXDOGED,3938.0,2318.84,32
2025-12-12,KXETH,316759.0,109796.74,972
2025-12-12,KXETH15M,7263.0,3863.71,112
2025-12-12,KXETHD,559872.0,289226.21,2164
2025-12-12,KXINX,78213.0,17972.45,527
2025-12-12,KXINXU,978607.0,524157.89,2342
2025-12-12,KXNASDAQ100,5021.0,1223.28,68
2025-12-12,KXNASDAQ100U,176817.0,73838.62,1131
2025-12-12,KXSHIBA,1081.0,774.03,10
2025-12-12,KXSHIBAD,166.0,42.17,7
2025-12-12,KXTNOTED,3265.0,264.42,30
2025-12-12,KXUSDJPY,23.0,4.6,1
2025-12-12,KXXRP,3990.0,2601.35,30
2025-12-12,KXXRPD,3869.0,1888.96,48
2025-12-12,__TOTAL__,132635486.0,55024789.06,698166
2025-12-13,KXBTC,387072.0,202987.2,5174
2025-12-13,KXBTC15M,20080.0,13806.13,367
2025-12-13,KXBTCD,1170368.0,616894.44,14201
2025-12-13,KXDOGE,2786.0,2516.57,99
2025-12-13,KXDOGED,82.0,26.3,3
2025-12-13,KXETH,39254.0,22666.16,340
2025-12-13,KXETH15M,4499.0,1984.42,84
2025-12-13,KXETHD,35001.0,17969.09,651
2025-12-13,KXINX,30.0,4.74,5
2025-12-13,KXINXU,1.0,0.79,1
2025-12-13,KXNASDAQ100,189.0,65.26,7
2025-12-13,KXSHIBA,3.0,0.9,1
2025-12-13,KXSHIBAD,334.0,74.03,7
2025-12-13,KXSOLE,9.0,8.91,1
2025-12-13,KXTNOTED,3778.0,367.87,29
2025-12-13,KXXRP,612.0,448.08,25
2025-12-13,KXXRPD,111.0,55.94,30
2025-12-13,__TOTAL__,210999346.0,92302944.97,1072132
2025-12-14,KXBTC,426492.0,159077.05,6339
2025-12-14,KXBTC15M,25268.0,12444.09,569
2025-12-14,KXBTCD,1941696.0,937229.93,23087
2025-12-14,KXDOGE,768.0,680.01,50
2025-12-14,KXDOGED,95.0,61.75,4
2025-12-14,KXETH,30835.0,15818.42,241
2025-12-14,KXETH15M,6073.0,3204.11,140
2025-12-14,KXETHD,30813.0,14816.78,351
2025-12-14,KXINX,299.0,114.34,19
2025-12-14,KXINXU,371.0,168.61,7
2025-12-14,KXNASDAQ100,6.0,0.74,2
2025-12-14,KXNASDAQ100U,5.0,3.5,1
2025-12-14,KXSHIBAD,156.0,83.43,8
2025-12-14,KXSOLD,25.0,24.5,1
2025-12-14,KXTNOTED,3836.0,323.73,25
2025-12-14,KXUSDJPY,76.0,19.0,2
2025-12-14,KXXRP,1.0,0.5,1
2025-12-14,KXXRPD,1896.0,348.98,16
2025-12-14,__TOTAL__,331142646.0,132880658.98,1336427
2025-12-15,KXBTC,1011975.0,268847.53,10136
2025-12-15,KXBTC15M,26869.0,14680.67,773
2025-12-15,KXBTCD,4809991.0,2275856.29,39132
2025-12-15,KXDOGE,10249.0,6490.66,85
2025-12-15,KXDOGED,2612.0,625.72,28
2025-12-15,KXETH,585880.0,210985.93,2322
2025-12-15,KXETH15M,4392.0,2170.79,102
2025-12-15,KXETHD,860888.0,435599.69,3298
2025-12-15,KXEURUSD,13.0,12.87,1
2025-12-15,KXEURUSDH,1.0,0.15,1
2025-12-15,KXINX,70605.0,20506.78,574
2025-12-15,KXINXU,618287.0,317249.23,3278
2025-12-15,KXNASDAQ100,4733.0,1516.97,60
2025-12-15,KXNASDAQ100U,239162.0,116950.7,1412
2025-12-15,KXSHIBA,885.0,214.68,7
2025-12-15,KXSHIBAD,398.0,40.37,13
2025-12-15,KXTNOTED,3953.0,464.07,44
2025-12-15,KXUSDJPY,94.0,30.9,5
2025-12-15,KXXRP,9544.0,4843.91,56
2025-12-15,KXXRPD,5161.0,1388.79,58
2025-12-15,__TOTAL__,140254010.0,54106059.51,719024
2025-12-16,KXBTC,873946.0,269417.27,7243
2025-12-16,KXBTC15M,71898.0,32691.68,2552
2025-12-16,KXBTCD,4217700.0,2044895.51,32958
2025-12-16,KXDOGE,13967.0,7465.18,67
2025-12-16,KXDOGED,2960.0,2423.41,11
2025-12-16,KXETH,448975.0,157613.67,1373
2025-12-16,KXETH15M,7372.0,3465.1,319
2025-12-16,KXETHD,908769.0,471806.7,2803
2025-12-16,KXEURUSDH,4.0,3.2,1
2025-12-16,KXINX,47944.0,10216.53,528
2025-12-16,KXINXU,768733.0,354707.26,4040
2025-12-16,KXNASDAQ100,18105.0,6291.91,85
2025-12-16,KXNASDAQ100U,275733.0,150531.64,1182
2025-12-16,KXSHIBA,441.0,308.44,10
2025-12-16,KXSHIBAD,388.0,61.31,15
2025-12-16,KXSOLE,81.0,13.06,3
2025-12-16,KXTNOTED,2023.0,214.09,42
2025-12-16,KXUSDJPY,3.0,0.75,1
2025-12-16,KXUSDJPYH,18.0,14.4,1
2025-12-16,KXXRP,7260.0,4812.28,44
2025-12-16,KXXRPD,3828.0,2366.72,42
2025-12-16,__TOTAL__,132458104.0,53231520.04,753157
2025-12-17,KXBTC,1083329.0,277045.38,7764
2025-12-17,KXBTC15M,32353.0,15797.88,1297
2025-12-17,KXBTCD,5140985.0,2525484.17,35188
2025-12-17,KXDOGE,22004.0,12808.07,91
2025-12-17,KXDOGED,8683.0,5717.15,25
2025-12-17,KXETH,676053.0,223375.26,1925
2025-12-17,KXETH15M,13628.0,7372.16,226
2025-12-17,KXETHD,1088895.0,562845.27,2924
2025-12-17,KXINX,34062.0,6575.49,251
2025-12-17,KXINXU,616281.0,277208.01,3813
2025-12-17,KXNASDAQ100,22348.0,2756.52,86
2025-12-17,KXNASDAQ100U,209716.0,106438.61,1052
2025-12-17,KXSHIBA,7292.0,3000.78,36
2025-12-17,KXSHIBAD,3078.0,1958.12,21
2025-12-17,KXSOLD,18.0,2.56,2
2025-12-17,KXSOLE,156.0,17.16,1
2025-12-17,KXTNOTED,4334.0,600.96,32
2025-12-17,KXXRP,18064.0,8810.95,69
2025-12-17,KXXRPD,7223.0,3519.33,61
2025-12-17,__TOTAL__,138231647.0,56550841.64,773500
2025-12-18,KXBTC,942991.0,281089.89,7587
2025-12-18,KXBTC15M,45445.0,23176.82,2118
2025-12-18,KXBTCD,5768331.0,2918354.89,39625
2025-12-18,KXDOGE,29371.0,15782.89,133
2025-12-18,KXDOGED,17163.0,7053.31,65
2025-12-18,KXETH,550500.0,198811.7,1884
2025-12-18,KXETH15M,9734.0,4919.32,261
2025-12-18,KXETHD,939090.0,488162.78,3013
2025-12-18,KXINX,15945.0,2915.55,157
2025-12-18,KXINXU,1205440.0,568532.16,3772
2025-12-18,KXNASDAQ100,4444.0,1096.02,32
2025-12-18,KXNASDAQ100U,153902.0,87870.78,829
2025-12-18,KXSHIBA,1425.0,780.39,7
2025-12-18,KXSHIBAD,970.0,741.57,6
2025-12-18,KXSOLD,29372.0,16972.63,129
2025-12-18,KXSOLE,33785.0,17888.93,155
2025-12-18,KXTNOTED,12444.0,2223.64,75
2025-12-18,KXXRP,31449.0,15000.91,210
2025-12-18,KXXRPD,13949.0,8322.39,171
2025-12-18,__TOTAL__,210893762.0,84883643.08,949018
2025-12-19,KXBTC,1414251.0,425678.34,8100
2025-12-19,KXBTC15M,87755.0,44385.16,4213
2025-12-19,KXBTCD,4611122.0,2217897.63,33772
2025-12-19,KXDOGE,22922.0,13818.68,269
2025-12-19,KXDOGED,10487.0,4786.04,136
2025-12-19,KXETH,449658.0,155357.66,2390
2025-12-19,KXETH15M,12322.0,6388.29,425
2025-12-19,KXETHD,856289.0,440209.05,3775
2025-12-19,KXINX,103337.0,38847.57,214
2025-12-19,KXINXU,637109.0,321418.37,2429
2025-12-19,KXNASDAQ100,15291.0,3982.84,76
2025-12-19,KXNASDAQ100U,83847.0,47051.33,800
2025-12-19,KXSHIBA,1487.0,815.13,77
2025-12-19,KXSHIBAD,704.0,278.97,43
2025-12-19,KXSOLD,6808.0,4777.66,57
2025-12-19,KXSOLE,5998.0,1269.08,51
2025-12-19,KXTNOTED,3051.0,595.39,61
2025-12-19,KXUSDJPY,16.0,3.52,2
2025-12-19,KXXRP,21199.0,10682.56,224
2025-12-19,KXXRPD,5449.0,2867.82,154
2025-12-19,__TOTAL__,275966317.0,96980402.22,1178022
2025-12-20,KXBTC,432348.0,212842.22,5055
2025-12-20,KXBTC15M,100885.0,52110.89,4089
2025-12-20,KXBTCD,1139974.0,504507.33,14505
2025-12-20,KXDOGE,2016.0,1872.56,21
2025-12-20,KXDOGED,71.0,29.49,4
2025-12-20,KXETH,34804.0,17331.21,319
2025-12-20,KXETH15M,19441.0,10890.62,507
2025-12-20,KXETHD,47058.0,26970.78,495
2025-12-20,KXINX,208.0,56.61,12
2025-12-20,KXNASDAQ100,65.0,10.4,4
2025-12-20,KXSHIBA,60.0,40.93,3
2025-12-20,KXSHIBAD,543.0,158.82,16
2025-12-20,KXSOLD,543.0,341.02,30
2025-12-20,KXSOLE,837.0,287.43,52
2025-12-20,KXTNOTED,652.0,96.02,25
2025-12-20,KXXRP,13109.0,6697.8,116
2025-12-20,KXXRPD,4609.0,2793.27,85
2025-12-20,__TOTAL__,336559676.0,136385284.93,1414330
2025-12-21,KXBTC,546440.0,192001.02,6411
2025-12-21,KXBTC15M,184475.0,102818.33,8776
2025-12-21,KXBTCD,2143839.0,1139681.59,24929
2025-12-21,KXDOGE,2181.0,1459.1,61
2025-12-21,KXDOGED,297.0,39.27,8
2025-12-21,KXETH,54957.0,21970.47,655
2025-12-21,KXETH15M,10717.0,5665.25,722
2025-12-21,KXETHD,138426.0,66723.57,1389
2025-12-21,KXEURUSDH,1.0,0.75,1
2025-12-21,KXINX,208.0,51.08,14
2025-12-21,KXINXU,8.0,0.8,1
2025-12-21,KXNASDAQ100,77.0,12.32,2
2025-12-21,KXNASDAQ100U,42.0,36.7,2
2025-12-21,KXSHIBAD,48.0,11.04,3
2025-12-21,KXSOLD,550.0,355.09,32
2025-12-21,KXSOLE,704.0,235.79,41
2025-12-21,KXTNOTED,4674.0,441.23,85
2025-12-21,KXXRP,8058.0,3896.74,99
2025-12-21,KXXRPD,5339.0,2748.47,103
2025-12-21,__TOTAL__,381710154.0,144359398.89,1474166
2025-12-22,KXBTC,1014977.0,329429.32,7428
2025-12-22,KXBTC15M,159874.0,79985.34,7701
2025-12-22,KXBTCD,4063499.0,2025514.6,36470
2025-12-22,KXDOGE,25503.0,13647.06,267
2025-12-22,KXDOGED,10038.0,2435.32,113
2025-12-22,KXETH,413503.0,158679.15,2060
2025-12-22,KXETH15M,18988.0,9073.4,1235
2025-12-22,KXETHD,632412.0,330755.09,3335
2025-12-22,KXEURUSD,47.0,4.7,1
2025-12-22,KXINX,20399.0,7358.47,214
2025-12-22,KXINXU,309233.0,154848.23,2222
2025-12-22,KXNASDAQ100,8482.0,1946.24,89
2025-12-22,KXNASDAQ100U,99070.0,54857.65,745
2025-12-22,KXSHIBA,2055.0,1151.23,68
2025-12-22,KXSHIBAD,2638.0,1335.16,90
2025-12-22,KXSOLD,3604.0,1959.97,129
2025-12-22,KXSOLE,3038.0,1599.09,129
2025-12-22,KXTNOTED,4254.0,471.54,77
2025-12-22,KXXRP,14420.0,8040.01,213
2025-12-22,KXXRPD,6381.0,3903.2,130
2025-12-22,__TOTAL__,182608756.0,64603088.76,917302
2025-12-23,KXBTC,862738.0,260687.75,6804
2025-12-23,KXBTC15M,98119.0,50189.5,5062
2025-12-23,KXBTCD,3621289.0,1737701.95,35237
2025-12-23,KXDOGE,29554.0,15634.79,289
2025-12-23,KXDOGED,16345.0,6353.16,125
2025-12-23,KXETH,545661.0,234311.03,2227
2025-12-23,KXETH15M,36582.0,17612.7,1051
2025-12-23,KXETHD,718129.0,351107.74,3283
2025-12-23,KXEURUSD,1.0,0.1,1
2025-12-23,KXINX,33062.0,7253.97,198
2025-12-23,KXINXU,349311.0,169566.88,2186
2025-12-23,KXNASDAQ100,10557.0,4896.43,24
2025-12-23,KXNASDAQ100U,91943.0,45208.91,741
2025-12-23,KXSHIBA,2414.0,1084.75,106
2025-12-23,KXSHIBAD,1216.0,1006.86,32
2025-12-23,KXSOLD,4167.0,2441.14,151
2025-12-23,KXSOLE,10840.0,6714.98,192
2025-12-23,KXTNOTED,2515.0,514.14,67
2025-12-23,KXXRP,8328.0,4505.53,150
2025-12-23,KXXRPD,5876.0,2795.43,138
2025-12-23,__TOTAL__,202399081.0,80206793.22,982714
2025-12-24,KXBTC,701554.0,292300.74,7120
2025-12-24,KXBTC15M,188845.0,109754.26,6343
2025-12-24,KXBTCD,3172351.0,1447813.21,33120
2025-12-24,KXDOGE,5363.0,3352.0,59
2025-12-24,KXDOGED,1653.0,723.15,24
2025-12-24,KXETH,229774.0,112995.99,1272
2025-12-24,KXETH15M,41251.0,17317.79,1664
2025-12-24,KXETHD,302947.0,132915.28,2411
2025-12-24,KXINX,24673.0,7763.55,136
2025-12-24,KXINXU,259068.0,137729.96,825
2025-12-24,KXNASDAQ100,511.0,106.78,13
2025-12-24,KXNASDAQ100U,46983.0,28516.22,373
2025-12-24,KXSHIBA,1725.0,910.52,13
2025-12-24,KXSHIBAD,1008.0,576.22,13
2025-12-24,KXSOLD,2754.0,1400.01,76
2025-12-24,KXSOLE,9941.0,5943.34,153
2025-12-24,KXTNOTED,5179.0,750.01,105
2025-12-24,KXUSDJPYH,21.0,16.8,2
2025-12-24,KXXRP,14351.0,6655.17,146
2025-12-24,KXXRPD,3669.0,2468.99,85
2025-12-24,__TOTAL__,112872436.0,42507364.85,571804
2025-12-25,KXBTC,755959.0,297837.18,6622
2025-12-25,KXBTC15M,100414.0,47811.73,4979
2025-12-25,KXBTCD,2495894.0,1260864.3,33718
2025-12-25,KXDOGE,4768.0,3347.42,47
2025-12-25,KXDOGED,3174.0,680.18,44
2025-12-25,KXETH,77279.0,39770.21,765
2025-12-25,KXETH15M,16938.0,8815.57,735
2025-12-25,KXETHD,170991.0,80663.93,1867
2025-12-25,KXINX,125.0,57.33,19
2025-12-25,KXINXU,8.0,0.8,1
2025-12-25,KXNASDAQ100,186.0,20.46,3
2025-12-25,KXNASDAQ100U,97.0,77.6,1
2025-12-25,KXSHIBA,431.0,93.22,10
2025-12-25,KXSHIBAD,27.0,9.89,5
2025-12-25,KXSOLD,10130.0,5609.94,145
2025-12-25,KXSOLE,16018.0,9478.77,191
2025-12-25,KXTNOTED,5675.0,973.01,54
2025-12-25,KXXRP,4471.0,2874.43,125
2025-12-25,KXXRPD,4612.0,2429.19,61
2025-12-25,__TOTAL__,312991063.0,114158824.84,1207108
2025-12-26,KXBTC,854929.0,365109.81,5122
2025-12-26,KXBTC15M,183205.0,97641.67,6736
2025-12-26,KXBTCD,2927193.0,1370539.47,27072
2025-12-26,KXDOGE,11789.0,5444.78,88
2025-12-26,KXDOGED,8499.0,4396.08,55
2025-12-26,KXETH,236490.0,82778.65,909
2025-12-26,KXETH15M,16962.0,9109.88,681
2025-12-26,KXETHD,480044.0,263707.54,2077
2025-12-26,KXINX,25650.0,16182.75,96
2025-12-26,KXINXU,189287.0,105652.37,1246
2025-12-26,KXNASDAQ100,3037.0,985.63,21
2025-12-26,KXNASDAQ100U,95695.0,26164.76,427
2025-12-26,KXSHIBA,2232.0,1480.16,26
2025-12-26,KXSHIBAD,1216.0,602.28,13
2025-12-26,KXSOLD,87465.0,47874.04,281
2025-12-26,KXSOLE,92539.0,15118.2,356
2025-12-26,KXTNOTED,3249.0,610.87,104
2025-12-26,KXUSDJPYH,1.0,0.99,1
2025-12-26,KXXRP,16830.0,955.49,108
2025-12-26,KXXRPD,4261.0,3371.55,34
2025-12-26,__TOTAL__,209724589.0,89213522.72,995475
2025-12-27,KXBTC,401044.0,179468.31,4257
2025-12-27,KXBTC15M,259025.0,134391.76,9766
2025-12-27,KXBTCD,1605421.0,725647.42,18750
2025-12-27,KXDOGE,2769.0,2142.36,44
2025-12-27,KXDOGED,1199.0,707.7,39
2025-12-27,KXETH,63916.0,44195.89,614
2025-12-27,KXETH15M,47845.0,22924.92,1273
2025-12-27,KXETHD,92262.0,32343.28,1027
2025-12-27,KXINX,18.0,5.76,3
2025-12-27,KXNASDAQ100,22.0,5.6,2
2025-12-27,KXNASDAQ100U,9.0,7.2,1
2025-12-27,KXSHIBA,164.0,62.37,12
2025-12-27,KXSHIBAD,188.0,78.5,9
2025-12-27,KXSOLD,32905.0,16776.28,373
2025-12-27,KXSOLE,14852.0,8380.75,205
2025-12-27,KXTNOTED,1157.0,269.39,78
2025-12-27,KXXRP,11370.0,2883.21,53
2025-12-27,KXXRPD,1384.0,869.04,59
2025-12-27,__TOTAL__,326481119.0,131106480.55,1402421
2025-12-28,KXBTC,335034.0,154271.2,4384
2025-12-28,KXBTC15M,226507.0,122661.09,6781
2025-12-28,KXBTCD,1092732.0,558175.78,18563
2025-12-28,KXDOGE,984.0,515.87,25
2025-12-28,KXDOGED,1617.0,429.3,34
2025-12-28,KXETH,26679.0,12263.63,350
2025-12-28,KXETH15M,15761.0,7275.63,799
2025-12-28,KXETHD,121605.0,55788.54,1286
2025-12-28,KXEURUSDH,7.0,5.25,1
2025-12-28,KXINX,5.0,1.11,2
2025-12-28,KXNASDAQ100,1.0,0.37,1
2025-12-28,KXSHIBA,389.0,225.35,14
2025-12-28,KXSHIBAD,124.0,26.76,10
2025-12-28,KXSOLD,17727.0,9197.49,223
2025-12-28,KXSOLE,4356.0,3454.03,46
2025-12-28,KXTNOTED,4083.0,1391.07,84
2025-12-28,KXUSDJPY,7.0,1.75,1
2025-12-28,KXXRP,1373.0,872.84,24
2025-12-28,KXXRPD,2237.0,1107.64,43
2025-12-28,__TOTAL__,360670106.0,131101236.67,1501948
2025-12-29,KXBTC,1082199.0,398595.98,6775
2025-12-29,KXBTC15M,157487.0,79472.99,6288
2025-12-29,KXBTCD,3713205.0,1798005.64,35939
2025-12-29,KXDOGE,3697.0,1891.2,23
2025-12-29,KXDOGED,7189.0,2475.67,40
2025-12-29,KXETH,372678.0,141968.15,1551
2025-12-29,KXETH15M,12630.0,7080.17,521
2025-12-29,KXETHD,495890.0,227247.54,2883
2025-12-29,KXINX,29882.0,14148.72,345
2025-12-29,KXINXU,425220.0,184573.37,2524
2025-12-29,KXNASDAQ100,9907.0,4563.94,60
2025-12-29,KXNASDAQ100U,115240.0,65681.09,922
2025-12-29,KXSHIBA,1335.0,952.01,15
2025-12-29,KXSHIBAD,1271.0,496.79,25
2025-12-29,KXSOLD,9670.0,3174.28,148
2025-12-29,KXSOLE,4926.0,1853.12,75
2025-12-29,KXTNOTED,2258.0,560.89,136
2025-12-29,KXUSDJPY,41.0,10.25,1
2025-12-29,KXXRP,115.0,73.2,8
2025-12-29,KXXRPD,2152.0,1012.21,49
2025-12-29,__TOTAL__,236034354.0,91056864.59,1063249
2025-12-30,KXBTC,986845.0,337938.61,6264
2025-12-30,KXBTC15M,117044.0,64497.66,4567
2025-12-30,KXBTCD,4043487.0,1955606.27,38249
2025-12-30,KXDOGE,6504.0,4185.44,62
2025-12-30,KXDOGED,3380.0,1731.24,23
2025-12-30,KXETH,448295.0,194361.19,1863
2025-12-30,KXETH15M,3935.0,2503.57,241
2025-12-30,KXETHD,608841.0,309092.28,3184
2025-12-30,KXINX,17350.0,4026.96,305
2025-12-30,KXINXU,398256.0,178696.6,2679
2025-12-30,KXNASDAQ100,6246.0,1575.67,47
2025-12-30,KXNASDAQ100U,126633.0,62093.43,1005
2025-12-30,KXSHIBA,2592.0,1558.42,17
2025-12-30,KXSHIBAD,1293.0,785.72,17
2025-12-30,KXSOLD,5386.0,2703.11,137
2025-12-30,KXSOLE,7239.0,3440.44,153
2025-12-30,KXTNOTED,1869.0,561.51,131
2025-12-30,KXUSDJPY,47.0,9.4,1
2025-12-30,KXXRP,811.0,392.63,31
2025-12-30,KXXRPD,8561.0,1821.34,62
2025-12-30,__TOTAL__,193359609.0,80099858.4,1043621
2025-12-31,KXBTC,835940.0,303810.72,5911
2025-12-31,KXBTC15M,350162.0,165791.01,15862
2025-12-31,KXBTCD,3432753.0,1643027.82,35395
2025-12-31,KXDOGE,11917.0,10021.73,37
2025-12-31,KXDOGED,4103.0,1319.31,52
2025-12-31,KXETH,290890.0,124711.57,1124
2025-12-31,KXETH15M,32485.0,15911.13,1360
2025-12-31,KXETHD,518443.0,236825.34,2906
2025-12-31,KXINX,28678.0,6686.25,520
2025-12-31,KXINXU,429392.0,238632.2,2677
2025-12-31,KXNASDAQ100,10985.0,3164.26,78
2025-12-31,KXNASDAQ100U,137891.0,63822.86,1034
2025-12-31,KXSHIBA,854.0,476.58,7
2025-12-31,KXSHIBAD,2175.0,940.69,37
2025-12-31,KXSOLD,14702.0,4932.65,330
2025-12-31,KXSOLE,12931.0,5173.46,197
2025-12-31,KXTNOTED,607.0,221.59,63
2025-12-31,KXXRP,16048.0,5568.69,113
2025-12-31,KXXRPD,25178.0,6304.01,187
2025-12-31,__TOTAL__,297241507.0,129263917.41,1353398
2026-01-01,KXBTC,609643.0,305706.61,5222
2026-01-01,KXBTC15M,577691.0,301632.44,18103
2026-01-01,KXBTCD,2527535.0,1165229.85,27044
2026-01-01,KXDOGE,8397.0,6230.13,89
2026-01-01,KXDOGED,4972.0,1926.55,44
2026-01-01,KXETH,100465.0,52740.01,744
2026-01-01,KXETH15M,36108.0,18856.67,1719
2026-01-01,KXETHD,191038.0,78942.4,2230
2026-01-01,KXINX,3035.0,881.36,123
2026-01-01,KXINXU,241.0,77.37,8
2026-01-01,KXNASDAQ100,1059.0,140.59,24
2026-01-01,KXNASDAQ100U,3.0,0.9,1
2026-01-01,KXSHIBA,303.0,237.24,5
2026-01-01,KXSHIBAD,779.0,376.95,24
2026-01-01,KXSOLD,26070.0,11287.48,439
2026-01-01,KXSOLE,27783.0,15128.47,296
2026-01-01,KXXRP,12783.0,8383.44,190
2026-01-01,KXXRPD,9943.0,4655.66,228
2026-01-01,__TOTAL__,291154838.0,124868603.84,1322520
2026-01-02,KXBTC,939811.0,305624.36,8895
2026-01-02,KXBTC15M,596752.0,320523.5,21717
2026-01-02,KXBTCD,4642738.0,2294318.52,38993
2026-01-02,KXDOGE,9791.0,7538.56,93
2026-01-02,KXDOGED,1855.0,1183.15,45
2026-01-02,KXETH,487992.0,197380.3,1974
2026-01-02,KXETH15M,77083.0,43584.0,2448
2026-01-02,KXETHD,1020000.0,486900.42,4750
2026-01-02,KXINX,72795.0,18681.9,893
2026-01-02,KXINXU,1099729.0,513899.06,2724
2026-01-02,KXNASDAQ100,19449.0,4238.57,139
2026-01-02,KXNASDAQ100U,226949.0,112184.35,1038
2026-01-02,KXSHIBA,2136.0,558.91,37
2026-01-02,KXSHIBAD,1271.0,644.51,25
2026-01-02,KXSOLD,24745.0,10019.33,449
2026-01-02,KXSOLE,12507.0,6345.64,199
2026-01-02,KXXRP,15082.0,8487.13,196
2026-01-02,KXXRPD,14378.0,5092.09,311
2026-01-02,__TOTAL__,247068578.0,107184936.22,1176263
2026-01-03,KXBTC,315247.0,160130.28,5026
2026-01-03,KXBTC15M,413439.0,201772.84,18576
2026-01-03,KXBTCD,1771037.0,864683.3,25808
2026-01-03,KXDOGE,5737.0,3069.14,73
2026-01-03,KXDOGED,1950.0,859.1,40
2026-01-03,KXETH,112098.0,65564.68,785
2026-01-03,KXETH15M,78755.0,48140.96,2056
2026-01-03,KXETHD,259955.0,92092.82,2011
2026-01-03,KXINX,567.0,146.54,37
2026-01-03,KXINXU,810.0,327.3,22
2026-01-03,KXNASDAQ100,366.0,240.39,13
2026-01-03,KXNASDAQ100U,130.0,104.45,2
2026-01-03,KXSHIBA,402.0,168.43,14
2026-01-03,KXSHIBAD,1816.0,751.99,61
2026-01-03,KXSOLD,16568.0,7953.64,368
2026-01-03,KXSOLE,20313.0,12314.49,319
2026-01-03,KXXRP,9945.0,4576.85,193
2026-01-03,KXXRPD,17166.0,7084.36,343
2026-01-03,__TOTAL__,311143382.0,127862983.06,1696974
2026-01-04,KXBTC,580438.0,225341.62,6492
2026-01-04,KXBTC15M,612908.0,321681.38,30133
2026-01-04,KXBTCD,2699086.0,1357346.88,29472
2026-01-04,KXDOGE,5223.0,2335.1,87
2026-01-04,KXDOGED,3865.0,1698.33,93
2026-01-04,KXETH,68611.0,35098.68,763
2026-01-04,KXETH15M,75592.0,40004.29,1984
2026-01-04,KXETHD,169775.0,83344.86,2091
2026-01-04,KXINX,1803.0,632.25,122
2026-01-04,KXINXU,1406.0,828.69,43
2026-01-04,KXNASDAQ100,333.0,89.53,40
2026-01-04,KXNASDAQ100U,44.0,13.2,3
2026-01-04,KXSHIBA,1063.0,481.92,23
2026-01-04,KXSHIBAD,1728.0,587.16,37
2026-01-04,KXSOLD,19441.0,9329.14,343
2026-01-04,KXSOLE,13458.0,6272.17,239
2026-01-04,KXTNOTED,10.0,9.9,1
2026-01-04,KXUSDJPY,66.0,25.84,5
2026-01-04,KXXRP,12286.0,5784.06,260
2026-01-04,KXXRPD,22343.0,10751.79,425
2026-01-04,__TOTAL__,402663538.0,161471101.66,1846777
2026-01-05,KXBTC,1138487.0,335792.75,10181
2026-01-05,KXBTC15M,631686.0,298984.57,30349
2026-01-05,KXBTCD,5306332.0,2532065.87,48689
2026-01-05,KXDOGE,13387.0,5846.57,116
2026-01-05,KXDOGED,15453.0,6271.64,114
2026-01-05,KXETH,724674.0,270363.7,2233
2026-01-05,KXETH15M,78237.0,36314.36,2780
2026-01-05,KXETHD,1106505.0,529246.25,5175
2026-01-05,KXINX,114769.0,42302.94,1049
2026-01-05,KXINXU,858965.0,439517.59,3485
2026-01-05,KXNASDAQ100,40113.0,10466.28,195
2026-01-05,KXNASDAQ100U,111849.0,52101.34,1050
2026-01-05,KXSHIBA,24447.0,5968.2,309
2026-01-05,KXSHIBAD,13338.0,5832.75,269
2026-01-05,KXSOLD,25336.0,11118.09,465
2026-01-05,KXSOLE,16663.0,6867.51,325
2026-01-05,KXUSDJPY,10.0,9.9,1
2026-01-05,KXXRP,17628.0,7253.56,268
2026-01-05,KXXRPD,48221.0,19128.47,700
2026-01-05,__TOTAL__,179991188.0,73574152.42,1074209
2026-01-06,KXBTC,1170684.0,367576.36,10680
2026-01-06,KXBTC15M,725987.0,340333.35,35097
2026-01-06,KXBTCD,5901096.0,2813809.26,56004
2026-01-06,KXDOGE,11558.0,5854.57,107
2026-01-06,KXDOGED,14824.0,6532.27,163
2026-01-06,KXETH,712749.0,280978.64,2209
2026-01-06,KXETH15M,66221.0,30658.87,4036
2026-01-06,KXETHD,1294884.0,641629.92,5693
2026-01-06,KXEURUSD,71.0,10.65,3
2026-01-06,KXINX,395257.0,129867.54,976
2026-01-06,KXINXU,1287361.0,506547.19,3558
2026-01-06,KXNASDAQ100,19928.0,3193.4,236
2026-01-06,KXNASDAQ100U,571981.0,234824.78,1209
2026-01-06,KXSHIBA,4794.0,2077.57,87
2026-01-06,KXSHIBAD,4336.0,1894.96,67
2026-01-06,KXSOLD,28157.0,12413.71,485
2026-01-06,KXSOLE,22943.0,6628.73,376
2026-01-06,KXTNOTED,3930.0,297.59,25
2026-01-06,KXXRP,15831.0,6863.05,202
2026-01-06,KXXRPD,29720.0,12176.7,503
2026-01-06,__TOTAL__,200201770.0,82703593.0,1220090
2026-01-07,KXBTC,1034857.0,306311.43,9019
2026-01-07,KXBTC15M,993703.0,484738.25,38919
2026-01-07,KXBTCD,5521856.0,2664149.37,46588
2026-01-07,KXDOGE,12654.0,5480.35,87
2026-01-07,KXDOGED,9181.0,4718.47,77
2026-01-07,KXETH,528123.0,202535.9,1801
2026-01-07,KXETH15M,83250.0,43257.32,6258
2026-01-07,KXETHD,960733.0,443099.67,4819
2026-01-07,KXEURUSD,410.0,45.84,10
2026-01-07,KXEURUSDH,1.0,0.12,1
2026-01-07,KXINX,28653.0,11764.52,271
2026-01-07,KXINXU,560150.0,285563.44,3328
2026-01-07,KXNASDAQ100,10342.0,2821.55,108
2026-01-07,KXNASDAQ100U,142973.0,63899.74,1223
2026-01-07,KXSHIBA,6457.0,1963.52,78
2026-01-07,KXSHIBAD,2223.0,606.8,54
2026-01-07,KXSOLD,19187.0,10106.54,369
2026-01-07,KXSOLE,19069.0,6475.38,414
2026-01-07,KXTNOTED,734.0,48.8,15
2026-01-07,KXXRP,18744.0,8643.61,236
2026-01-07,KXXRPD,24571.0,11993.43,409
2026-01-07,__TOTAL__,235967866.0,95581924.79,1341156
2026-01-08,KXBTC,1221449.0,385929.56,9442
2026-01-08,KXBTC15M,888348.0,438173.1,30621
2026-01-08,KXBTCD,5459881.0,2640523.57,50636
2026-01-08,KXDOGE,3907.0,2341.39,49
2026-01-08,KXDOGED,1873.0,964.6,45
2026-01-08,KXETH,331393.0,134293.39,1762
2026-01-08,KXETH15M,64834.0,36027.4,3544
2026-01-08,KXETHD,795218.0,415670.83,5654
2026-01-08,KXEURUSD,28.0,2.8,1
2026-01-08,KXINX,28512.0,6141.64,372
2026-01-08,KXINXU,640824.0,306357.83,4350
2026-01-08,KXNASDAQ100,7090.0,1647.09,120
2026-01-08,KXNASDAQ100U,124852.0,61908.47,1918
2026-01-08,KXSHIBA,1308.0,443.98,15
2026-01-08,KXSHIBAD,1401.0,568.53,30
2026-01-08,KXSOL15M,256.0,130.27,42
2026-01-08,KXSOLD,20288.0,9893.47,438
2026-01-08,KXSOLE,12000.0,4954.59,343
2026-01-08,KXTNOTED,51.0,10.98,2
2026-01-08,KXUSDJPYH,2.0,1.2,1
2026-01-08,KXXRP,11646.0,5308.44,206
2026-01-08,KXXRPD,14438.0,7278.3,324
2026-01-08,__TOTAL__,226646902.0,92783179.04,1369908
2026-01-09,KXBTC,1556424.0,450569.72,12581
2026-01-09,KXBTC15M,1228926.0,625271.13,42739
2026-01-09,KXBTCD,6508164.0,3128723.73,64087
2026-01-09,KXDOGE,14974.0,6487.19,153
2026-01-09,KXDOGED,9483.0,5114.68,103
2026-01-09,KXETH,347276.0,131664.7,2246
2026-01-09,KXETH15M,63086.0,33556.89,3510
2026-01-09,KXETHD,741472.0,360481.56,5731
2026-01-09,KXEURUSD,1500.0,25.0,3
2026-01-09,KXEURUSDH,100.0,10.0,2
2026-01-09,KXINX,47221.0,11740.67,807
2026-01-09,KXINXU,513867.0,289443.17,4268
2026-01-09,KXNASDAQ100,25574.0,9388.25,304
2026-01-09,KXNASDAQ100U,232824.0,125390.94,2153
2026-01-09,KXSHIBA,792.0,524.79,9
2026-01-09,KXSHIBAD,1315.0,782.27,39
2026-01-09,KXSOL15M,14015.0,7336.88,920
2026-01-09,KXSOLD,14097.0,6161.73,347
2026-01-09,KXSOLE,13594.0,5770.39,300
2026-01-09,KXUSDJPY,1024.0,11.91,3
2026-01-09,KXUSDJPYH,1.0,0.85,1
2026-01-09,KXXRP,8722.0,5084.27,120
2026-01-09,KXXRPD,15744.0,8521.41,249
2026-01-09,__TOTAL__,247827446.0,97397896.63,1403762
2026-01-10,KXBTC,285431.0,145313.5,5340
2026-01-10,KXBTC15M,895945.0,436679.52,33965
2026-01-10,KXBTCD,1788424.0,758971.92,27360
2026-01-10,KXDOGE,6545.0,3567.46,118
2026-01-10,KXDOGED,2513.0,1039.91,31
2026-01-10,KXETH,37958.0,17353.4,795
2026-01-10,KXETH15M,78737.0,39473.23,3400
2026-01-10,KXETHD,173750.0,68602.2,2663
2026-01-10,KXEURUSD,5.0,4.0,1
2026-01-10,KXINX,931.0,315.69,33
2026-01-10,KXINXU,824.0,469.19,22
2026-01-10,KXNASDAQ100,479.0,164.38,16
2026-01-10,KXNASDAQ100U,492.0,113.0,14
2026-01-10,KXSHIBA,982.0,474.76,16
2026-01-10,KXSHIBAD,1267.0,556.82,25
2026-01-10,KXSOL15M,23697.0,10828.08,810
2026-01-10,KXSOLD,15861.0,8261.01,210
2026-01-10,KXSOLE,14094.0,6597.88,268
2026-01-10,KXTNOTED,5.0,4.95,1
2026-01-10,KXXRP,3425.0,2441.82,91
2026-01-10,KXXRPD,6884.0,2262.93,142
2026-01-10,__TOTAL__,455448380.0,172935074.07,2300909
2026-01-11,KXBTC,515219.0,175677.67,7101
2026-01-11,KXBTC15M,901362.0,462735.4,34341
2026-01-11,KXBTCD,3052782.0,1370484.64,34184
2026-01-11,KXDOGE,5256.0,2544.17,82
2026-01-11,KXDOGED,3364.0,1509.18,43
2026-01-11,KXETH,62869.0,29028.77,912
2026-01-11,KXETH15M,93036.0,49881.23,3402
2026-01-11,KXETHD,198424.0,94521.54,3289
2026-01-11,KXEURUSD,160.0,11.3,9
2026-01-11,KXINX,2179.0,692.38,80
2026-01-11,KXINXU,10517.0,7686.63,91
2026-01-11,KXNASDAQ100,895.0,155.06,51
2026-01-11,KXNASDAQ100U,632.0,278.67,13
2026-01-11,KXSHIBA,742.0,320.54,16
2026-01-11,KXSHIBAD,580.0,209.47,23
2026-01-11,KXSOL15M,10175.0,5084.99,525
2026-01-11,KXSOLD,29906.0,14877.4,544
2026-01-11,KXSOLE,16202.0,6050.17,230
2026-01-11,KXTNOTED,17.0,8.17,9
2026-01-11,KXUSDJPY,1982.0,515.21,12
2026-01-11,KXUSDJPYH,4369.0,3232.13,16
2026-01-11,KXXRP,15568.0,7898.54,183
2026-01-11,KXXRPD,14479.0,6206.21,279
2026-01-11,__TOTAL__,465923005.0,167809782.36,2373597
2026-01-12,KXBTC,1340390.0,376958.25,10615
2026-01-12,KXBTC15M,1173111.0,581536.53,44703
2026-01-12,KXBTCD,6160504.0,3038223.3,51587
2026-01-12,KXDOGE,3190.0,1462.07,51
2026-01-12,KXDOGED,2710.0,1234.05,35
2026-01-12,KXETH,465701.0,186783.01,2169
2026-01-12,KXETH15M,102203.0,50590.39,5062
2026-01-12,KXETHD,798750.0,374098.74,5481
2026-01-12,KXEURUSD,10.0,0.3,2
2026-01-12,KXINX,55767.0,17628.76,862
2026-01-12,KXINXU,653997.0,275335.91,4364
2026-01-12,KXNASDAQ100,29938.0,9125.42,203
2026-01-12,KXNASDAQ100U,192394.0,112441.22,1941
2026-01-12,KXSHIBA,1191.0,682.54,18
2026-01-12,KXSHIBAD,370.0,146.39,13
2026-01-12,KXSOL15M,11061.0,5309.83,557
2026-01-12,KXSOLD,42378.0,21804.83,1101
2026-01-12,KXSOLE,23251.0,8679.29,344
2026-01-12,KXTNOTED,137.0,22.28,6
2026-01-12,KXUSDJPY,1050.0,224.09,21
2026-01-12,KXXRP,15074.0,6755.88,185
2026-01-12,KXXRPD,12792.0,6754.55,234
2026-01-12,__TOTAL__,259843851.0,90027301.0,1498534
2026-01-13,KXBTC,1710193.0,467456.73,14160
2026-01-13,KXBTC15M,1160234.0,601975.38,45227
2026-01-13,KXBTCD,8604613.0,4333613.38,71457
2026-01-13,KXDOGE,7812.0,4043.48,98
2026-01-13,KXDOGED,4227.0,1797.63,83
2026-01-13,KXETH,355657.0,124176.71,2728
2026-01-13,KXETH15M,61691.0,29667.83,4111
2026-01-13,KXETHD,759740.0,360512.78,7202
2026-01-13,KXEURUSD,787.0,21.03,9
2026-01-13,KXINX,16926.0,4014.1,370
2026-01-13,KXINXU,803609.0,348664.75,5833
2026-01-13,KXNASDAQ100,25280.0,5484.88,127
2026-01-13,KXNASDAQ100U,276494.0,120754.91,2307
2026-01-13,KXSHIBA,1124.0,582.93,14
2026-01-13,KXSHIBAD,1608.0,493.21,29
2026-01-13,KXSOL15M,14500.0,7050.68,742
2026-01-13,KXSOLD,38175.0,18605.45,1280
2026-01-13,KXSOLE,33435.0,11148.26,401
2026-01-13,KXTNOTED,62.0,30.87,6
2026-01-13,KXUSDJPY,4337.0,2049.69,8
2026-01-13,KXXRP,20505.0,8002.37,270
2026-01-13,KXXRPD,29760.0,13756.64,430
2026-01-13,__TOTAL__,237027506.0,93297810.11,1561277
2026-01-14,KXBTC,1820627.0,442722.94,13269
2026-01-14,KXBTC15M,1318429.0,593899.62,47902
2026-01-14,KXBTCD,9764546.0,4711527.6,78415
2026-01-14,KXDOGE,20439.0,8426.89,168
2026-01-14,KXDOGED,7106.0,2994.02,65
2026-01-14,KXETH,401776.0,137883.14,2064
2026-01-14,KXETH15M,61108.0,26416.74,5737
2026-01-14,KXETHD,1096774.0,553442.21,6667
2026-01-14,KXEURUSD,6182.0,3088.69,15
2026-01-14,KXEURUSDH,2050.0,1063.75,6
2026-01-14,KXINX,37707.0,6533.19,345
2026-01-14,KXINXU,1170515.0,486338.84,7646
2026-01-14,KXNASDAQ100,7392.0,2797.76,80
2026-01-14,KXNASDAQ100U,261259.0,104716.5,4336
2026-01-14,KXSHIBA,4222.0,2163.49,61
2026-01-14,KXSHIBAD,3396.0,1199.45,62
2026-01-14,KXSOL15M,16012.0,8371.16,1078
2026-01-14,KXSOLD,34939.0,16167.88,717
2026-01-14,KXSOLE,27432.0,9225.54,381
2026-01-14,KXUSDJPY,6697.0,1868.44,45
2026-01-14,KXXRP,21037.0,9335.0,348
2026-01-14,KXXRPD,21260.0,10981.03,453
2026-01-14,__TOTAL__,249009738.0,101556278.72,1606468
2026-01-15,KXBTC,1551857.0,436234.28,10919
2026-01-15,KXBTC15M,974115.0,506111.74,43984
2026-01-15,KXBTCD,7017439.0,3413699.23,64123
2026-01-15,KXDOGE,11093.0,5654.69,128
2026-01-15,KXDOGED,6845.0,2565.59,76
2026-01-15,KXETH,507257.0,222065.3,1763
2026-01-15,KXETH15M,105932.0,57293.06,5162
2026-01-15,KXETHD,824813.0,421650.04,6015
2026-01-15,KXEURUSD,822.0,8.22,11
2026-01-15,KXEURUSDH,718.0,355.41,6
2026-01-15,KXINX,23790.0,4859.32,401
2026-01-15,KXINXU,549261.0,294081.3,5347
2026-01-15,KXNASDAQ100,12804.0,5677.26,99
2026-01-15,KXNASDAQ100U,287791.0,137210.92,4126
2026-01-15,KXSHIBA,1211.0,752.69,6
2026-01-15,KXSHIBAD,1382.0,652.3,39
2026-01-15,KXSOL15M,13814.0,7233.41,1003
2026-01-15,KXSOLD,25928.0,13239.98,723
2026-01-15,KXSOLE,24781.0,9870.18,329
2026-01-15,KXTNOTED,5.0,3.1,1
2026-01-15,KXUSDJPY,36748.0,9049.53,34
2026-01-15,KXUSDJPYH,9.0,0.9,1
2026-01-15,KXXRP,17688.0,7917.58,218
2026-01-15,KXXRPD,14314.0,6979.65,263
2026-01-15,__TOTAL__,234245358.0,93074673.45,1445320
2026-01-16,KXBTC,1492499.0,536036.75,10284
2026-01-16,KXBTC15M,1118580.0,525713.48,47735
2026-01-16,KXBTCD,6692791.0,3222848.91,57043
2026-01-16,KXDOGE,3499.0,2101.93,61
2026-01-16,KXDOGED,1932.0,1172.08,29
2026-01-16,KXETH,371006.0,159844.49,1983
2026-01-16,KXETH15M,138592.0,70829.55,5795
2026-01-16,KXETHD,714513.0,363596.31,5664
2026-01-16,KXEURUSD,22.0,10.89,2
2026-01-16,KXEURUSDH,10310.0,5137.44,16
2026-01-16,KXINX,50966.0,20416.46,537
2026-01-16,KXINXU,638807.0,267983.37,5373
2026-01-16,KXNASDAQ100,24859.0,11552.47,154
2026-01-16,KXNASDAQ100U,233779.0,121592.06,3467
2026-01-16,KXSHIBA,1435.0,621.52,9
2026-01-16,KXSHIBAD,1480.0,627.78,19
2026-01-16,KXSOL15M,29308.0,15493.14,1446
2026-01-16,KXSOLD,32903.0,17511.02,544
2026-01-16,KXSOLE,31174.0,13184.86,369
2026-01-16,KXUSDJPY,20550.0,4219.17,39
2026-01-16,KXUSDJPYH,103.0,3.7,4
2026-01-16,KXXRP,21955.0,11812.3,226
2026-01-16,KXXRPD,20901.0,8383.69,202
2026-01-16,__TOTAL__,215440892.0,81596374.62,1275353
2026-01-17,KXBTC,518209.0,242631.31,5882
2026-01-17,KXBTC15M,943995.0,431325.06,50284
2026-01-17,KXBTCD,3096808.0,1505154.15,34372
2026-01-17,KXDOGE,2243.0,1410.92,54
2026-01-17,KXDOGED,1411.0,323.95,41
2026-01-17,KXETH,45038.0,25234.86,497
2026-01-17,KXETH15M,82835.0,37998.98,3833
2026-01-17,KXETHD,231324.0,116344.6,3180
2026-01-17,KXEURUSD,10101.0,5039.44,23
2026-01-17,KXINX,596.0,367.02,21
2026-01-17,KXINXU,5055.0,2401.71,119
2026-01-17,KXNASDAQ100,351.0,57.26,7
2026-01-17,KXNASDAQ100U,7500.0,6955.0,13
2026-01-17,KXSHIBA,843.0,397.81,13
2026-01-17,KXSHIBAD,2519.0,1187.09,45
2026-01-17,KXSOL15M,31259.0,14720.25,1522
2026-01-17,KXSOLD,25404.0,11152.38,281
2026-01-17,KXSOLE,25526.0,14306.8,256
2026-01-17,KXUSDJPY,2369.0,705.95,24
2026-01-17,KXXRP,9842.0,6703.46,124
2026-01-17,KXXRPD,6400.0,2386.71,127
2026-01-17,__TOTAL__,535511995.0,189461131.84,2590134
2026-01-18,KXBTC,810949.0,278346.86,6942
2026-01-18,KXBTC15M,1542888.0,758716.6,58389
2026-01-18,KXBTCD,4439347.0,2077585.3,44718
2026-01-18,KXDOGE,8349.0,3221.2,72
2026-01-18,KXDOGED,7711.0,3016.29,92
2026-01-18,KXETH,73685.0,37566.29,636
2026-01-18,KXETH15M,122985.0,61192.12,5195
2026-01-18,KXETHD,287544.0,136164.09,4017
2026-01-18,KXEURUSD,448.0,158.91,25
2026-01-18,KXEURUSDH,3025.0,775.05,9
2026-01-18,KXINX,1622.0,243.98,45
2026-01-18,KXNASDAQ100,493.0,60.38,9
2026-01-18,KXSHIBA,3553.0,1296.68,44
2026-01-18,KXSHIBAD,2896.0,1461.34,53
2026-01-18,KXSOL15M,19358.0,10436.13,1297
2026-01-18,KXSOLD,41159.0,20275.15,340
2026-01-18,KXSOLE,21890.0,9402.13,241
2026-01-18,KXTNOTED,3.0,1.78,3
2026-01-18,KXUSDJPY,1681.0,404.42,52
2026-01-18,KXUSDJPYH,628.0,310.86,4
2026-01-18,KXXRP,14491.0,5288.01,150
2026-01-18,KXXRPD,15081.0,6623.21,166
2026-01-18,__TOTAL__,421981576.0,147182772.91,2180026
2026-01-19,KXBTC,804670.0,290646.04,7929
2026-01-19,KXBTC15M,1552222.0,702947.86,56755
2026-01-19,KXBTCD,4977826.0,2542411.15,57977
2026-01-19,KXDOGE,3220.0,1722.46,70
2026-01-19,KXDOGED,3393.0,1521.1,60
2026-01-19,KXETH,91338.0,47650.64,1084
2026-01-19,KXETH15M,96505.0,48904.56,4646
2026-01-19,KXETHD,223452.0,96109.62,3783
2026-01-19,KXEURUSD,216.0,80.2,17
2026-01-19,KXEURUSDH,4.0,3.96,2
2026-01-19,KXINX,2119.0,315.48,66
2026-01-19,KXINXU,509.0,319.05,48
2026-01-19,KXNASDAQ100,500.0,67.41,13
2026-01-19,KXNASDAQ100U,868.0,700.51,18
2026-01-19,KXSHIBA,1048.0,595.45,9
2026-01-19,KXSHIBAD,974.0,376.75,24
2026-01-19,KXSOL15M,27822.0,15193.27,1895
2026-01-19,KXSOLD,24586.0,13044.36,544
2026-01-19,KXSOLE,33360.0,15918.15,470
2026-01-19,KXTNOTED,90.0,25.58,5
2026-01-19,KXUSDJPY,1156.0,103.18,21
2026-01-19,KXUSDJPYH,902.0,448.02,6
2026-01-19,KXXRP,29352.0,15179.58,322
2026-01-19,KXXRPD,16516.0,6639.81,272
2026-01-19,__TOTAL__,308184033.0,125887148.71,1801701
2026-01-20,KXBTC,1800928.0,428298.62,12260
2026-01-20,KXBTC15M,1643991.0,762213.65,53382
2026-01-20,KXBTCD,9548874.0,4684116.8,75915
2026-01-20,KXDOGE,8406.0,3523.85,176
2026-01-20,KXDOGED,6012.0,2840.46,147
2026-01-20,KXETH,418456.0,155684.06,2285
2026-01-20,KXETH15M,105080.0,46887.89,4794
2026-01-20,KXETHD,786840.0,395343.1,6157
2026-01-20,KXEURUSD,336.0,151.64,13
2026-01-20,KXEURUSDH,10.0,5.45,2
2026-01-20,KXINX,17875.0,2938.02,405
2026-01-20,KXINXU,1075989.0,462584.28,4569
2026-01-20,KXNASDAQ100,10016.0,2017.0,180
2026-01-20,KXNASDAQ100U,190073.0,83380.39,1511
2026-01-20,KXSHIBA,1274.0,618.94,10
2026-01-20,KXSHIBAD,1800.0,719.6,32
2026-01-20,KXSOL15M,27398.0,12987.1,1846
2026-01-20,KXSOLD,41574.0,21843.23,919
2026-01-20,KXSOLE,39403.0,15783.15,781
2026-01-20,KXTNOTED,208.0,9.68,3
2026-01-20,KXUSDJPY,2121.0,1227.98,38
2026-01-20,KXUSDJPYH,9780.0,2493.9,12
2026-01-20,KXXRP,33969.0,17687.33,406
2026-01-20,KXXRPD,20402.0,11738.06,289
2026-01-20,__TOTAL__,238047888.0,96471803.19,1509016
2026-01-21,KXBTC,1651532.0,404359.0,11532
2026-01-21,KXBTC15M,1810283.0,938764.53,58780
2026-01-21,KXBTCD,10551737.0,5141789.57,87544
2026-01-21,KXDOGE,6579.0,2691.5,189
2026-01-21,KXDOGED,4728.0,2517.89,82
2026-01-21,KXETH,531727.0,193695.87,2482
2026-01-21,KXETH15M,145679.0,77446.77,6224
2026-01-21,KXETHD,1215114.0,577880.21,7099
2026-01-21,KXEURUSD,427.0,171.15,13
2026-01-21,KXEURUSDH,15060.0,3840.3,16
2026-01-21,KXINX,58049.0,11976.88,764
2026-01-21,KXINXU,654367.0,272101.21,4102
2026-01-21,KXNASDAQ100,21343.0,5253.88,269
2026-01-21,KXNASDAQ100U,357571.0,186990.7,2494
2026-01-21,KXSHIBA,1806.0,957.49,21
2026-01-21,KXSHIBAD,1432.0,602.3,26
2026-01-21,KXSOL15M,45316.0,23059.15,1910
2026-01-21,KXSOLD,37993.0,18644.5,616
2026-01-21,KXSOLE,26427.0,10442.24,432
2026-01-21,KXTNOTED,350.0,89.25,8
2026-01-21,KXUSDJPY,154.0,41.98,11
2026-01-21,KXUSDJPYH,1190.0,597.45,6
2026-01-21,KXXRP,19103.0,10734.19,328
2026-01-21,KXXRPD,16076.0,8313.83,277
2026-01-21,__TOTAL__,247538936.0,98307912.3,1570914
2026-01-22,KXBTC,1455601.0,432704.5,10147
2026-01-22,KXBTC15M,2006096.0,1026746.0,62974
2026-01-22,KXBTCD,8850913.0,4211481.05,69747
2026-01-22,KXDOGE,13383.0,7374.57,103
2026-01-22,KXDOGED,5247.0,1751.96,70
2026-01-22,KXETH,362934.0,136423.72,1332
2026-01-22,KXETH15M,201722.0,117869.85,6611
2026-01-22,KXETHD,826973.0,377219.14,4925
2026-01-22,KXEURUSD,24.0,8.25,2
2026-01-22,KXINX,28559.0,5515.03,569
2026-01-22,KXINXU,866816.0,404790.27,4384
2026-01-22,KXNASDAQ100,20733.0,5862.76,271
2026-01-22,KXNASDAQ100U,207272.0,111428.8,1320
2026-01-22,KXSHIBA,1224.0,872.33,19
2026-01-22,KXSHIBAD,1154.0,894.42,18
2026-01-22,KXSOL15M,42431.0,20214.96,2028
2026-01-22,KXSOLD,15431.0,8604.36,306
2026-01-22,KXSOLE,14145.0,7459.75,197
2026-01-22,KXTNOTED,6312.0,1609.56,10
2026-01-22,KXUSDJPY,4296.0,1072.9,19
2026-01-22,KXUSDJPYH,20554.0,5241.45,41
2026-01-22,KXXRP,31978.0,20143.03,189
2026-01-22,KXXRPD,8450.0,4664.39,137
2026-01-22,__TOTAL__,257665730.0,103000048.6,1549995
2026-01-23,KXBTC,1626233.0,484876.87,11589
2026-01-23,KXBTC15M,1897426.0,938616.11,67656
2026-01-23,KXBTCD,8776990.0,4179793.0,77268
2026-01-23,KXDOGE,12378.0,6460.25,104
2026-01-23,KXDOGED,6454.0,2789.51,86
2026-01-23,KXETH,493766.0,208542.01,1652
2026-01-23,KXETH15M,194104.0,104566.87,9649
2026-01-23,KXETHD,754912.0,385887.26,5058
2026-01-23,KXEURUSD,1.0,0.51,1
2026-01-23,KXEURUSDH,3.0,2.25,1
2026-01-23,KXINX,129380.0,46850.3,593
2026-01-23,KXINXU,974004.0,436196.36,3908
2026-01-23,KXNASDAQ100,13614.0,2734.28,149
2026-01-23,KXNASDAQ100U,493643.0,213412.42,1305
2026-01-23,KXSHIBA,1399.0,655.21,13
2026-01-23,KXSHIBAD,558.0,115.72,10
2026-01-23,KXSOL15M,63370.0,28845.82,2534
2026-01-23,KXSOLD,51500.0,25269.24,565
2026-01-23,KXSOLE,19011.0,9162.46,219
2026-01-23,KXUSDJPY,13701.0,3519.94,23
2026-01-23,KXUSDJPYH,6665.0,1707.75,11
2026-01-23,KXXRP,23865.0,14234.89,213
2026-01-23,KXXRPD,12068.0,6870.46,160
2026-01-23,__TOTAL__,267109236.0,106633512.66,1606941
2026-01-24,KXBTC,418452.0,174602.04,5649
2026-01-24,KXBTC15M,1625584.0,764365.67,64328
2026-01-24,KXBTCD,3401390.0,1477699.54,43029
2026-01-24,KXDOGE,8025.0,5743.11,104
2026-01-24,KXDOGED,438.0,87.04,17
2026-01-24,KXETH,68029.0,38374.27,810
2026-01-24,KXETH15M,352783.0,163650.11,12450
2026-01-24,KXETHD,168842.0,50760.59,2428
2026-01-24,KXEURUSD,3180.0,810.9,8
2026-01-24,KXINX,93.0,26.35,5
2026-01-24,KXINXU,257.0,193.45,13
2026-01-24,KXNASDAQ100,92.0,18.3,4
2026-01-24,KXNASDAQ100U,124.0,92.72,8
2026-01-24,KXSHIBA,42.0,6.49,3
2026-01-24,KXSHIBAD,589.0,321.81,15
2026-01-24,KXSOL15M,89824.0,40662.63,2211
2026-01-24,KXSOLD,12973.0,6677.87,251
2026-01-24,KXSOLE,25069.0,13229.0,289
2026-01-24,KXTNOTED,172.0,9.32,3
2026-01-24,KXUSDJPY,13.0,6.45,4
2026-01-24,KXXRP,21385.0,14338.27,163
2026-01-24,KXXRPD,11497.0,3809.3,140
2026-01-24,__TOTAL__,396308504.0,159106426.96,2515028
2026-01-25,KXBTC,487319.0,166883.18,6628
2026-01-25,KXBTC15M,1858173.0,857422.92,70678
2026-01-25,KXBTCD,4932537.0,2418574.23,67643
2026-01-25,KXDOGE,8364.0,5016.21,176
2026-01-25,KXDOGED,2396.0,998.78,34
2026-01-25,KXETH,69518.0,32435.31,1126
2026-01-25,KXETH15M,507308.0,246569.18,17762
2026-01-25,KXETHD,184113.0,78351.98,3351
2026-01-25,KXEURUSD,3954.0,757.4,47
2026-01-25,KXEURUSDH,660.0,326.7,4
2026-01-25,KXINX,2380.0,710.55,81
2026-01-25,KXINXU,5935.0,2554.96,111
2026-01-25,KXNASDAQ100,2338.0,82.23,30
2026-01-25,KXNASDAQ100U,654.0,373.36,15
2026-01-25,KXSHIBA,404.0,161.44,3
2026-01-25,KXSHIBAD,391.0,160.33,12
2026-01-25,KXSOL15M,103934.0,51767.9,4873
2026-01-25,KXSOLD,33139.0,14603.38,385
2026-01-25,KXSOLE,27361.0,11662.98,388
2026-01-25,KXTNOTED,3549.0,126.55,27
2026-01-25,KXUSDJPY,1629.0,137.05,15
2026-01-25,KXXRP,14608.0,7277.12,220
2026-01-25,KXXRPD,11975.0,4956.77,163
2026-01-25,__TOTAL__,543062476.0,196676223.58,2809544
2026-01-26,KXBTC,1433338.0,416996.51,9961
2026-01-26,KXBTC15M,2431004.0,1240778.63,75370
2026-01-26,KXBTCD,9181228.0,4455051.35,79262
2026-01-26,KXDOGE,10824.0,5999.97,64
2026-01-26,KXDOGED,2087.0,979.92,31
2026-01-26,KXETH,238942.0,96007.59,2322
2026-01-26,KXETH15M,400875.0,213372.3,14855
2026-01-26,KXETHD,557473.0,266637.78,6186
2026-01-26,KXEURUSD,11425.0,2782.75,54
2026-01-26,KXEURUSDH,117.0,7.5,2
2026-01-26,KXINX,137546.0,46054.33,634
2026-01-26,KXINXU,576770.0,332464.78,2971
2026-01-26,KXNASDAQ100,125275.0,46535.06,222
2026-01-26,KXNASDAQ100U,224913.0,108865.07,1205
2026-01-26,KXSHIBA,2070.0,1213.72,15
2026-01-26,KXSHIBAD,1865.0,1074.11,34
2026-01-26,KXSOL15M,126256.0,61303.32,5556
2026-01-26,KXSOLD,34804.0,17563.99,428
2026-01-26,KXSOLE,13909.0,5990.33,194
2026-01-26,KXTNOTED,2643.0,242.92,43
2026-01-26,KXUSDJPY,733.0,49.44,10
2026-01-26,KXUSDJPYH,9231.0,2346.93,5
2026-01-26,KXXRP,18308.0,9357.22,240
2026-01-26,KXXRPD,13370.0,6375.05,136
2026-01-26,__TOTAL__,254177103.0,104465582.34,1583917
2026-01-27,KXBTC,2053824.0,619846.59,12740
2026-01-27,KXBTC15M,2794878.0,1321828.81,73665
2026-01-27,KXBTCD,10766431.0,5379771.8,88377
2026-01-27,KXDOGE,5609.0,3013.17,67
2026-01-27,KXDOGED,5367.0,2997.42,80
2026-01-27,KXETH,444734.0,168058.27,2515
2026-01-27,KXETH15M,389810.0,192915.79,13879
2026-01-27,KXETHD,826648.0,415999.66,7156
2026-01-27,KXEURUSD,1183.0,123.38,26
2026-01-27,KXEURUSDH,7103.0,3211.04,24
2026-01-27,KXINX,155430.0,85106.55,716
2026-01-27,KXINXU,657460.0,353161.08,3580
2026-01-27,KXNASDAQ100,11553.0,3873.19,117
2026-01-27,KXNASDAQ100U,351954.0,189631.13,1321
2026-01-27,KXSHIBA,461.0,49.72,4
2026-01-27,KXSHIBAD,1470.0,202.0,20
2026-01-27,KXSOL15M,175964.0,81263.82,9066
2026-01-27,KXSOLD,52040.0,27608.67,622
2026-01-27,KXSOLE,11662.0,4267.27,197
2026-01-27,KXTNOTED,4727.0,1032.25,70
2026-01-27,KXUSDJPY,1350.0,46.99,11
2026-01-27,KXUSDJPYH,43681.0,11093.33,31
2026-01-27,KXXRP,37493.0,22504.72,226
2026-01-27,KXXRPD,14942.0,6913.39,280
2026-01-27,__TOTAL__,298444787.0,123480033.26,1931218
2026-01-28,KXBTC,1104866.0,318251.97,12509
2026-01-28,KXBTC15M,2722988.0,1236017.21,77965
2026-01-28,KXBTCD,9591112.0,4680459.56,95914
2026-01-28,KXDOGE,13322.0,6480.78,111
2026-01-28,KXDOGED,4812.0,2451.12,64
2026-01-28,KXETH,217870.0,86612.92,2169
2026-01-28,KXETH15M,435417.0,195833.99,14056
2026-01-28,KXETHD,520390.0,231174.25,5629
2026-01-28,KXEURUSD,365.0,28.96,10
2026-01-28,KXEURUSDH,158.0,6.32,3
2026-01-28,KXINX,28990.0,8827.57,466
2026-01-28,KXINXU,582004.0,259745.04,3986
2026-01-28,KXNASDAQ100,42450.0,20359.36,206
2026-01-28,KXNASDAQ100U,292956.0,142537.06,1131
2026-01-28,KXSHIBA,2562.0,1253.39,32
2026-01-28,KXSHIBAD,21.0,4.58,5
2026-01-28,KXSOL15M,173464.0,75636.55,9043
2026-01-28,KXSOLD,31206.0,16854.2,468
2026-01-28,KXSOLE,8539.0,3816.49,155
2026-01-28,KXTNOTED,6013.0,184.66,26
2026-01-28,KXUSDJPY,1451.0,155.19,12
2026-01-28,KXUSDJPYH,40457.0,9457.49,37
2026-01-28,KXXRP,21177.0,11705.4,158
2026-01-28,KXXRPD,10081.0,3389.02,81
2026-01-28,__TOTAL__,311016519.0,120987344.27,2064297
2026-01-29,KXBTC,1379769.0,376621.15,11457
2026-01-29,KXBTC15M,2947613.0,1435253.23,74118
2026-01-29,KXBTCD,10886447.0,5101352.32,93156
2026-01-29,KXDOGE,9722.0,4760.04,90
2026-01-29,KXDOGED,9067.0,4156.49,96
2026-01-29,KXETH,354265.0,126412.46,2381
2026-01-29,KXETH15M,522327.0,255984.6,16488
2026-01-29,KXETHD,937072.0,461030.01,6921
2026-01-29,KXEURUSD,331.0,64.41,15
2026-01-29,KXEURUSDH,709.0,25.56,8
2026-01-29,KXINX,35243.0,8240.78,554
2026-01-29,KXINXU,882918.0,470351.75,3639
2026-01-29,KXNASDAQ100,37091.0,9792.51,219
2026-01-29,KXNASDAQ100U,319238.0,176455.87,1269
2026-01-29,KXSHIBA,1129.0,875.4,19
2026-01-29,KXSHIBAD,324.0,90.36,16
2026-01-29,KXSOL15M,229456.0,123151.62,10416
2026-01-29,KXSOLD,57182.0,25169.37,683
2026-01-29,KXSOLE,18422.0,6165.85,205
2026-01-29,KXTNOTED,4017.0,490.32,60
2026-01-29,KXUSDJPY,656.0,45.76,15
2026-01-29,KXUSDJPYH,4189.0,678.42,22
2026-01-29,KXXRP,37246.0,22191.34,237
2026-01-29,KXXRPD,31651.0,12525.99,267
2026-01-29,__TOTAL__,293343945.0,113605938.59,1780215
2026-01-30,KXBTC,2207700.0,591808.16,14354
2026-01-30,KXBTC15M,2875864.0,1377021.56,81185
2026-01-30,KXBTCD,12415716.0,6131616.1,100608
2026-01-30,KXDOGE,27064.0,13683.65,157
2026-01-30,KXDOGED,13783.0,6371.59,94
2026-01-30,KXETH,653597.0,218495.8,3558
2026-01-30,KXETH15M,472395.0,203461.91,17378
2026-01-30,KXETHD,1762946.0,830506.16,9724
2026-01-30,KXEURUSD,837.0,478.26,9
2026-01-30,KXEURUSDH,1218.0,15.01,4
2026-01-30,KXINX,68554.0,15291.0,583
2026-01-30,KXINXU,838144.0,363100.94,4252
2026-01-30,KXNASDAQ100,17124.0,3645.52,160
2026-01-30,KXNASDAQ100U,228023.0,111913.12,1294
2026-01-30,KXSHIBA,1790.0,1239.46,19
2026-01-30,KXSHIBAD,3363.0,1170.75,41
2026-01-30,KXSOL15M,211655.0,98271.53,9738
2026-01-30,KXSOLD,64523.0,30827.17,785
2026-01-30,KXSOLE,46183.0,20437.06,449
2026-01-30,KXTNOTED,6934.0,991.9,32
2026-01-30,KXUSDJPY,135.0,16.67,5
2026-01-30,KXUSDJPYH,1.0,0.07,1
2026-01-30,KXXRP,36477.0,18425.34,201
2026-01-30,KXXRPD,29532.0,12496.87,249
2026-01-30,__TOTAL__,323594320.0,140696705.74,1748872
2026-01-31,KXBTC,1285195.0,350673.74,14751
2026-01-31,KXBTC15M,3194221.0,1436203.67,79979
2026-01-31,KXBTCD,9862209.0,4629904.15,99930
2026-01-31,KXDOGE,6091.0,3129.64,72
2026-01-31,KXDOGED,6319.0,4128.62,67
2026-01-31,KXETH,172745.0,62775.81,2531
2026-01-31,KXETH15M,761268.0,380411.4,21176
2026-01-31,KXETHD,630224.0,263774.03,5717
2026-01-31,KXEURUSD,460.0,71.18,23
2026-01-31,KXINX,2434.0,285.98,34
2026-01-31,KXINXU,1778.0,844.97,66
2026-01-31,KXNASDAQ100,239.0,61.2,6
2026-01-31,KXNASDAQ100U,107.0,27.4,2
2026-01-31,KXSHIBA,3187.0,1448.97,26
2026-01-31,KXSHIBAD,2046.0,892.55,31
2026-01-31,KXSOL15M,215300.0,97328.9,10083
2026-01-31,KXSOLD,56110.0,26533.78,609
2026-01-31,KXSOLE,18102.0,8334.18,207
2026-01-31,KXTNOTED,9227.0,1238.93,76
2026-01-31,KXUSDJPY,257.0,115.04,4
2026-01-31,KXXRP,21011.0,8989.41,221
2026-01-31,KXXRPD,18729.0,7597.13,227
2026-01-31,__TOTAL__,398682989.0,175006383.16,2767699
2026-02-01,KXBTC,966177.0,235421.94,14337
2026-02-01,KXBTC15M,2352370.0,969896.25,66133
2026-02-01,KXBTCD,9895706.0,4880542.09,109772
2026-02-01,KXDOGE,10397.0,3517.36,293
2026-02-01,KXDOGED,8435.0,3158.21,143
2026-02-01,KXETH,160999.0,59860.56,3307
2026-02-01,KXETH15M,530265.0,209547.83,16814
2026-02-01,KXETHD,624582.0,305808.96,6139
2026-02-01,KXEURUSD,599.0,90.6,19
2026-02-01,KXINX,2781.0,487.38,120
2026-02-01,KXINXU,8064.0,3212.35,182
2026-02-01,KXNASDAQ100,714.0,113.87,16
2026-02-01,KXNASDAQ100U,2533.0,1785.81,42
2026-02-01,KXSHIBA,335.0,143.17,8
2026-02-01,KXSHIBAD,1587.0,798.03,16
2026-02-01,KXSOL15M,195298.0,76969.24,8535
2026-02-01,KXSOLD,74509.0,34945.57,921
2026-02-01,KXSOLE,21466.0,9433.56,231
2026-02-01,KXTNOTED,3759.0,408.11,98
2026-02-01,KXUSDJPY,631.0,90.18,15
2026-02-01,KXXRP,9330.0,4193.13,146
2026-02-01,KXXRPD,20904.0,10407.32,605
2026-02-01,__TOTAL__,315841786.0,129806690.35,2055682
2026-02-02,KXBTC,1652071.0,476245.27,13984
2026-02-02,KXBTC15M,2929606.0,1442005.22,77137
2026-02-02,KXBTCD,11113313.0,5495005.22,106220
2026-02-02,KXDOGE,3701.0,1333.82,72
2026-02-02,KXDOGED,5698.0,2597.48,77
2026-02-02,KXETH,521836.0,176792.36,4325
2026-02-02,KXETH15M,1155731.0,580715.26,26409
2026-02-02,KXETHD,1068105.0,510621.9,8361
2026-02-02,KXEURUSD,576.0,53.61,31
2026-02-02,KXINX,32615.0,7527.04,574
2026-02-02,KXINXU,495226.0,270823.22,3711
2026-02-02,KXNASDAQ100,24701.0,4736.49,218
2026-02-02,KXNASDAQ100U,140018.0,78323.69,972
2026-02-02,KXSHIBA,1413.0,659.56,21
2026-02-02,KXSHIBAD,643.0,334.93,9
2026-02-02,KXSOL15M,287678.0,144037.3,11918
2026-02-02,KXSOLD,50699.0,22481.7,1021
2026-02-02,KXSOLE,19097.0,7228.6,257
2026-02-02,KXTNOTED,12833.0,1970.35,99
2026-02-02,KXUSDJPY,1739.0,220.01,20
2026-02-02,KXXRP,9407.0,3488.85,142
2026-02-02,KXXRPD,17297.0,7539.11,239
2026-02-02,__TOTAL__,240723068.0,99340333.3,1631106
2026-02-03,KXBTC,1407943.0,310540.64,15459
2026-02-03,KXBTC15M,3292544.0,1459308.5,77134
2026-02-03,KXBTCD,12565058.0,6066482.42,113159
2026-02-03,KXDOGE,5068.0,2462.32,94
2026-02-03,KXDOGED,4136.0,1465.97,70
2026-02-03,KXETH,606545.0,172845.69,4700
2026-02-03,KXETH15M,729869.0,326860.85,22985
2026-02-03,KXETHD,1453707.0,684898.65,10791
2026-02-03,KXEURUSD,657.0,99.46,15
2026-02-03,KXINX,32322.0,8123.5,538
2026-02-03,KXINXU,831325.0,318122.16,4217
2026-02-03,KXNASDAQ100,57893.0,12633.96,248
2026-02-03,KXNASDAQ100U,229098.0,106513.87,1278
2026-02-03,KXSHIBA,1954.0,974.21,28
2026-02-03,KXSHIBAD,835.0,331.21,11
2026-02-03,KXSOL15M,319789.0,140597.69,12941
2026-02-03,KXSOLD,54574.0,28362.25,1114
2026-02-03,KXSOLE,20001.0,8096.9,318
2026-02-03,KXTNOTED,6078.0,911.0,110
2026-02-03,KXUSDJPY,2003.0,103.13,19
2026-02-03,KXXRP,15928.0,7026.56,233
2026-02-03,KXXRPD,20110.0,8774.98,324
2026-02-03,__TOTAL__,280114384.0,107571279.34,1812938
2026-02-04,KXBTC,1677042.0,370465.53,14557
2026-02-04,KXBTC15M,3469259.0,1568755.1,85267
2026-02-04,KXBTCD,13655915.0,6662087.01,119334
2026-02-04,KXDOGE,7867.0,3074.06,136
2026-02-04,KXDOGED,4479.0,2180.68,179
2026-02-04,KXETH,428251.0,130199.79,4085
2026-02-04,KXETH15M,690435.0,295812.72,22282
2026-02-04,KXETHD,1328224.0,630841.44,11101
2026-02-04,KXEURUSD,1405.0,45.35,16
2026-02-04,KXINX,29821.0,7151.67,498
2026-02-04,KXINXU,840585.0,379666.46,4677
2026-02-04,KXNASDAQ100,12820.0,1538.88,160
2026-02-04,KXNASDAQ100U,255452.0,128005.05,1243
2026-02-04,KXSHIBA,1664.0,666.28,18
2026-02-04,KXSHIBAD,1009.0,618.85,15
2026-02-04,KXSOL15M,406024.0,185226.07,14872
2026-02-04,KXSOLD,51658.0,23193.62,1123
2026-02-04,KXSOLE,22728.0,7955.16,304
2026-02-04,KXTNOTED,14110.0,2026.97,158
2026-02-04,KXUSDJPY,1885.0,128.67,40
2026-02-04,KXXRP,13642.0,5462.13,172
2026-02-04,KXXRPD,20602.0,9823.21,366
2026-02-04,__TOTAL__,312444210.0,125798807.18,2008412
2026-02-05,KXBTC,0.0,187198.7,7039
2026-02-05,KXBTC15M,0.0,1962936.59,98507
2026-02-05,KXBTCD,0.0,5926075.87,122066
2026-02-05,KXDOGE,0.0,5556.05,149
2026-02-05,KXDOGED,0.0,4581.88,108
2026-02-05,KXETH,0.0,109203.33,5303
2026-02-05,KXETH15M,0.0,351343.28,23495
2026-02-05,KXETHD,0.0,781088.71,14334
2026-02-05,KXEURUSD,0.0,32.47,10
2026-02-05,KXINX,0.0,7603.28,989
2026-02-05,KXINXU,0.0,309239.94,5335
2026-02-05,KXNASDAQ100,0.0,1926.86,126
2026-02-05,KXNASDAQ100U,0.0,273333.47,1311
2026-02-05,KXSHIBA,0.0,2450.04,53
2026-02-05,KXSHIBAD,0.0,2445.74,47
2026-02-05,KXSOL15M,0.0,202377.13,14876
2026-02-05,KXSOLD,0.0,33702.76,1263
2026-02-05,KXSOLE,0.0,6707.3,262
2026-02-05,KXTNOTED,0.0,2750.88,72
2026-02-05,KXUSDJPY,0.0,208.8,21
2026-02-05,KXXRP,0.0,5193.32,176
2026-02-05,KXXRPD,0.0,16376.54,454
2026-02-05,__TOTAL__,0.0,118889616.58,2081179
2026-02-06,KXBTC,1914610.0,400846.48,18145
2026-02-06,KXBTC15M,5897036.0,3132816.48,117810
2026-02-06,KXBTCD,18276449.0,8890110.08,168945
2026-02-06,KXDOGE,3304.0,1324.22,52
2026-02-06,KXDOGED,7139.0,3115.01,113
2026-02-06,KXETH,463328.0,151596.27,5321
2026-02-06,KXETH15M,820404.0,436808.23,26379
2026-02-06,KXETHD,1224000.0,586064.29,12940
2026-02-06,KXEURUSD,2076.0,83.88,11
2026-02-06,KXINX,65546.0,16357.83,1128
2026-02-06,KXINXU,458837.0,216129.21,4145
2026-02-06,KXNASDAQ100,14692.0,2837.81,250
2026-02-06,KXNASDAQ100U,328517.0,165328.06,1271
2026-02-06,KXSHIBA,1951.0,638.92,23
2026-02-06,KXSHIBAD,2017.0,1122.05,25
2026-02-06,KXSOL15M,444698.0,241208.38,17146
2026-02-06,KXSOLD,48609.0,21384.14,1017
2026-02-06,KXSOLE,10003.0,3685.07,202
2026-02-06,KXTNOTED,3646.0,570.81,28
2026-02-06,KXUSDJPY,404.0,27.54,10
2026-02-06,KXXRP,23375.0,6946.31,279
2026-02-06,KXXRPD,27813.0,10814.89,394
2026-02-06,__TOTAL__,307117032.0,117762733.42,2010647
2026-02-07,KXBTC,1017026.0,288547.64,14041
2026-02-07,KXBTC15M,6639864.0,3330050.39,117065
2026-02-07,KXBTCD,9811521.0,4707257.96,115350
2026-02-07,KXDOGE,859.0,410.2,42
2026-02-07,KXDOGED,2528.0,899.17,102
2026-02-07,KXETH,231607.0,88497.54,3785
2026-02-07,KXETH15M,911833.0,442927.36,29253
2026-02-07,KXETHD,604121.0,271205.81,9045
2026-02-07,KXEURUSD,63.0,8.37,6
2026-02-07,KXINX,3597.0,451.56,61
2026-02-07,KXINXU,353.0,247.68,31
2026-02-07,KXNASDAQ100,952.0,167.88,24
2026-02-07,KXNASDAQ100U,43.0,16.3,9
2026-02-07,KXSHIBA,1145.0,719.0,18
2026-02-07,KXSHIBAD,332.0,113.8,6
2026-02-07,KXSOL15M,448451.0,222895.63,17346
2026-02-07,KXSOLD,19681.0,9489.96,556
2026-02-07,KXSOLE,20161.0,7724.34,232
2026-02-07,KXTNOTED,2652.0,439.22,76
2026-02-07,KXUSDJPY,49.0,26.9,2
2026-02-07,KXXRP,7544.0,3062.78,158
2026-02-07,KXXRPD,13793.0,5344.43,253
2026-02-07,__TOTAL__,476842602.0,183328531.81,3190651
2026-02-08,KXBTC,1350427.0,326361.91,14626
2026-02-08,KXBTC15M,5231114.0,2742576.07,95399
2026-02-08,KXBTCD,10215387.0,4896577.62,118754
2026-02-08,KXDOGE,1087.0,440.84,43
2026-02-08,KXDOGED,3853.0,2041.77,73
2026-02-08,KXETH,249442.0,102065.06,2847
2026-02-08,KXETH15M,866553.0,469041.27,29248
2026-02-08,KXETHD,503596.0,223304.78,8252
2026-02-08,KXEURUSD,3617.0,125.52,29
2026-02-08,KXINX,14381.0,2704.12,284
2026-02-08,KXINXU,3349.0,2235.51,81
2026-02-08,KXNASDAQ100,786.0,126.95,25
2026-02-08,KXNASDAQ100U,413.0,266.0,21
2026-02-08,KXSHIBA,49.0,14.44,3
2026-02-08,KXSHIBAD,370.0,88.64,12
2026-02-08,KXSOL15M,417544.0,228698.87,15607
2026-02-08,KXSOLD,23271.0,11173.44,484
2026-02-08,KXSOLE,27603.0,8472.05,379
2026-02-08,KXTNOTED,10880.0,1130.47,117
2026-02-08,KXUSDJPY,144.0,33.78,11
2026-02-08,KXXRP,5629.0,1966.93,122
2026-02-08,KXXRPD,16446.0,6473.62,296
2026-02-08,__TOTAL__,871469221.0,261521315.54,5139407
2026-02-09,KXBTC,2066480.0,508338.8,21451
2026-02-09,KXBTC15M,6307414.0,2837834.2,123707
2026-02-09,KXBTCD,13476387.0,6614056.26,145883
2026-02-09,KXDOGE,8761.0,3522.65,132
2026-02-09,KXDOGED,9298.0,3351.61,128
2026-02-09,KXETH,524889.0,199901.34,5036
2026-02-09,KXETH15M,937826.0,472808.57,30577
2026-02-09,KXETHD,1153577.0,577657.33,11204
2026-02-09,KXEURUSD,4783.0,271.0,36
2026-02-09,KXINX,68514.0,18068.76,1152
2026-02-09,KXINXU,748068.0,371444.01,5698
2026-02-09,KXNASDAQ100,19297.0,4233.8,249
2026-02-09,KXNASDAQ100U,130759.0,51402.93,1125
2026-02-09,KXSHIBA,244.0,172.48,10
2026-02-09,KXSHIBAD,582.0,239.25,16
2026-02-09,KXSOL15M,485151.0,232955.68,16781
2026-02-09,KXSOLD,55207.0,28952.6,1262
2026-02-09,KXSOLE,36648.0,14963.62,519
2026-02-09,KXTNOTED,15274.0,3845.36,206
2026-02-09,KXUSDJPY,415.0,210.14,24
2026-02-09,KXXRP,12038.0,3843.08,176
2026-02-09,KXXRPD,24880.0,9909.66,488
2026-02-09,__TOTAL__,320486553.0,124697536.73,2310145
2026-02-10,KXBTC,1804464.0,500385.19,19207
2026-02-10,KXBTC15M,7503835.0,3535960.71,146106
2026-02-10,KXBTCD,13367169.0,6404236.98,144087
2026-02-10,KXDOGE,7046.0,3363.54,81
2026-02-10,KXDOGED,4395.0,969.81,52
2026-02-10,KXETH,572132.0,235052.68,5840
2026-02-10,KXETH15M,1327149.0,583371.56,33993
2026-02-10,KXETHD,1153907.0,561608.15,13023
2026-02-10,KXEURUSD,362.0,55.56,10
2026-02-10,KXINX,76426.0,33200.8,901
2026-02-10,KXINXU,934994.0,426647.76,6263
2026-02-10,KXNASDAQ100,5123.0,892.96,116
2026-02-10,KXNASDAQ100U,180416.0,81177.76,1345
2026-02-10,KXSHIBA,406.0,229.76,20
2026-02-10,KXSHIBAD,1129.0,533.99,31
2026-02-10,KXSOL15M,659304.0,289570.66,19148
2026-02-10,KXSOLD,44080.0,19292.83,1130
2026-02-10,KXSOLE,32157.0,12849.68,425
2026-02-10,KXTNOTED,6680.0,1439.07,96
2026-02-10,KXUSDJPY,454.0,123.4,17
2026-02-10,KXXRP,14022.0,6646.85,240
2026-02-10,KXXRPD,25644.0,9751.94,394
2026-02-10,__TOTAL__,345187028.0,139601071.37,2493595
2026-02-11,KXBTC,1710065.0,431592.54,17853
2026-02-11,KXBTC15M,7079955.0,3513927.92,133160
2026-02-11,KXBTCD,14702810.0,7142103.89,158798
2026-02-11,KXDOGE,21332.0,10511.19,236
2026-02-11,KXDOGED,11526.0,5094.8,155
2026-02-11,KXETH,522401.0,198300.31,7159
2026-02-11,KXETH15M,1131659.0,584235.19,34797
2026-02-11,KXETHD,1015636.0,458475.29,15764
2026-02-11,KXEURUSD,315176.0,79872.76,376
2026-02-11,KXINX,87366.0,24362.81,818
2026-02-11,KXINXU,731132.0,346618.9,6530
2026-02-11,KXNASDAQ100,11378.0,1288.62,106
2026-02-11,KXNASDAQ100U,163519.0,81445.6,1447
2026-02-11,KXSHIBA,1835.0,764.34,42
2026-02-11,KXSHIBAD,1707.0,564.55,39
2026-02-11,KXSOL15M,544218.0,266789.5,19144
2026-02-11,KXSOLD,46475.0,23944.71,1119
2026-02-11,KXSOLE,17874.0,6517.83,292
2026-02-11,KXTNOTED,6419.0,674.23,79
2026-02-11,KXUSDJPY,2644.0,651.8,31
2026-02-11,KXXRP,43058.0,5147.64,221
2026-02-11,KXXRP15M,283215.0,149499.02,7347
2026-02-11,KXXRPD,13749.0,7084.47,241
2026-02-11,__TOTAL__,370295955.0,150439740.82,2632814
2026-02-12,KXBTC,1316265.0,350814.03,17625
2026-02-12,KXBTC15M,8134668.0,3954018.68,131369
2026-02-12,KXBTCD,13828593.0,6742987.3,146709
2026-02-12,KXDOGE,6342.0,2521.19,163
2026-02-12,KXDOGED,2975.0,896.1,72
2026-02-12,KXETH,415315.0,164008.12,6173
2026-02-12,KXETH15M,1024720.0,509254.59,31862
2026-02-12,KXETHD,721698.0,347496.41,11285
2026-02-12,KXEURUSD,1339.0,71.93,27
2026-02-12,KXINX,76455.0,9731.69,986
2026-02-12,KXINXU,788118.0,420964.06,5479
2026-02-12,KXNASDAQ100,21329.0,3713.02,152
2026-02-12,KXNASDAQ100U,213063.0,103451.59,1197
2026-02-12,KXSHIBA,1576.0,850.99,84
2026-02-12,KXSHIBAD,1528.0,483.96,41
2026-02-12,KXSOL15M,609182.0,308629.36,22288
2026-02-12,KXSOLD,68733.0,31403.96,1442
2026-02-12,KXSOLE,14826.0,6010.66,349
2026-02-12,KXTNOTED,4262.0,873.63,50
2026-02-12,KXUSDJPY,2941.0,165.53,27
2026-02-12,KXXRP,10798.0,3961.42,239
2026-02-12,KXXRP15M,224489.0,110523.36,9527
2026-02-12,KXXRPD,10178.0,4118.68,295
2026-02-12,__TOTAL__,320459929.0,136036663.97,2351111
2026-02-13,KXBTC,1946532.0,613797.78,23311
2026-02-13,KXBTC15M,10686461.0,5503837.16,183038
2026-02-13,KXBTCD,15512170.0,7624473.73,157445
2026-02-13,KXDOGE,9454.0,3272.08,125
2026-02-13,KXDOGED,8952.0,4787.99,122
2026-02-13,KXETH,465213.0,195780.52,7029
2026-02-13,KXETH15M,1109985.0,556009.67,40028
2026-02-13,KXETHD,806854.0,379395.73,11360
2026-02-13,KXEURUSD,113.0,47.4,15
2026-02-13,KXINX,80130.0,19638.6,1527
2026-02-13,KXINXU,861942.0,365076.34,5666
2026-02-13,KXNASDAQ100,33506.0,5499.48,259
2026-02-13,KXNASDAQ100U,150167.0,73065.94,1206
2026-02-13,KXSHIBA,1628.0,805.67,25
2026-02-13,KXSHIBAD,2386.0,814.54,40
2026-02-13,KXSOL15M,672073.0,354650.03,28391
2026-02-13,KXSOLD,39474.0,20200.21,1001
2026-02-13,KXSOLE,14505.0,6083.58,305
2026-02-13,KXTNOTED,415.0,96.5,14
2026-02-13,KXUSDJPY,442.0,76.23,14
2026-02-13,KXXRP,5567.0,2553.97,145
2026-02-13,KXXRP15M,298544.0,160219.18,12584
2026-02-13,KXXRPD,15892.0,7352.09,293
2026-02-13,__TOTAL__,298180630.0,134009679.27,2099222
2026-02-14,KXBTC,1460827.0,562121.18,33970
2026-02-14,KXBTC15M,10073265.0,5221017.57,176439
2026-02-14,KXBTCD,11644364.0,5532794.02,135213
2026-02-14,KXDOGE,3576.0,1266.16,161
2026-02-14,KXDOGED,3189.0,1326.35,80
2026-02-14,KXETH,172364.0,59100.03,4309
2026-02-14,KXETH15M,1002933.0,492489.84,39086
2026-02-14,KXETHD,412338.0,195379.09,8400
2026-02-14,KXEURUSD,40.0,13.06,6
2026-02-14,KXSHIBA,1378.0,533.63,58
2026-02-14,KXSHIBAD,2014.0,1062.73,53
2026-02-14,KXSOL15M,613708.0,310781.7,26164
2026-02-14,KXSOLD,24827.0,11543.34,1089
2026-02-14,KXSOLE,13695.0,4757.73,318
2026-02-14,KXTNOTED,759.0,221.26,41
2026-02-14,KXUSDJPY,105.0,44.63,8
2026-02-14,KXXRP,6391.0,2280.37,270
2026-02-14,KXXRP15M,460507.0,252823.2,17586
2026-02-14,KXXRPD,19516.0,7583.34,459
2026-02-14,__TOTAL__,424509718.0,181674155.2,2985718
2026-02-15,KXBTC,1261359.0,415353.11,22796
2026-02-15,KXBTC15M,9423851.0,4799208.88,171826
2026-02-15,KXBTCD,12468257.0,5952174.84,138763
2026-02-15,KXDOGE,2790.0,1098.48,153
2026-02-15,KXDOGED,2364.0,874.11,91
2026-02-15,KXETH,190742.0,56279.48,5035
2026-02-15,KXETH15M,1243351.0,638304.67,41943
2026-02-15,KXETHD,477151.0,219373.44,10768
2026-02-15,KXEURUSD,51.0,18.16,7
2026-02-15,KXSHIBA,78.0,38.31,16
2026-02-15,KXSHIBAD,403.0,57.2,21
2026-02-15,KXSOL15M,653850.0,368226.84,27348
2026-02-15,KXSOLD,33116.0,16614.02,1053
2026-02-15,KXSOLE,19391.0,7342.74,426
2026-02-15,KXTNOTED,1378.0,278.66,80
2026-02-15,KXUSDJPY,660.0,87.09,23
2026-02-15,KXXRP,12624.0,4605.25,330
2026-02-15,KXXRP15M,547675.0,283320.23,19091
2026-02-15,KXXRPD,35769.0,12603.69,609
2026-02-15,__TOTAL__,349040246.0,140448275.7,2508280
2026-02-16,KXBTC,1582394.0,611273.32,21010
2026-02-16,KXBTC15M,12207459.0,6057212.91,240832
2026-02-16,KXBTCD,13996036.0,6656217.93,144241
2026-02-16,KXDOGE,5232.0,1583.04,237
2026-02-16,KXDOGED,5043.0,2279.32,141
2026-02-16,KXETH,205877.0,88638.41,4436
2026-02-16,KXETH15M,1362363.0,718916.01,48678
2026-02-16,KXETHD,507553.0,249433.04,10307
2026-02-16,KXEURUSD,1688.0,262.75,68
2026-02-16,KXINX,355.0,90.39,14
2026-02-16,KXINXU,23120.0,12034.22,149
2026-02-16,KXNASDAQ100U,17232.0,7954.65,56
2026-02-16,KXSHIBA,861.0,482.09,33
2026-02-16,KXSHIBAD,597.0,303.71,20
2026-02-16,KXSOL15M,765138.0,396044.58,34776
2026-02-16,KXSOLD,37783.0,15578.16,1260
2026-02-16,KXSOLE,30568.0,8920.8,474
2026-02-16,KXTNOTED,3137.0,905.84,179
2026-02-16,KXUSDJPY,2099.0,220.2,57
2026-02-16,KXXRP,3503.0,1339.47,280
2026-02-16,KXXRP15M,620151.0,319869.94,20881
2026-02-16,KXXRPD,20506.0,8592.81,845
2026-02-16,__TOTAL__,275708396.0,122127646.26,2063740
2026-02-17,KXBTC,1904450.0,593551.81,19742
2026-02-17,KXBTC15M,10868447.0,5564899.22,211223
2026-02-17,KXBTCD,13748758.0,6581152.46,141618
2026-02-17,KXDOGE,21687.0,9126.74,371
2026-02-17,KXDOGED,10522.0,4295.7,172
2026-02-17,KXETH,354402.0,143776.91,5875
2026-02-17,KXETH15M,1276010.0,619499.79,45548
2026-02-17,KXETHD,906552.0,428884.19,12038
2026-02-17,KXEURUSD,973.0,194.21,70
2026-02-17,KXINX,37890.0,9779.57,979
2026-02-17,KXINXU,461973.0,223944.83,4438
2026-02-17,KXNASDAQ100,31898.0,14915.12,250
2026-02-17,KXNASDAQ100U,163282.0,77283.42,1722
2026-02-17,KXSHIBA,6881.0,3253.38,90
2026-02-17,KXSHIBAD,5180.0,2228.92,80
2026-02-17,KXSOL15M,737855.0,389775.35,33106
2026-02-17,KXSOLD,28936.0,13806.57,1793
2026-02-17,KXSOLE,23362.0,8836.08,544
2026-02-17,KXTNOTED,887.0,399.94,31
2026-02-17,KXUSDJPY,1405.0,144.71,30
2026-02-17,KXXRP,9071.0,4660.83,423
2026-02-17,KXXRP15M,595206.0,297570.62,21145
2026-02-17,KXXRPD,18811.0,8352.98,522
2026-02-17,__TOTAL__,319466073.0,136836163.77,2257144
2026-02-18,KXBTC,2094848.0,598128.22,20324
2026-02-18,KXBTC15M,11350681.0,5444109.67,216140
2026-02-18,KXBTCD,14133254.0,6537940.72,132919
2026-02-18,KXDOGE,16668.0,7844.54,368
2026-02-18,KXDOGED,28697.0,13020.34,588
2026-02-18,KXETH,522476.0,246449.96,6676
2026-02-18,KXETH15M,1206324.0,597967.38,45438
2026-02-18,KXETHD,1033928.0,528595.8,13644
2026-02-18,KXEURUSD,1162.0,217.89,64
2026-02-18,KXINX,39672.0,9248.89,921
2026-02-18,KXINXU,368162.0,177035.51,4199
2026-02-18,KXNASDAQ100,7550.0,2012.2,162
2026-02-18,KXNASDAQ100U,134117.0,67323.38,1068
2026-02-18,KXSHIBA,2501.0,773.56,35
2026-02-18,KXSHIBAD,785.0,222.48,26
2026-02-18,KXSOL15M,771716.0,363753.63,33579
2026-02-18,KXSOLD,17705.0,7988.13,1310
2026-02-18,KXSOLE,14316.0,4173.95,437
2026-02-18,KXTNOTED,1164.0,201.16,21
2026-02-18,KXUSDJPY,1060.0,303.78,63
2026-02-18,KXXRP,6672.0,2058.46,315
2026-02-18,KXXRP15M,592460.0,258114.38,20555
2026-02-18,KXXRPD,20684.0,10412.9,488
2026-02-18,__TOTAL__,364797606.0,153943502.86,2491930
2026-02-19,KXBTC,1950917.0,665650.71,21543
2026-02-19,KXBTC15M,9494721.0,4653825.49,193510
2026-02-19,KXBTCD,12483137.0,5997218.21,131367
2026-02-19,KXDOGE,13971.0,3260.09,106
2026-02-19,KXDOGED,2322.0,1146.37,97
2026-02-19,KXETH,374844.0,164364.24,6832
2026-02-19,KXETH15M,1224118.0,609376.73,41142
2026-02-19,KXETHD,836620.0,439632.16,13148
2026-02-19,KXEURUSD,4924.0,817.18,125
2026-02-19,KXINX,68028.0,18599.19,1101
2026-02-19,KXINXU,490088.0,225024.42,4521
2026-02-19,KXNASDAQ100,11491.0,2988.65,267
2026-02-19,KXNASDAQ100U,151858.0,81699.15,840
2026-02-19,KXSHIBA,557.0,235.77,10
2026-02-19,KXSHIBAD,1101.0,375.65,26
2026-02-19,KXSOL15M,651974.0,310945.24,27229
2026-02-19,KXSOLD,45287.0,23676.17,2324
2026-02-19,KXSOLE,18886.0,6072.71,588
2026-02-19,KXTNOTED,1470.0,536.95,39
2026-02-19,KXUSDJPY,2216.0,605.16,39
2026-02-19,KXXRP,23585.0,13221.47,291
2026-02-19,KXXRP15M,564491.0,263547.92,19718
2026-02-19,KXXRPD,13584.0,5022.16,427
2026-02-19,__TOTAL__,359377233.0,144699594.18,2377572
2026-02-20,KXBTC,2282303.0,727733.26,25352
2026-02-20,KXBTC15M,12083112.0,6561595.33,218420
2026-02-20,KXBTCD,15460915.0,7516812.5,151386
2026-02-20,KXDOGE,12543.0,6924.63,176
2026-02-20,KXDOGED,1663.0,1309.11,65
2026-02-20,KXETH,401137.0,165245.52,4465
2026-02-20,KXETH15M,1197891.0,646898.86,44151
2026-02-20,KXETHD,669753.0,306649.58,10298
2026-02-20,KXEURUSD,1524.0,566.73,57
2026-02-20,KXINX,71032.0,15599.61,1495
2026-02-20,KXINXU,618296.0,272784.8,5310
2026-02-20,KXNASDAQ100,70844.0,8373.06,407
2026-02-20,KXNASDAQ100U,160123.0,72713.99,1167
2026-02-20,KXSHIBA,612.0,309.6,47
2026-02-20,KXSHIBAD,137.0,16.36,11
2026-02-20,KXSOL15M,679276.0,350510.37,31897
2026-02-20,KXSOLD,31805.0,12849.9,2050
2026-02-20,KXSOLE,18636.0,6292.87,681
2026-02-20,KXTNOTED,329.0,88.39,8
2026-02-20,KXUSDJPY,1011.0,377.13,20
2026-02-20,KXXRP,7487.0,2751.39,340
2026-02-20,KXXRP15M,656143.0,321107.61,23940
2026-02-20,KXXRPD,21773.0,8507.31,552
2026-02-20,__TOTAL__,353118247.0,146923540.28,2299074
2026-02-21,KXBTC,1078449.0,440248.08,14204
2026-02-21,KXBTC15M,12193160.0,6300221.4,240592
2026-02-21,KXBTCD,8608250.0,3994722.47,97760
2026-02-21,KXDOGE,7804.0,1803.53,153
2026-02-21,KXDOGED,3078.0,1080.47,134
2026-02-21,KXETH,106843.0,49235.07,2809
2026-02-21,KXETH15M,1429596.0,722881.89,57971
2026-02-21,KXETHD,328885.0,134856.88,5406
2026-02-21,KXEURUSD,878.0,170.32,26
2026-02-21,KXINX,387.0,38.21,14
2026-02-21,KXINXU,2557.0,619.72,149
2026-02-21,KXNASDAQ100,5291.0,165.53,22
2026-02-21,KXNASDAQ100U,154.0,99.48,7
2026-02-21,KXSHIBA,178.0,42.04,12
2026-02-21,KXSHIBAD,267.0,41.25,15
2026-02-21,KXSOL15M,750735.0,388256.01,34585
2026-02-21,KXSOLD,16662.0,6302.87,593
2026-02-21,KXSOLE,12493.0,3000.17,170
2026-02-21,KXTNOTED,440.0,87.43,15
2026-02-21,KXUSDJPY,435.0,81.25,17
2026-02-21,KXXRP,8107.0,1971.46,159
2026-02-21,KXXRP15M,707861.0,349457.43,24634
2026-02-21,KXXRPD,15710.0,7421.14,366
2026-02-21,__TOTAL__,491443837.0,206290352.78,3372464
2026-02-22,KXBTC,1283596.0,511273.24,16254
2026-02-22,KXBTC15M,12095862.0,5845901.94,225320
2026-02-22,KXBTCD,9694792.0,4421155.66,107923
2026-02-22,KXDOGE,7664.0,2050.36,173
2026-02-22,KXDOGED,3127.0,1807.39,65
2026-02-22,KXETH,124431.0,57016.53,4070
2026-02-22,KXETH15M,1779042.0,822004.95,71096
2026-02-22,KXETHD,417339.0,197731.24,8135
2026-02-22,KXEURUSD,1378.0,235.91,111
2026-02-22,KXINX,3480.0,482.05,77
2026-02-22,KXINXU,5070.0,2637.63,260
2026-02-22,KXNASDAQ100,5833.0,337.61,42
2026-02-22,KXNASDAQ100U,751.0,726.76,11
2026-02-22,KXSHIBA,188.0,99.62,11
2026-02-22,KXSHIBAD,118.0,25.19,9
2026-02-22,KXSOL15M,1052000.0,509135.22,45740
2026-02-22,KXSOLD,24148.0,12237.22,1011
2026-02-22,KXSOLE,29141.0,10329.69,301
2026-02-22,KXTNOTED,1649.0,516.93,52
2026-02-22,KXUSDJPY,716.0,179.98,71
2026-02-22,KXXRP,19388.0,10741.03,288
2026-02-22,KXXRP15M,918640.0,418447.27,33740
2026-02-22,KXXRPD,18555.0,8753.43,443
2026-02-22,__TOTAL__,428054756.0,175394570.88,2766874
2026-02-23,KXBTC,2110186.0,627304.03,22456
2026-02-23,KXBTC15M,13369099.0,6511399.07,256035
2026-02-23,KXBTCD,16453517.0,7945674.69,158716
2026-02-23,KXDOGE,9900.0,2917.73,153
2026-02-23,KXDOGED,4054.0,1724.9,93
2026-02-23,KXETH,270248.0,109765.7,3861
2026-02-23,KXETH15M,1473507.0,762788.42,61197
2026-02-23,KXETHD,713497.0,327309.05,8221
2026-02-23,KXEURUSD,1504.0,314.2,219
2026-02-23,KXINX,21038.0,5149.15,529
2026-02-23,KXINXU,345607.0,185705.81,4147
2026-02-23,KXNASDAQ100,42886.0,5377.12,302
2026-02-23,KXNASDAQ100U,156498.0,69484.07,1086
2026-02-23,KXSHIBA,14044.0,7154.09,191
2026-02-23,KXSHIBAD,7534.0,4279.93,118
2026-02-23,KXSOL15M,935810.0,462096.36,40450
2026-02-23,KXSOLD,28417.0,11921.28,962
2026-02-23,KXSOLE,15571.0,5826.78,297
2026-02-23,KXTNOTED,5403.0,987.03,146
2026-02-23,KXUSDJPY,988.0,253.53,130
2026-02-23,KXXRP,7928.0,2985.62,182
2026-02-23,KXXRP15M,801189.0,372553.24,27899
2026-02-23,KXXRPD,7836.0,3980.6,295
2026-02-23,__TOTAL__,280102245.0,115483091.89,2052805
2026-02-24,KXBTC,1693124.0,510692.32,20420
2026-02-24,KXBTC15M,14430669.0,7712623.53,273466
2026-02-24,KXBTCD,13470145.0,6579723.92,140692
2026-02-24,KXDOGE,41259.0,3621.02,167
2026-02-24,KXDOGED,5727.0,3868.45,105
2026-02-24,KXETH,365954.0,141118.57,6929
2026-02-24,KXETH15M,2026620.0,988567.56,67459
2026-02-24,KXETHD,813601.0,370931.15,11979
2026-02-24,KXEURUSD,1601.0,343.98,76
2026-02-24,KXINX,23808.0,6573.38,561
2026-02-24,KXINXU,582707.0,238689.83,4520
2026-02-24,KXNASDAQ100,8124.0,2762.33,268
2026-02-24,KXNASDAQ100U,229664.0,92032.78,709
2026-02-24,KXSHIBA,2631.0,1201.13,37
2026-02-24,KXSHIBAD,2164.0,799.13,25
2026-02-24,KXSOL15M,1152021.0,589007.01,45552
2026-02-24,KXSOLD,37742.0,15559.98,1111
2026-02-24,KXSOLE,9589.0,3587.87,257
2026-02-24,KXTNOTED,5327.0,2121.48,47
2026-02-24,KXUSDJPY,12534.0,6784.4,122
2026-02-24,KXXRP,6970.0,2761.49,218
2026-02-24,KXXRP15M,1029054.0,497617.24,31878
2026-02-24,KXXRPD,21610.0,10512.02,514
2026-02-24,__TOTAL__,402817536.0,166781989.66,2800092
2026-02-25,KXBTC,2292089.0,655196.34,25994
2026-02-25,KXBTC15M,14967231.0,8265780.6,269847
2026-02-25,KXBTCD,19640672.0,9867499.02,192471
2026-02-25,KXDOGE,17463.0,2904.13,186
2026-02-25,KXDOGED,3431.0,2054.36,120
2026-02-25,KXETH,457526.0,179084.37,7007
2026-02-25,KXETH15M,2172085.0,1172285.9,67294
2026-02-25,KXETHD,1262068.0,619177.96,14026
2026-02-25,KXEURUSD,1202.0,545.12,65
2026-02-25,KXINX,41663.0,11251.04,1312
2026-02-25,KXINXU,360778.0,176054.32,4754
2026-02-25,KXNASDAQ100,12673.0,2163.21,224
2026-02-25,KXNASDAQ100U,91313.0,49813.6,896
2026-02-25,KXSHIBA,956.0,581.99,22
2026-02-25,KXSHIBAD,962.0,285.41,42
2026-02-25,KXSOL15M,1299399.0,708259.08,44454
2026-02-25,KXSOLD,72203.0,38262.76,1682
2026-02-25,KXSOLE,12307.0,2995.86,327
2026-02-25,KXTNOTED,4614.0,1731.61,90
2026-02-25,KXUSDJPY,2193.0,487.6,152
2026-02-25,KXXRP,15538.0,6235.05,286
2026-02-25,KXXRP15M,1014438.0,507495.69,31615
2026-02-25,KXXRPD,38637.0,17727.58,884
2026-02-25,__TOTAL__,390506629.0,162749178.22,2642649
2026-02-26,KXBTC,1477164.0,424188.02,18373
2026-02-26,KXBTC15M,14272204.0,7075211.93,235039
2026-02-26,KXBTCD,13122629.0,6317248.93,132299
2026-02-26,KXDOGE,860478.0,246789.08,891
2026-02-26,KXDOGED,9148.0,3498.11,215
2026-02-26,KXETH,341095.0,119459.21,6097
2026-02-26,KXETH15M,2100475.0,1056284.0,53775
2026-02-26,KXETHD,875150.0,437346.43,12400
2026-02-26,KXEURUSD,7305.0,3625.4,81
2026-02-26,KXINX,62814.0,12928.45,1746
2026-02-26,KXINXU,464425.0,212120.28,4147
2026-02-26,KXNASDAQ100,33873.0,1971.72,249
2026-02-26,KXNASDAQ100U,159596.0,82278.91,1117
2026-02-26,KXSHIBA,5239.0,2424.55,66
2026-02-26,KXSHIBAD,3765.0,1759.43,63
2026-02-26,KXSOL15M,1070723.0,500763.8,34820
2026-02-26,KXSOLD,41786.0,15529.74,1055
2026-02-26,KXSOLE,10180.0,3653.02,241
2026-02-26,KXTNOTED,5357.0,1050.62,56
2026-02-26,KXUSDJPY,2376.0,494.51,112
2026-02-26,KXXRP,7212.0,2706.76,230
2026-02-26,KXXRP15M,1136225.0,540039.37,29699
2026-02-26,KXXRPD,17698.0,7157.83,545
2026-02-26,__TOTAL__,374918213.0,155458528.93,2444493
2026-02-27,KXBTC,0.0,646991.62,21373
2026-02-27,KXBTC15M,0.0,7034546.84,323593
2026-02-27,KXBTCD,0.0,6612581.67,139130
2026-02-27,KXDOGE,0.0,23395.11,521
2026-02-27,KXDOGED,0.0,6876.87,187
2026-02-27,KXETH,0.0,118096.28,4032
2026-02-27,KXETH15M,0.0,1067154.14,64142
2026-02-27,KXETHD,0.0,396950.33,10897
2026-02-27,KXEURUSD,0.0,95.77,23
2026-02-27,KXINX,0.0,9465.02,1421
2026-02-27,KXINXU,0.0,70478.84,2929
2026-02-27,KXNASDAQ100,0.0,1429.42,254
2026-02-27,KXNASDAQ100U,0.0,16233.78,297
2026-02-27,KXSHIBA,0.0,136.8,13
2026-02-27,KXSHIBAD,0.0,70.85,24
2026-02-27,KXSOL15M,0.0,542701.27,38280
2026-02-27,KXSOLD,0.0,16138.72,1077
2026-02-27,KXSOLE,0.0,3055.37,183
2026-02-27,KXTNOTED,0.0,56.89,7
2026-02-27,KXUSDJPY,0.0,6971.92,95
2026-02-27,KXXRP,0.0,1576.57,252
2026-02-27,KXXRP15M,0.0,531636.56,29171
2026-02-27,KXXRPD,0.0,5191.01,441
2026-02-27,__TOTAL__,0.0,144996076.5,2412848
2026-02-28,KXBTC,1735427.0,511282.0,20759
2026-02-28,KXBTC15M,13967436.0,6827607.56,283229
2026-02-28,KXBTCD,14802307.0,7595664.57,160876
2026-02-28,KXDOGE,12622.0,3860.2,113
2026-02-28,KXDOGED,5121.0,2205.99,196
2026-02-28,KXETH,250471.0,106363.24,5472
2026-02-28,KXETH15M,1773697.0,850986.12,63198
2026-02-28,KXETHD,672847.0,321393.3,12181
2026-02-28,KXEURUSD,271.0,51.01,19
2026-02-28,KXINX,5822.0,752.12,83
2026-02-28,KXINXU,5216.0,2254.23,132
2026-02-28,KXNASDAQ100,441.0,67.05,22
2026-02-28,KXNASDAQ100U,2848.0,650.45,41
2026-02-28,KXSHIBA,518.0,110.04,8
2026-02-28,KXSHIBAD,22.0,14.2,9
2026-02-28,KXSOL15M,952857.0,487948.39,42295
2026-02-28,KXSOLD,51911.0,27432.49,873
2026-02-28,KXSOLE,12148.0,4743.16,210
2026-02-28,KXTNOTED,2755.0,530.08,32
2026-02-28,KXUSDJPY,951.0,247.27,35
2026-02-28,KXWTI,54.0,48.6,1
2026-02-28,KXXRP,16608.0,5778.15,167
2026-02-28,KXXRP15M,841256.0,375761.25,30833
2026-02-28,KXXRPD,30291.0,16455.97,587
2026-02-28,__TOTAL__,510583026.0,211233338.69,3503940
2026-03-01,KXBTC,1669084.0,510475.17,18420
2026-03-01,KXBTC15M,13436948.0,6694062.36,285348
2026-03-01,KXBTCD,12957287.0,6332415.0,140993
2026-03-01,KXDOGE,4384.0,941.74,196
2026-03-01,KXDOGED,4166.0,1223.53,158
2026-03-01,KXETH,258317.0,96066.79,5291
2026-03-01,KXETH15M,1840904.0,900136.86,69817
2026-03-01,KXETHD,669179.0,295796.48,12898
2026-03-01,KXEURUSD,618.0,96.92,26
2026-03-01,KXINX,21643.0,3403.06,394
2026-03-01,KXINXU,14174.0,6066.63,447
2026-03-01,KXNASDAQ100,884.0,197.22,71
2026-03-01,KXNASDAQ100U,3926.0,872.72,24
2026-03-01,KXSHIBA,3544.0,121.96,13
2026-03-01,KXSHIBAD,2068.0,297.8,27
2026-03-01,KXSOL15M,762956.0,381624.24,41416
2026-03-01,KXSOLD,54959.0,23415.96,1107
2026-03-01,KXSOLE,14402.0,3677.3,255
2026-03-01,KXTNOTED,3350.0,648.37,81
2026-03-01,KXUSDJPY,1793.0,526.23,51
2026-03-01,KXWTI,55640.0,23018.81,2370
2026-03-01,KXXRP,12515.0,2754.02,306
2026-03-01,KXXRP15M,833215.0,406754.22,36940
2026-03-01,KXXRPD,18839.0,8869.84,468
2026-03-01,__TOTAL__,425659451.0,173962553.73,2869371
2026-03-02,KXBTC,1694676.0,469198.23,19339
2026-03-02,KXBTC15M,13962912.0,6282346.4,316759
2026-03-02,KXBTCD,18032336.0,9341622.54,179837
2026-03-02,KXDOGE,15771.0,2466.12,469
2026-03-02,KXDOGED,3044.0,1926.21,171
2026-03-02,KXETH,481636.0,180737.41,7382
2026-03-02,KXETH15M,1832747.0,811951.38,71759
2026-03-02,KXETHD,1081973.0,550489.07,14046
2026-03-02,KXEURUSD,595.0,168.94,28
2026-03-02,KXINX,165658.0,32617.89,2912
2026-03-02,KXINXU,627189.0,287854.48,5868
2026-03-02,KXNASDAQ100,10698.0,1466.89,299
2026-03-02,KXNASDAQ100U,439400.0,232009.11,1285
2026-03-02,KXSHIBA,2244.0,607.97,21
2026-03-02,KXSHIBAD,945.0,508.61,11
2026-03-02,KXSOL15M,835943.0,368629.86,41322
2026-03-02,KXSOLD,35027.0,16075.74,1007
2026-03-02,KXSOLE,27324.0,10570.83,364
2026-03-02,KXTNOTED,9019.0,1575.17,71
2026-03-02,KXUSDJPY,6243.0,921.69,129
2026-03-02,KXWTI,77407.0,19442.42,2826
2026-03-02,KXXRP,5570.0,2449.65,181
2026-03-02,KXXRP15M,792517.0,348702.61,36614
2026-03-02,KXXRPD,14515.0,5487.07,438
2026-03-02,__TOTAL__,299823562.0,126961044.14,2335608
2026-03-03,KXBTC,1906632.0,492691.09,20796
2026-03-03,KXBTC15M,13766210.0,6826311.34,286583
2026-03-03,KXBTCD,17916093.0,8961776.53,189716
2026-03-03,KXDOGE,18253.0,6249.92,240
2026-03-03,KXDOGED,8689.0,3797.96,98
2026-03-03,KXETH,371522.0,137569.49,8513
2026-03-03,KXETH15M,1876069.0,935217.36,63015
2026-03-03,KXETHD,855768.0,437740.42,13592
2026-03-03,KXEURUSD,1051.0,585.3,27
2026-03-03,KXINX,50081.0,7713.38,744
2026-03-03,KXINXU,701479.0,295679.47,7136
2026-03-03,KXNASDAQ100,28213.0,3137.53,167
2026-03-03,KXNASDAQ100U,174825.0,88756.75,1066
2026-03-03,KXSHIBA,6713.0,3311.46,101
2026-03-03,KXSHIBAD,2870.0,1005.39,30
2026-03-03,KXSOL15M,945872.0,475949.58,43118
2026-03-03,KXSOLD,35233.0,15147.97,1192
2026-03-03,KXSOLE,10302.0,3114.87,237
2026-03-03,KXTNOTED,2297.0,643.94,28
2026-03-03,KXUSDJPY,7844.0,1250.2,69
2026-03-03,KXXRP,11812.0,3676.02,256
2026-03-03,KXXRP15M,945155.0,454919.14,38679
2026-03-03,KXXRPD,21107.0,9280.3,550
2026-03-03,__TOTAL__,375045659.0,152606531.99,2683653
2026-03-04,KXBTC,2124933.0,581620.77,24798
2026-03-04,KXBTC15M,14815195.0,7698695.52,301716
2026-03-04,KXBTCD,23434430.0,10389399.69,211274
2026-03-04,KXDOGE,30567.0,9845.11,282
2026-03-04,KXDOGED,11234.0,5335.76,140
2026-03-04,KXETH,336386.0,129221.21,5223
2026-03-04,KXETH15M,1920832.0,993164.1,59482
2026-03-04,KXETHD,1030628.0,486426.08,12188
2026-03-04,KXEURUSD,425.0,49.87,28
2026-03-04,KXINX,36122.0,5557.33,795
2026-03-04,KXINXU,382044.0,180371.98,5701
2026-03-04,KXNASDAQ100,29104.0,3763.3,425
2026-03-04,KXNASDAQ100U,101056.0,55678.29,1001
2026-03-04,KXSHIBA,4140.0,2094.5,60
2026-03-04,KXSHIBAD,1869.0,1381.38,27
2026-03-04,KXSOL15M,893484.0,438417.99,39029
2026-03-04,KXSOLD,54717.0,24608.99,1241
2026-03-04,KXSOLE,12573.0,5669.48,276
2026-03-04,KXTNOTED,3345.0,1032.61,53
2026-03-04,KXUSDJPY,1215.0,204.32,82
2026-03-04,KXXRP,13243.0,6401.04,216
2026-03-04,KXXRP15M,816233.0,420752.77,35434
2026-03-04,KXXRPD,17137.0,8147.4,384
2026-03-04,__TOTAL__,410262265.0,170787093.68,2804816
2026-03-05,KXBTC,1924511.0,504634.35,22578
2026-03-05,KXBTC15M,13792267.0,6485277.74,291505
2026-03-05,KXBTCD,17320762.0,7909582.82,159381
2026-03-05,KXDOGE,30354.0,8016.22,346
2026-03-05,KXDOGED,8746.0,2325.79,163
2026-03-05,KXETH,272758.0,104028.04,4883
2026-03-05,KXETH15M,1517248.0,688822.48,55489
2026-03-05,KXETHD,661277.0,316738.74,10118
2026-03-05,KXEURUSD,306.0,65.87,49
2026-03-05,KXINX,51206.0,8177.24,843
2026-03-05,KXINXU,509042.0,285778.88,6652
2026-03-05,KXNASDAQ100,40757.0,3055.12,287
2026-03-05,KXNASDAQ100U,104379.0,53625.81,1093
2026-03-05,KXSHIBA,8867.0,4498.03,108
2026-03-05,KXSHIBAD,6547.0,3945.24,130
2026-03-05,KXSOL15M,659205.0,308578.76,33616
2026-03-05,KXSOLD,55651.0,29960.8,1517
2026-03-05,KXSOLE,9867.0,3415.38,171
2026-03-05,KXTNOTED,4195.0,744.57,64
2026-03-05,KXUSDJPY,1113.0,258.81,77
2026-03-05,KXWTI,1505.0,720.67,60
2026-03-05,KXXRP,10514.0,5765.03,304
2026-03-05,KXXRP15M,650277.0,277711.61,29741
2026-03-05,KXXRPD,8675.0,4098.63,401
2026-03-05,__TOTAL__,388059902.0,161233171.57,2634143
2026-03-06,KXBTC,1614908.0,497901.71,23850
2026-03-06,KXBTC15M,15730898.0,8040401.12,321776
2026-03-06,KXBTCD,14538345.0,6939151.93,156170
2026-03-06,KXDOGE,26056.0,8151.93,290
2026-03-06,KXDOGED,7121.0,5202.91,86
2026-03-06,KXETH,347171.0,152000.83,5717
2026-03-06,KXETH15M,1863724.0,900617.18,61543
2026-03-06,KXETHD,719289.0,345702.89,11614
2026-03-06,KXEURUSD,1770.0,831.44,36
2026-03-06,KXINX,63263.0,14434.93,1804
2026-03-06,KXINXU,432747.0,229272.72,4671
2026-03-06,KXNASDAQ100,32226.0,5180.4,587
2026-03-06,KXNASDAQ100U,108761.0,57215.55,1257
2026-03-06,KXSHIBA,2977.0,70.19,33
2026-03-06,KXSHIBAD,1755.0,56.4,16
2026-03-06,KXSOL15M,999653.0,486789.58,40477
2026-03-06,KXSOLD,64467.0,29609.68,1945
2026-03-06,KXSOLE,18881.0,9300.97,209
2026-03-06,KXTNOTED,585.0,122.04,8
2026-03-06,KXUSDJPY,1354.0,213.7,34
2026-03-06,KXWTI,13063.0,11358.08,384
2026-03-06,KXXRP,34614.0,11218.12,351
2026-03-06,KXXRP15M,970344.0,457368.16,35524
2026-03-06,KXXRPD,12434.0,5217.9,428
2026-03-06,__TOTAL__,404012278.0,172371208.69,2773440
2026-03-07,KXBTC,2329567.0,441369.17,17780
2026-03-07,KXBTC15M,30032194.0,6956261.22,301913
2026-03-07,KXBTCD,21000987.0,4285586.31,111920
2026-03-07,KXDOGE,18378.0,5548.17,460
2026-03-07,KXDOGED,2614.0,562.92,80
2026-03-07,KXETH,280877.0,36177.88,2481
2026-03-07,KXETH15M,3475351.0,936414.4,61220
2026-03-07,KXETHD,601088.0,115187.91,5378
2026-03-07,KXEURUSD,2454.0,33.37,10
2026-03-07,KXINX,15318.0,259.75,43
2026-03-07,KXINXU,30927.0,2511.77,258
2026-03-07,KXNASDAQ100,1644.0,160.38,16
2026-03-07,KXNASDAQ100U,10402.0,3597.04,96
2026-03-07,KXSHIBA,5532.0,47.26,11
2026-03-07,KXSHIBAD,17689.0,3089.54,23
2026-03-07,KXSOL15M,1887572.0,547892.52,43521
2026-03-07,KXSOLD,81135.0,19158.76,1109
2026-03-07,KXSOLE,38385.0,3076.06,142
2026-03-07,KXTNOTED,2463.0,107.99,7
2026-03-07,KXUSDJPY,3180.0,160.22,20
2026-03-07,KXWTI,83038.0,11806.8,359
2026-03-07,KXXRP,21229.0,1478.52,125
2026-03-07,KXXRP15M,1999112.0,594285.45,39316
2026-03-07,KXXRPD,14848.0,1567.54,215
2026-03-07,__TOTAL__,980851223.0,217462563.32,3748336
2026-03-08,KXBTC,0.0,410621.07,18760
2026-03-08,KXBTC15M,0.0,7292331.51,320428
2026-03-08,KXBTCD,0.0,5431553.49,135448
2026-03-08,KXDOGE,0.0,1280.7,133
2026-03-08,KXDOGED,0.0,351.71,58
2026-03-08,KXETH,0.0,88612.16,3272
2026-03-08,KXETH15M,0.0,773044.93,55462
2026-03-08,KXETHD,0.0,181180.99,6570
2026-03-08,KXEURUSD,0.0,190.09,24
2026-03-08,KXINX,0.0,1988.16,226
2026-03-08,KXINXU,0.0,9785.92,500
2026-03-08,KXNASDAQ100,0.0,128.83,34
2026-03-08,KXNASDAQ100U,0.0,3510.39,43
2026-03-08,KXSHIBA,0.0,69.94,10
2026-03-08,KXSHIBAD,0.0,492.18,19
2026-03-08,KXSOL15M,0.0,321838.52,37364
2026-03-08,KXSOLD,0.0,22860.88,1090
2026-03-08,KXSOLE,0.0,10779.43,344
2026-03-08,KXTNOTED,0.0,346.94,29
2026-03-08,KXUSDJPY,0.0,206.96,54
2026-03-08,KXWTI,0.0,58616.04,1284
2026-03-08,KXXRP,0.0,2739.14,232
2026-03-08,KXXRP15M,0.0,337271.94,31787
2026-03-08,KXXRPD,0.0,3686.26,231
2026-03-08,__TOTAL__,0.0,190154043.42,3061187
2026-03-09,KXBTC,1431201.0,413996.43,24579
2026-03-09,KXBTC15M,15415221.0,7081339.84,360902
2026-03-09,KXBTCD,15353694.0,7438482.58,170405
2026-03-09,KXDOGE,16457.0,3578.65,339
2026-03-09,KXDOGED,4728.0,3375.64,89
2026-03-09,KXETH,301363.0,127417.77,6849
2026-03-09,KXETH15M,1808906.0,874161.81,62068
2026-03-09,KXETHD,555877.0,273796.68,9649
2026-03-09,KXEURUSD,831.0,122.33,16
2026-03-09,KXINX,50343.0,5925.6,981
2026-03-09,KXINXU,367512.0,193581.15,5727
2026-03-09,KXNASDAQ100,12373.0,3457.19,394
2026-03-09,KXNASDAQ100U,70484.0,44875.62,956
2026-03-09,KXSHIBA,11071.0,3374.17,122
2026-03-09,KXSHIBAD,4415.0,1806.13,76
2026-03-09,KXSOL15M,909970.0,425878.26,38421
2026-03-09,KXSOLD,42049.0,21167.55,1265
2026-03-09,KXSOLE,16891.0,8368.25,228
2026-03-09,KXTNOTED,3063.0,1021.93,51
2026-03-09,KXUSDJPY,2024.0,476.03,97
2026-03-09,KXWTI,386549.0,165780.9,12384
2026-03-09,KXXRP,14145.0,6676.95,332
2026-03-09,KXXRP15M,826884.0,375935.23,29643
2026-03-09,KXXRPD,10969.0,5111.33,280
2026-03-09,__TOTAL__,312485215.0,133417137.88,2502751
2026-03-10,KXBTC,1393335.0,357671.53,20939
2026-03-10,KXBTC15M,16339708.0,8089177.81,355615
2026-03-10,KXBTCD,16228928.0,7775613.94,169607
2026-03-10,KXDOGE,36419.0,7714.23,298
2026-03-10,KXDOGED,24992.0,8518.85,191
2026-03-10,KXETH,219971.0,100437.22,3882
2026-03-10,KXETH15M,1573695.0,754099.63,54508
2026-03-10,KXETHD,496751.0,246812.9,7901
2026-03-10,KXEURUSD,1406.0,205.19,49
2026-03-10,KXINX,77655.0,12844.67,1491
2026-03-10,KXINXU,722157.0,284395.88,6852
2026-03-10,KXNASDAQ100,18692.0,3317.33,205
2026-03-10,KXNASDAQ100U,140936.0,78258.87,1477
2026-03-10,KXSHIBA,4157.0,1056.63,27
2026-03-10,KXSHIBAD,9641.0,1903.49,72
2026-03-10,KXSOL15M,930874.0,453057.26,35891
2026-03-10,KXSOLD,34488.0,18502.91,1107
2026-03-10,KXSOLE,24551.0,8703.13,354
2026-03-10,KXTNOTED,2349.0,484.83,44
2026-03-10,KXUSDJPY,5181.0,2140.75,138
2026-03-10,KXWTI,404334.0,126502.59,10685
2026-03-10,KXXRP,10371.0,4407.81,452
2026-03-10,KXXRP15M,715729.0,320953.2,26685
2026-03-10,KXXRPD,26912.0,9197.56,582
2026-03-10,__TOTAL__,398739518.0,160467225.2,2763892
2026-03-11,KXBTC,1787831.0,524774.92,27556
2026-03-11,KXBTC15M,13721149.0,6641125.34,299962
2026-03-11,KXBTCD,14983609.0,7289324.93,162187
2026-03-11,KXDOGE,13928.0,4616.99,218
2026-03-11,KXDOGED,3730.0,1434.83,164
2026-03-11,KXETH,298283.0,129215.98,4758
2026-03-11,KXETH15M,1268119.0,663080.22,42645
2026-03-11,KXETHD,633510.0,322467.94,8842
2026-03-11,KXEURUSD,1418.0,690.8,83
2026-03-11,KXINX,44865.0,6262.37,1060
2026-03-11,KXINXU,427011.0,224025.69,4714
2026-03-11,KXNASDAQ100,5831.0,1483.69,78
2026-03-11,KXNASDAQ100U,126857.0,66354.78,984
2026-03-11,KXSHIBA,1980.0,463.38,31
2026-03-11,KXSHIBAD,3782.0,152.48,26
2026-03-11,KXSOL15M,771731.0,389729.81,30380
2026-03-11,KXSOLD,35584.0,14857.4,1182
2026-03-11,KXSOLE,14376.0,5716.61,294
2026-03-11,KXTNOTED,3841.0,795.5,66
2026-03-11,KXUSDJPY,1995.0,230.03,115
2026-03-11,KXWTI,329784.0,98979.03,7902
2026-03-11,KXXRP,19008.0,9014.98,388
2026-03-11,KXXRP15M,698123.0,319473.22,25129
2026-03-11,KXXRPD,18073.0,7707.33,446
2026-03-11,__TOTAL__,421965422.0,175963927.67,2908485
2026-03-12,KXBTC,1026919.0,323197.9,12578
2026-03-12,KXBTC15M,11956215.0,6136289.86,229890
2026-03-12,KXBTCD,10145178.0,4884235.65,109374
2026-03-12,KXDOGE,27438.0,5301.12,316
2026-03-12,KXDOGED,2806.0,841.19,183
2026-03-12,KXETH,106595.0,48209.8,1894
2026-03-12,KXETH15M,1168842.0,553250.17,36073
2026-03-12,KXETHD,392853.0,188670.44,5389
2026-03-12,KXEURUSD,1573.0,356.82,58
2026-03-12,KXINX,79228.0,10768.47,1047
2026-03-12,KXINXU,472729.0,265230.67,3260
2026-03-12,KXNASDAQ100,5159.0,550.83,183
2026-03-12,KXNASDAQ100U,196006.0,98911.31,737
2026-03-12,KXSHIBA,8348.0,517.62,40
2026-03-12,KXSHIBAD,1616.0,424.91,21
2026-03-12,KXSOL15M,681484.0,330385.4,23298
2026-03-12,KXSOLD,16629.0,8653.5,645
2026-03-12,KXSOLE,9557.0,4262.28,181
2026-03-12,KXTNOTED,506.0,11.76,22
2026-03-12,KXUSDJPY,2020.0,383.62,75
2026-03-12,KXWTI,157466.0,112597.05,4535
2026-03-12,KXXRP,20530.0,2767.12,182
2026-03-12,KXXRP15M,601263.0,295030.77,19803
2026-03-12,KXXRPD,5494.0,2344.74,166
2026-03-12,__TOTAL__,417668847.0,167510199.94,2588542
2026-03-13,KXBTC,1657921.0,483620.73,21230
2026-03-13,KXBTC15M,17649968.0,9332585.79,340385
2026-03-13,KXBTCD,16246988.0,7863791.19,150953
2026-03-13,KXDOGE,40924.0,10063.45,406
2026-03-13,KXDOGED,7648.0,4283.02,100
2026-03-13,KXETH,429058.0,183630.24,6056
2026-03-13,KXETH15M,1699890.0,906165.37,56252
2026-03-13,KXETHD,886451.0,434860.16,10519
2026-03-13,KXEURUSD,3472.0,404.96,84
2026-03-13,KXINX,134181.0,22709.55,1771
2026-03-13,KXINXU,443060.0,213445.03,3691
2026-03-13,KXNASDAQ100,13000.0,1852.38,156
2026-03-13,KXNASDAQ100U,104435.0,46809.65,711
2026-03-13,KXSHIBA,5979.0,2150.53,104
2026-03-13,KXSHIBAD,2650.0,931.1,32
2026-03-13,KXSOL15M,907636.0,465626.35,33933
2026-03-13,KXSOLD,62941.0,26813.19,1239
2026-03-13,KXSOLE,12421.0,3875.73,465
2026-03-13,KXTNOTED,10.0,9.8,1
2026-03-13,KXUSDJPY,2373.0,562.05,66
2026-03-13,KXWTI,101129.0,79383.08,2499
2026-03-13,KXXRP,10835.0,2145.9,508
2026-03-13,KXXRP15M,689801.0,336548.78,26548
2026-03-13,KXXRPD,18306.0,5209.91,254
2026-03-13,__TOTAL__,439551025.67,176829061.77,2873166
2026-03-14,KXBTC,959101.0,360235.47,16706
2026-03-14,KXBTC15M,14297740.0,7094702.57,306266
2026-03-14,KXBTCD,7981264.0,3630719.65,87720
2026-03-14,KXDOGE,24436.0,3178.86,158
2026-03-14,KXDOGED,3485.0,886.94,127
2026-03-14,KXETH,89498.0,25797.12,2687
2026-03-14,KXETH15M,1315311.0,647124.48,44899
2026-03-14,KXETHD,209818.0,78911.27,4217
2026-03-14,KXEURUSD,1280.0,154.95,36
2026-03-14,KXINX,780.0,119.39,35
2026-03-14,KXINXU,18997.0,13052.99,527
2026-03-14,KXNASDAQ100,172.0,25.82,12
2026-03-14,KXNASDAQ100U,382.0,171.73,21
2026-03-14,KXSHIBA,4718.0,47.18,8
2026-03-14,KXSHIBAD,404.0,59.0,7
2026-03-14,KXSOL15M,728358.0,363496.98,26873
2026-03-14,KXSOLD,17348.0,8304.19,625
2026-03-14,KXSOLE,6235.0,1980.97,138
2026-03-14,KXTNOTED,69.0,17.83,5
2026-03-14,KXUSDJPY,988.0,138.24,22
2026-03-14,KXWTI,44094.0,29511.64,2159
2026-03-14,KXXRP,2036.0,652.16,52
2026-03-14,KXXRP15M,565214.0,287182.24,20584
2026-03-14,KXXRPD,4878.0,1683.48,120
2026-03-14,__TOTAL__,485526516.0,198091244.77,3064036
2026-03-15,KXBTC,1157506.0,434905.6,19019
2026-03-15,KXBTC15M,14950048.0,7696642.4,313663
2026-03-15,KXBTCD,11495934.0,5410781.26,124822
2026-03-15,KXDOGE,19871.0,2025.72,252
2026-03-15,KXDOGED,4584.0,1093.51,138
2026-03-15,KXETH,132194.0,44956.16,3521
2026-03-15,KXETH15M,1484262.0,751699.47,56958
2026-03-15,KXETHD,371425.0,172123.49,7961
2026-03-15,KXEURUSD,3727.0,518.12,91
2026-03-15,KXINX,2581.0,310.98,135
2026-03-15,KXINXU,10224.0,5688.1,640
2026-03-15,KXNASDAQ100,1263.0,295.89,25
2026-03-15,KXNASDAQ100U,1308.0,938.52,102
2026-03-15,KXSHIBA,19900.0,343.53,94
2026-03-15,KXSHIBAD,14860.0,5862.68,67
2026-03-15,KXSOL15M,831825.0,471064.06,31387
2026-03-15,KXSOLD,29266.0,16793.08,1184
2026-03-15,KXSOLE,15260.0,6326.97,406
2026-03-15,KXTNOTED,143.0,17.65,7
2026-03-15,KXUSDJPY,4808.0,722.92,137
2026-03-15,KXWTI,79120.0,50009.94,4453
2026-03-15,KXXRP,7643.0,2389.47,274
2026-03-15,KXXRP15M,628101.0,294004.32,24060
2026-03-15,KXXRPD,11292.0,5656.19,410
2026-03-15,__TOTAL__,458812754.78,180178101.24,3046379
2026-03-16,KXBTC,1645626.0,515053.48,23391
2026-03-16,KXBTC15M,19510207.0,10483107.63,411294
2026-03-16,KXBTCD,18516596.0,8664842.58,185308
2026-03-16,KXDOGE,27710.0,7726.5,258
2026-03-16,KXDOGED,15776.0,8616.08,176
2026-03-16,KXETH,323415.0,126409.26,4480
2026-03-16,KXETH15M,1882044.0,1035294.91,66101
2026-03-16,KXETHD,1005639.0,505734.93,11436
2026-03-16,KXEURUSD,3927.0,306.03,76
2026-03-16,KXINX,67951.0,16386.24,1258
2026-03-16,KXINXU,341872.0,157235.37,4898
2026-03-16,KXNASDAQ100,11974.0,1359.24,294
2026-03-16,KXNASDAQ100U,34947.0,17647.97,505
2026-03-16,KXSHIBA,4079.0,971.26,43
2026-03-16,KXSHIBAD,2397.0,1412.4,45
2026-03-16,KXSOL15M,866475.0,453384.94,38159
2026-03-16,KXSOLD,38353.0,15599.98,1196
2026-03-16,KXSOLE,13241.0,4890.55,299
2026-03-16,KXTNOTED,3809.0,608.87,24
2026-03-16,KXUSDJPY,2348.0,269.26,105
2026-03-16,KXWTI,666686.0,309439.05,17986
2026-03-16,KXXRP,14127.0,6457.93,364
2026-03-16,KXXRP15M,834050.0,409932.1,35027
2026-03-16,KXXRPD,20967.0,10478.48,539
2026-03-16,__TOTAL__,300150280.59,116423495.9,2270879
2026-03-17,KXBTC,1478896.0,464071.42,22417
2026-03-17,KXBTC15M,18877797.0,9938436.79,418856
2026-03-17,KXBTCD,13526929.0,6611938.36,139478
2026-03-17,KXDOGE,30335.0,13628.5,518
2026-03-17,KXDOGED,7878.0,3548.34,444
2026-03-17,KXETH,210623.0,80572.44,4191
2026-03-17,KXETH15M,1801579.0,912994.78,57638
2026-03-17,KXETHD,704885.0,335274.25,9497
2026-03-17,KXEURUSD,2202.0,264.19,156
2026-03-17,KXINX,37764.0,9480.84,1400
2026-03-17,KXINXU,502418.0,253482.48,5533
2026-03-17,KXNASDAQ100,12007.0,2016.82,336
2026-03-17,KXNASDAQ100U,143865.0,63806.29,1661
2026-03-17,KXSHIBA,6620.0,565.09,75
2026-03-17,KXSHIBAD,1454.0,1212.56,14
2026-03-17,KXSOL15M,777532.0,383244.12,31870
2026-03-17,KXSOLD,34374.0,17171.44,1317
2026-03-17,KXSOLE,9142.0,3099.57,387
2026-03-17,KXTNOTED,1790.0,59.03,11
2026-03-17,KXUSDJPY,2080.0,336.75,115
2026-03-17,KXWTI,467303.0,240764.02,11885
2026-03-17,KXXRP,7032.0,2857.33,338
2026-03-17,KXXRP15M,833043.0,396686.28,32834
2026-03-17,KXXRPD,23149.0,9787.35,672
2026-03-17,__TOTAL__,383114768.33,143549191.61,2644581
2026-03-18,KXBNB15M,12798.0,5559.24,1059
2026-03-18,KXBTC,1060488.0,213950.32,17554
2026-03-18,KXBTC15M,20843057.0,10165721.43,458127
2026-03-18,KXBTCD,17883500.0,8697673.12,184679
2026-03-18,KXDOGE,17147.0,7431.9,308
2026-03-18,KXDOGE15M,16624.0,8430.17,1342
2026-03-18,KXDOGED,7423.0,3667.52,251
2026-03-18,KXETH,304564.0,122824.97,5477
2026-03-18,KXETH15M,2105917.0,1060953.05,67487
2026-03-18,KXETHD,794814.0,403785.01,11520
2026-03-18,KXEURUSD,2053.0,552.74,161
2026-03-18,KXHYPE15M,6041.0,2396.26,269
2026-03-18,KXINX,40549.0,6237.01,1050
2026-03-18,KXINXU,767852.0,417569.2,5979
2026-03-18,KXNASDAQ100,12339.0,1512.81,270
2026-03-18,KXNASDAQ100U,155686.0,75945.37,1569
2026-03-18,KXSHIBA,705.0,16.72,15
2026-03-18,KXSHIBAD,23.0,13.29,10
2026-03-18,KXSOL15M,1004733.0,462867.27,37848
2026-03-18,KXSOLD,38201.0,17695.17,1357
2026-03-18,KXSOLE,26140.0,10546.17,386
2026-03-18,KXTNOTED,2010.0,645.09,29
2026-03-18,KXUSDJPY,2378.0,387.86,216
2026-03-18,KXWTI,623390.0,307954.15,15925
2026-03-18,KXXRP,14879.0,4899.05,289
2026-03-18,KXXRP15M,717227.0,304655.7,28743
2026-03-18,KXXRPD,15254.0,7857.16,645
2026-03-18,__TOTAL__,374054912.37,138623491.62,2696604
2026-03-19,KXBNB15M,65224.0,27948.14,6220
2026-03-19,KXBTC,1231899.0,236509.52,18325
2026-03-19,KXBTC15M,15075220.0,7594023.61,361411
2026-03-19,KXBTCD,17027183.0,8266114.96,156229
2026-03-19,KXDOGE,15209.0,4124.8,188
2026-03-19,KXDOGE15M,76042.0,39427.8,6779
2026-03-19,KXDOGED,2706.0,1304.15,150
2026-03-19,KXETH,301858.0,134118.68,5143
2026-03-19,KXETH15M,1693432.0,820232.98,55419
2026-03-19,KXETHD,780722.0,385200.56,10049
2026-03-19,KXEURUSD,676.0,446.64,43
2026-03-19,KXHYPE15M,63278.0,32215.5,4101
2026-03-19,KXINX,48557.0,6963.95,2440
2026-03-19,KXINXU,500504.0,229970.0,6089
2026-03-19,KXNASDAQ100,10783.0,2132.93,334
2026-03-19,KXNASDAQ100U,293947.0,142094.55,1188
2026-03-19,KXSHIBA,2703.0,75.95,19
2026-03-19,KXSHIBAD,272.0,163.48,11
2026-03-19,KXSOL15M,762759.0,380703.83,30919
2026-03-19,KXSOLD,28554.0,12313.61,1138
2026-03-19,KXSOLE,9577.0,3871.36,228
2026-03-19,KXTNOTED,2437.0,695.58,60
2026-03-19,KXUSDJPY,761.0,101.31,66
2026-03-19,KXWTI,713855.0,375915.78,16696
2026-03-19,KXXRP,10094.0,3110.31,260
2026-03-19,KXXRP15M,587399.0,267337.75,25332
2026-03-19,KXXRPD,17436.0,8140.14,705
2026-03-19,__TOTAL__,645756390.62,228391317.57,3571644
2026-03-20,KXBNB15M,70324.0,33594.18,7594
2026-03-20,KXBRENTD,3.0,2.64,1
2026-03-20,KXBTC,1376087.0,324762.78,20374
2026-03-20,KXBTC15M,17228485.0,8441746.58,420995
2026-03-20,KXBTCD,17833435.0,8549118.1,182843
2026-03-20,KXDOGE,22078.0,8797.85,240
2026-03-20,KXDOGE15M,92403.0,38653.26,8518
2026-03-20,KXDOGED,15098.0,916.44,133
2026-03-20,KXETH,388883.0,184510.05,6101
2026-03-20,KXETH15M,1613218.0,726713.85,59697
2026-03-20,KXETHD,657561.0,331465.21,10519
2026-03-20,KXEURUSD,3225.0,224.82,120
2026-03-20,KXHYPE15M,155152.0,76228.97,7791
2026-03-20,KXINX,71695.0,12498.27,1250
2026-03-20,KXINXU,661264.0,335386.61,5933
2026-03-20,KXNASDAQ100,17456.0,2847.74,237
2026-03-20,KXNASDAQ100U,158268.0,83998.7,941
2026-03-20,KXSHIBA,25724.0,10850.07,168
2026-03-20,KXSHIBAD,670.0,308.8,20
2026-03-20,KXSOL15M,923590.0,429150.01,37954
2026-03-20,KXSOLD,49391.0,24037.17,1203
2026-03-20,KXSOLE,19453.0,6650.35,406
2026-03-20,KXTNOTED,174.0,47.17,6
2026-03-20,KXUSDJPY,2923.0,380.32,95
2026-03-20,KXWTI,247512.0,140395.92,7689
2026-03-20,KXXRP,9355.0,3522.1,366
2026-03-20,KXXRP15M,850052.0,383336.08,32893
2026-03-20,KXXRPD,8161.0,3085.02,442
2026-03-20,__TOTAL__,579801486.71,217314141.72,3326939
2026-03-21,KXBNB15M,103011.0,52645.94,8168
2026-03-21,KXBRENTD,182.0,147.49,13
2026-03-21,KXBTC,1585254.0,452276.75,23111
2026-03-21,KXBTC15M,18125682.0,9011056.27,405403
2026-03-21,KXBTCD,13702072.0,6499829.67,144919
2026-03-21,KXDOGE,19286.0,3399.56,206
2026-03-21,KXDOGE15M,169593.0,78269.18,10661
2026-03-21,KXDOGED,6654.0,1237.24,137
2026-03-21,KXETH,118572.0,49136.28,3080
2026-03-21,KXETH15M,1315330.0,669423.7,51781
2026-03-21,KXETHD,286787.0,142600.77,5502
2026-03-21,KXEURUSD,872.0,78.28,22
2026-03-21,KXHYPE15M,193017.0,94455.01,8661
2026-03-21,KXINX,5178.0,580.54,611
2026-03-21,KXINXU,4283.0,3464.57,154
2026-03-21,KXNASDAQ100,229.0,33.23,11
2026-03-21,KXNASDAQ100U,5894.0,4672.45,121
2026-03-21,KXSHIBA,13542.0,217.08,51
2026-03-21,KXSHIBAD,105.0,42.82,35
2026-03-21,KXSOL15M,1211328.0,614552.97,42998
2026-03-21,KXSOLD,36994.0,13159.13,1063
2026-03-21,KXSOLE,18662.0,5576.23,380
2026-03-21,KXTNOTED,325.0,57.54,22
2026-03-21,KXUSDJPY,795.0,103.45,35
2026-03-21,KXWTI,49869.0,28009.53,2169
2026-03-21,KXXRP,10798.0,4229.91,376
2026-03-21,KXXRP15M,1313386.0,601727.96,35919
2026-03-21,KXXRPD,12689.0,6367.51,389
2026-03-21,__TOTAL__,568677973.4,220436931.8,3512490
2026-03-22,KXBNB15M,122021.0,58958.16,8154
2026-03-22,KXBRENTD,442.0,212.33,53
2026-03-22,KXBTC,1539762.0,415086.3,23154
2026-03-22,KXBTC15M,19188516.0,9352768.89,414272
2026-03-22,KXBTCD,13537036.0,6593559.43,168629
2026-03-22,KXDOGE,7894.0,2881.33,396
2026-03-22,KXDOGE15M,68542.0,29880.81,5650
2026-03-22,KXDOGED,5385.0,3040.71,259
2026-03-22,KXETH,248981.0,115229.19,7048
2026-03-22,KXETH15M,1634932.0,733194.2,54808
2026-03-22,KXETHD,414454.0,205150.28,9770
2026-03-22,KXEURUSD,2043.0,281.62,77
2026-03-22,KXHYPE15M,125718.0,58413.07,5570
2026-03-22,KXINX,9237.0,718.61,394
2026-03-22,KXINXU,16652.0,8611.86,397
2026-03-22,KXNASDAQ100,835.0,102.86,12
2026-03-22,KXNASDAQ100U,8550.0,7584.89,108
2026-03-22,KXSHIBA,921.0,613.16,22
2026-03-22,KXSHIBAD,268.0,65.41,21
2026-03-22,KXSOL15M,667161.0,286829.89,26535
2026-03-22,KXSOLD,18817.0,6874.94,968
2026-03-22,KXSOLE,11288.0,4782.05,352
2026-03-22,KXTNOTED,898.0,197.67,64
2026-03-22,KXUSDJPY,997.0,101.53,60
2026-03-22,KXWTI,145258.0,83076.16,4351
2026-03-22,KXXRP,4236.0,1508.4,289
2026-03-22,KXXRP15M,727141.0,364942.27,21179
2026-03-22,KXXRPD,22827.0,13656.88,448
2026-03-22,__TOTAL__,544711597.0,220424215.97,3417885
2026-03-23,KXBNB15M,140421.0,65649.98,8297
2026-03-23,KXBRENTD,418.0,215.45,25
2026-03-23,KXBTC,1685517.0,362523.43,22411
2026-03-23,KXBTC15M,18233156.0,9332995.68,414679
2026-03-23,KXBTCD,19917711.0,9843486.95,230404
2026-03-23,KXCOPPERD,27.0,26.19,3
2026-03-23,KXDOGE,29061.0,12899.21,420
2026-03-23,KXDOGE15M,97162.0,45520.57,7407
2026-03-23,KXDOGED,16059.0,7055.89,374
2026-03-23,KXETH,588793.0,241558.97,10854
2026-03-23,KXETH15M,1844327.0,936869.0,59525
2026-03-23,KXETHD,1130422.0,512557.91,14888
2026-03-23,KXEURUSD,4062.0,229.52,109
2026-03-23,KXHYPE15M,127221.0,59895.66,5199
2026-03-23,KXINX,56140.0,8693.84,1930
2026-03-23,KXINXU,702129.0,327022.3,7232
2026-03-23,KXNASDAQ100,8595.0,2253.04,246
2026-03-23,KXNASDAQ100U,231680.0,119255.94,1940
2026-03-23,KXSHIBA,4958.0,780.23,26
2026-03-23,KXSHIBAD,2652.0,713.92,36
2026-03-23,KXSOL15M,712198.0,343146.5,33203
2026-03-23,KXSOLD,47228.0,21416.96,1849
2026-03-23,KXSOLE,8140.0,2818.63,427
2026-03-23,KXTNOTED,7187.0,692.03,161
2026-03-23,KXUSDJPY,3664.0,252.28,159
2026-03-23,KXWTI,1091639.0,364088.4,24980
2026-03-23,KXXRP,12324.0,2319.1,709
2026-03-23,KXXRP15M,866416.0,419115.09,28062
2026-03-23,KXXRPD,18884.0,9111.88,769
2026-03-23,__TOTAL__,343302757.34,140163627.26,2636718
2026-03-24,KXBNB15M,103697.0,54928.21,9145
2026-03-24,KXBNBD,2.0,0.1,2
2026-03-24,KXBRENTD,15371.0,9813.14,625
2026-03-24,KXBTC,1186652.0,271080.5,19365
2026-03-24,KXBTC15M,18548867.0,9259736.39,439886
2026-03-24,KXBTCD,18637232.0,9251979.29,209942
2026-03-24,KXCOPPERD,91.0,57.21,21
2026-03-24,KXDOGE,16632.0,7185.74,415
2026-03-24,KXDOGE15M,158597.0,78866.88,12184
2026-03-24,KXDOGED,6995.0,2326.43,288
2026-03-24,KXETH,347504.0,149726.35,7640
2026-03-24,KXETH15M,1813358.0,914903.59,60142
2026-03-24,KXETHD,762752.0,348849.53,13048
2026-03-24,KXEURUSD,1815.0,299.06,108
2026-03-24,KXGOLDD,671.0,333.23,59
2026-03-24,KXHYPE,41.0,40.59,3
2026-03-24,KXHYPE15M,180755.0,83482.57,9976
2026-03-24,KXHYPED,11.0,4.2,7
2026-03-24,KXINX,43930.0,7051.58,1287
2026-03-24,KXINXU,619490.0,313170.94,6300
2026-03-24,KXNASDAQ100,5221.0,728.27,202
2026-03-24,KXNASDAQ100U,161351.0,90991.18,1288
2026-03-24,KXSHIBA,3000.0,1560.68,44
2026-03-24,KXSHIBAD,1801.0,897.77,18
2026-03-24,KXSILVERD,134.0,83.57,37
2026-03-24,KXSOL15M,898724.0,425545.72,37334
2026-03-24,KXSOLD,61894.0,27478.29,3109
2026-03-24,KXSOLE,13038.0,3179.05,500
2026-03-24,KXTNOTED,3140.0,325.88,57
2026-03-24,KXUSDJPY,1551.0,690.67,81
2026-03-24,KXWTI,689857.0,323498.94,15805
2026-03-24,KXXRP,7170.0,2593.08,409
2026-03-24,KXXRP15M,896431.0,414442.23,33129
2026-03-24,KXXRPD,20763.0,9451.43,870
2026-03-24,__TOTAL__,294369964.92,117390958.56,2466211
2026-03-25,KXBNB15M,92900.0,41600.87,8713
2026-03-25,KXBNBD,14.0,13.86,14
2026-03-25,KXBRENTD,5935.0,3694.28,485
2026-03-25,KXBTC,1554270.0,357551.01,29923
2026-03-25,KXBTC15M,18802863.0,9248085.99,400332
2026-03-25,KXBTCD,18133778.0,9037584.0,196559
2026-03-25,KXCOPPERD,5.0,3.75,1
2026-03-25,KXDOGE,21183.0,6608.7,351
2026-03-25,KXDOGE15M,162652.0,74993.46,11519
2026-03-25,KXDOGED,6501.0,3031.06,283
2026-03-25,KXETH,318844.0,130660.49,6292
2026-03-25,KXETH15M,1759355.0,856056.38,60682
2026-03-25,KXETHD,599472.0,265325.79,11540
2026-03-25,KXEURUSD,1770.0,752.48,88
2026-03-25,KXGOLDD,2397.0,1237.19,165
2026-03-25,KXHYPE15M,333897.0,151809.86,12818
2026-03-25,KXHYPED,1253.0,50.75,40
2026-03-25,KXINX,40392.0,6758.97,1024
2026-03-25,KXINXU,665725.0,281620.8,5985
2026-03-25,KXNASDAQ100,6473.0,2092.93,144
2026-03-25,KXNASDAQ100U,118362.0,65837.99,995
2026-03-25,KXSHIBA,762.0,155.68,21
2026-03-25,KXSHIBAD,545.0,435.82,22
2026-03-25,KXSILVERD,510.0,272.42,38
2026-03-25,KXSOL15M,851709.0,424776.25,36534
2026-03-25,KXSOLD,64906.0,18975.75,3762
2026-03-25,KXSOLE,29477.0,12920.58,793
2026-03-25,KXTNOTED,9132.0,3105.68,141
2026-03-25,KXUSDJPY,1909.0,362.34,93
2026-03-25,KXWTI,659536.0,372238.11,13051
2026-03-25,KXXRP,10992.0,5742.29,403
2026-03-25,KXXRP15M,742947.0,357218.69,31601
2026-03-25,KXXRPD,20025.0,9190.73,1545
2026-03-25,__TOTAL__,333937537.79,126285114.49,2468726
2026-03-26,KXBNB,55.0,5.45,55
2026-03-26,KXBNB15M,87695.0,38611.14,8446
2026-03-26,KXBNBD,10.0,0.3,1
2026-03-26,KXBRENTD,3610.0,2501.31,205
2026-03-26,KXBTC,1624138.0,395462.8,21298
2026-03-26,KXBTC15M,17037379.72,7929247.39,330359
2026-03-26,KXBTCD,17606378.0,8762675.12,166422
2026-03-26,KXCOPPERD,2485.0,1640.73,148
2026-03-26,KXDOGE,12231.0,3587.06,579
2026-03-26,KXDOGE15M,142329.0,62563.16,11138
2026-03-26,KXDOGED,5861.0,3112.6,233
2026-03-26,KXETH,338783.0,144042.29,5075
2026-03-26,KXETH15M,1614148.0,745833.88,59077
2026-03-26,KXETHD,655607.0,309186.59,9230
2026-03-26,KXEURUSD,990.0,151.88,123
2026-03-26,KXGOLDD,17991.0,7010.28,745
2026-03-26,KXHYPE,51.0,1.53,51
2026-03-26,KXHYPE15M,234825.0,106501.01,9883
2026-03-26,KXINX,61773.0,9373.26,1515
2026-03-26,KXINXU,879751.0,343031.75,5552
2026-03-26,KXNASDAQ100,5871.0,776.65,187
2026-03-26,KXNASDAQ100U,139897.0,60416.02,1278
2026-03-26,KXSHIBA,5584.0,994.43,47
2026-03-26,KXSHIBAD,1701.0,1010.7,21
2026-03-26,KXSILVERD,2249.0,1014.34,217
2026-03-26,KXSOL15M,735927.0,347579.37,28903
2026-03-26,KXSOLD,114496.0,50053.69,3084
2026-03-26,KXSOLE,10642.0,2660.59,456
2026-03-26,KXTNOTED,2400.0,333.84,46
2026-03-26,KXUSDJPY,1148.0,161.09,109
2026-03-26,KXWTI,505659.0,294120.53,12712
2026-03-26,KXXRP,4443.0,772.02,454
2026-03-26,KXXRP15M,674177.0,275607.23,25510
2026-03-26,KXXRPD,7058.0,4099.75,906
2026-03-26,__TOTAL__,406414517.45,152800236.83,2764474
2026-03-27,KXBNB,230.0,9.1,11
2026-03-27,KXBNB15M,99959.0,41757.52,6908
2026-03-27,KXBRENTD,12715.0,6821.24,442
2026-03-27,KXBTC,1836552.0,443466.26,23648
2026-03-27,KXBTC15M,20384154.25,10604792.57,361089
2026-03-27,KXBTCD,20972826.0,10369009.68,203886
2026-03-27,KXCOPPERD,434.0,280.04,17
2026-03-27,KXDOGE,17101.0,5560.35,576
2026-03-27,KXDOGE15M,143750.0,65163.05,10149
2026-03-27,KXDOGED,7237.0,2523.66,407
2026-03-27,KXETH,302443.0,120519.87,5875
2026-03-27,KXETH15M,1921992.0,1004137.23,57476
2026-03-27,KXETHD,843890.0,385694.13,10631
2026-03-27,KXEURUSD,1735.0,254.75,76
2026-03-27,KXGOLDD,9356.0,4933.56,249
2026-03-27,KXHYPE,144.0,82.44,86
2026-03-27,KXHYPE15M,207395.0,100798.11,9684
2026-03-27,KXINX,139126.0,16143.18,1848
2026-03-27,KXINXU,652585.0,284953.52,5594
2026-03-27,KXNASDAQ100,26337.0,7598.18,339
2026-03-27,KXNASDAQ100U,210499.0,112091.08,1313
2026-03-27,KXSHIBA,6709.0,311.59,26
2026-03-27,KXSHIBAD,1818.0,199.43,49
2026-03-27,KXSILVERD,5306.0,2578.96,124
2026-03-27,KXSOL15M,719408.0,386240.28,30997
2026-03-27,KXSOLD,68697.0,22942.51,3256
2026-03-27,KXSOLE,8722.0,1065.73,449
2026-03-27,KXTNOTED,209.0,17.58,5
2026-03-27,KXUSDJPY,3882.0,599.25,111
2026-03-27,KXWTI,525092.0,355401.48,11595
2026-03-27,KXXRP,3408.0,595.9,442
2026-03-27,KXXRP15M,653040.0,284808.77,25666
2026-03-27,KXXRPD,21074.0,8323.98,1812
2026-03-27,__TOTAL__,449418357.5,170140859.27,2849243
2026-03-28,KXBNB,394.0,10.68,17
2026-03-28,KXBNB15M,47866.0,26065.36,3039
2026-03-28,KXBRENTD,7346.0,4739.95,323
2026-03-28,KXBTC,979711.0,277546.31,16375
2026-03-28,KXBTC15M,16226076.43,8719676.38,329713
2026-03-28,KXBTCD,12987197.0,6198056.95,158121
2026-03-28,KXCOPPERD,1365.0,468.81,47
2026-03-28,KXDOGE,5746.0,322.95,169
2026-03-28,KXDOGE15M,95608.0,49582.89,6496
2026-03-28,KXDOGED,2347.0,1782.98,115
2026-03-28,KXETH,108001.0,54991.99,3039
2026-03-28,KXETH15M,1722852.0,855150.78,47971
2026-03-28,KXETHD,382015.0,172358.08,6316
2026-03-28,KXEURUSD,858.0,113.89,31
2026-03-28,KXGOLDD,6937.0,3400.32,472
2026-03-28,KXHYPE,953.0,9.53,21
2026-03-28,KXHYPE15M,98187.0,50081.76,5003
2026-03-28,KXHYPED,35.0,3.29,33
2026-03-28,KXINX,3124.0,176.14,138
2026-03-28,KXINXU,13853.0,10637.15,428
2026-03-28,KXNASDAQ100,754.0,41.41,12
2026-03-28,KXNASDAQ100U,12095.0,8775.27,277
2026-03-28,KXSHIBA,5609.0,57.27,15
2026-03-28,KXSHIBAD,730.0,45.12,9
2026-03-28,KXSILVERD,1961.0,1027.89,155
2026-03-28,KXSOL15M,456255.0,238211.78,23533
2026-03-28,KXSOLD,40570.0,19531.42,2267
2026-03-28,KXSOLE,3716.0,1305.27,262
2026-03-28,KXTNOTED,687.0,127.62,19
2026-03-28,KXUSDJPY,452.0,46.65,15
2026-03-28,KXWTI,61598.0,44864.88,2267
2026-03-28,KXXRP,1619.0,382.79,152
2026-03-28,KXXRP15M,357524.0,163511.45,18604
2026-03-28,KXXRPD,3916.0,1753.05,671
2026-03-28,__TOTAL__,468420360.48,188198130.85,3102167
2026-03-29,KXBNB,1120.0,28.73,492
2026-03-29,KXBNB15M,43778.0,20838.68,3202
2026-03-29,KXBNBD,1069.0,671.52,765
2026-03-29,KXBRENTD,11690.0,8036.34,557
2026-03-29,KXBTC,1113079.0,327070.66,17579
2026-03-29,KXBTC15M,15082690.98,7285733.99,364299
2026-03-29,KXBTCD,14905481.0,7336649.28,188096
2026-03-29,KXCOPPERD,1029.0,571.45,84
2026-03-29,KXDOGE,8335.0,2411.24,130
2026-03-29,KXDOGE15M,94595.0,53490.44,6670
2026-03-29,KXDOGED,6231.0,3316.31,302
2026-03-29,KXETH,104388.0,44239.93,3139
2026-03-29,KXETH15M,1678279.0,881914.87,51169
2026-03-29,KXETHD,442436.0,225334.56,8428
2026-03-29,KXEURUSD,1134.0,121.0,66
2026-03-29,KXGOLDD,15926.0,8742.09,793
2026-03-29,KXHYPE,1082.0,66.61,475
2026-03-29,KXHYPE15M,77098.0,33075.09,4194
2026-03-29,KXHYPED,1191.0,792.9,660
2026-03-29,KXINX,2979.0,257.78,146
2026-03-29,KXINXU,16370.0,9435.63,460
2026-03-29,KXNASDAQ100,1001.0,86.81,29
2026-03-29,KXNASDAQ100U,2826.0,1739.8,172
2026-03-29,KXNATGASD,133.0,104.11,20
2026-03-29,KXSHIBA,2237.0,69.08,12
2026-03-29,KXSHIBAD,644.0,258.77,8
2026-03-29,KXSILVERD,5916.0,3087.46,311
2026-03-29,KXSOL15M,481402.0,255329.48,22695
2026-03-29,KXSOLD,35356.0,13550.06,2569
2026-03-29,KXSOLE,7248.0,2281.96,341
2026-03-29,KXTNOTED,1399.0,250.15,25
2026-03-29,KXUSDJPY,5752.0,380.72,49
2026-03-29,KXWTI,227586.0,134684.94,4980
2026-03-29,KXXRP,7427.0,1397.25,310
2026-03-29,KXXRP15M,343119.0,172673.84,17943
2026-03-29,KXXRPD,10780.0,5954.18,870
2026-03-29,__TOTAL__,434424827.81,173107033.65,2739827
2026-03-30,KXBNB,3651.0,262.54,1466
2026-03-30,KXBNB15M,37302.0,17278.17,2975
2026-03-30,KXBNBD,4434.0,1977.57,2096
2026-03-30,KXBRENTD,15896.0,9190.04,871
2026-03-30,KXBTC,1124849.0,288746.51,19231
2026-03-30,KXBTC15M,18097241.71,8962535.9,372908
2026-03-30,KXBTCD,19941759.0,9952530.62,201521
2026-03-30,KXCOPPERD,1677.0,784.31,144
2026-03-30,KXDOGE,9251.0,2427.09,233
2026-03-30,KXDOGE15M,115209.0,60957.26,7931
2026-03-30,KXDOGED,5607.0,4276.21,375
2026-03-30,KXETH,264597.0,110131.89,4777
2026-03-30,KXETH15M,1841292.0,957938.18,54913
2026-03-30,KXETHD,871217.0,413745.03,11869
2026-03-30,KXEURUSD,1522.0,207.92,99
2026-03-30,KXGOLDD,54572.0,31362.69,2309
2026-03-30,KXHYPE,6177.0,88.25,1360
2026-03-30,KXHYPE15M,92333.0,43758.26,4727
2026-03-30,KXHYPED,6182.0,3979.14,1506
2026-03-30,KXINX,35833.0,11211.48,953
2026-03-30,KXINXU,587898.0,238474.97,5553
2026-03-30,KXNASDAQ100,4676.0,1344.99,174
2026-03-30,KXNASDAQ100U,229134.0,90955.69,1549
2026-03-30,KXNATGASD,1693.0,929.06,61
2026-03-30,KXSHIBA,7894.0,3286.31,65
2026-03-30,KXSHIBAD,3132.0,1537.22,36
2026-03-30,KXSILVERD,6500.0,3625.97,427
2026-03-30,KXSOL15M,510555.0,246481.91,25624
2026-03-30,KXSOLD,34579.0,15138.74,2535
2026-03-30,KXSOLE,10034.0,2010.62,393
2026-03-30,KXTNOTED,7170.0,763.51,156
2026-03-30,KXUSDJPY,1836.0,262.47,109
2026-03-30,KXWTI,1095330.0,512645.23,24903
2026-03-30,KXXRP,9575.0,2620.21,387
2026-03-30,KXXRP15M,386522.0,180245.35,20283
2026-03-30,KXXRPD,14547.0,6087.62,1169
2026-03-30,__TOTAL__,355424862.46,138349934.17,2544445
2026-03-31,KXBNB,6460.0,476.47,204
2026-03-31,KXBNB15M,31740.0,16008.69,2436
2026-03-31,KXBNBD,3064.0,1829.97,637
2026-03-31,KXBRENTD,96504.0,22357.68,2732
2026-03-31,KXBTC,1018424.0,202587.15,17211
2026-03-31,KXBTC15M,16955400.15,8726981.64,363735
2026-03-31,KXBTCD,21611554.0,10602030.89,220760
2026-03-31,KXCOPPERD,977.0,696.16,73
2026-03-31,KXDOGE,8103.0,3413.59,265
2026-03-31,KXDOGE15M,172444.0,81278.03,10861
2026-03-31,KXDOGED,5554.0,2822.56,331
2026-03-31,KXETH,218103.0,74973.39,3286
2026-03-31,KXETH15M,1858424.0,958956.88,55680
2026-03-31,KXETHD,738029.0,370585.76,9877
2026-03-31,KXEURUSD,1612.0,216.82,122
2026-03-31,KXGOLDD,32002.0,19032.65,1245
2026-03-31,KXHYPE,8390.0,382.97,223
2026-03-31,KXHYPE15M,89706.0,44832.85,4439
2026-03-31,KXHYPED,2974.0,1682.91,449
2026-03-31,KXINX,32328.0,7132.3,1618
2026-03-31,KXINXU,821137.0,377903.89,6614
2026-03-31,KXNASDAQ100,13504.0,4765.79,204
2026-03-31,KXNASDAQ100U,94461.0,50094.28,1540
2026-03-31,KXNATGASD,3051.0,1663.29,109
2026-03-31,KXSHIBA,4681.0,2167.56,67
2026-03-31,KXSHIBAD,1617.0,490.59,27
2026-03-31,KXSILVERD,9392.0,6077.22,388
2026-03-31,KXSOL15M,686276.0,352777.84,31309
2026-03-31,KXSOLD,35006.0,13277.92,1586
2026-03-31,KXSOLE,11982.0,4221.06,375
2026-03-31,KXTNOTED,2227.0,258.94,42
2026-03-31,KXUSDJPY,2485.0,414.38,112
2026-03-31,KXWTI,1384658.0,694421.34,23726
2026-03-31,KXXRP,8016.0,1794.17,400
2026-03-31,KXXRP15M,400088.0,203207.13,20016
2026-03-31,KXXRPD,14454.0,8426.43,665
2026-03-31,__TOTAL__,369801619.11,142622377.06,2702007
2026-04-01,KXBNB,5575.0,570.53,282
2026-04-01,KXBNB15M,30160.0,14813.04,2882
2026-04-01,KXBNBD,4629.0,3040.57,836
2026-04-01,KXBRENTD,21303.0,9606.53,1072
2026-04-01,KXBTC,991660.0,218651.86,16073
2026-04-01,KXBTC15M,17357340.28,8879395.73,360737
2026-04-01,KXBTCD,19320346.0,9354554.61,200538
2026-04-01,KXCOPPERD,17459.0,13117.23,752
2026-04-01,KXDOGE,4214.0,1407.9,162
2026-04-01,KXDOGE15M,204416.0,96665.91,13575
2026-04-01,KXDOGED,2503.0,1260.5,262
2026-04-01,KXETH,154847.0,60622.35,3161
2026-04-01,KXETH15M,2080759.0,1021855.87,65616
2026-04-01,KXETHD,817817.0,380682.13,13475
2026-04-01,KXEURUSD,1479.0,629.04,129
2026-04-01,KXGOLDD,48089.0,30211.78,2280
2026-04-01,KXHYPE,6834.0,114.77,190
2026-04-01,KXHYPE15M,242989.0,120127.6,12762
2026-04-01,KXHYPED,3111.0,1723.61,600
2026-04-01,KXINX,51963.0,15386.36,1498
2026-04-01,KXINXU,579721.0,301881.76,5986
2026-04-01,KXNASDAQ100,6219.0,1435.94,646
2026-04-01,KXNASDAQ100U,121379.0,70425.89,1361
2026-04-01,KXNATGASD,5578.0,2879.45,193
2026-04-01,KXSHIBA,5414.0,1175.53,33
2026-04-01,KXSHIBAD,5115.0,745.18,17
2026-04-01,KXSILVERD,9676.0,6349.59,592
2026-04-01,KXSOL15M,709926.0,345916.21,36398
2026-04-01,KXSOLD,38053.0,15503.69,1841
2026-04-01,KXSOLE,19786.0,1989.62,406
2026-04-01,KXTNOTED,4180.0,533.09,76
2026-04-01,KXUSDJPY,2367.0,829.05,110
2026-04-01,KXWTI,1026074.0,547025.02,19301
2026-04-01,KXXRP,7311.0,1448.62,159
2026-04-01,KXXRP15M,346119.0,157392.72,20858
2026-04-01,KXXRPD,12027.0,4593.82,590
2026-04-01,__TOTAL__,402295264.84,162638783.72,2808682
2026-04-02,KXBNB,16284.0,190.37,203
2026-04-02,KXBNB15M,46197.0,20656.7,3496
2026-04-02,KXBNBD,6445.0,3139.89,651
2026-04-02,KXBRENTD,34635.0,17115.3,2271
2026-04-02,KXBTC,1035274.0,217383.75,14370
2026-04-02,KXBTC15M,18195955.63,9052146.63,401321
2026-04-02,KXBTCD,15753894.0,7759025.01,157722
2026-04-02,KXCOPPERD,2568.0,1466.13,193
2026-04-02,KXDOGE,7875.0,2860.67,235
2026-04-02,KXDOGE15M,138047.0,60628.94,11855
2026-04-02,KXDOGED,7002.0,4540.71,416
2026-04-02,KXETH,199727.0,73270.01,3906
2026-04-02,KXETH15M,1926920.0,938269.94,61189
2026-04-02,KXETHD,764401.0,371187.14,13248
2026-04-02,KXEURUSD,1928.0,1102.95,99
2026-04-02,KXGOLDD,47027.0,24149.34,5299
2026-04-02,KXHYPE,5918.0,79.2,87
2026-04-02,KXHYPE15M,178128.0,88965.33,10531
2026-04-02,KXHYPED,1395.0,980.9,370
2026-04-02,KXINX,63174.0,16344.05,1666
2026-04-02,KXINXU,842014.0,496556.75,7641
2026-04-02,KXNASDAQ100,4405.0,1028.27,416
2026-04-02,KXNASDAQ100U,402287.0,172159.11,2291
2026-04-02,KXNATGASD,2488.0,1077.15,139
2026-04-02,KXSHIBA,2284.0,60.93,18
2026-04-02,KXSHIBAD,383.0,42.85,13
2026-04-02,KXSILVERD,7968.0,4359.53,387
2026-04-02,KXSOL15M,531015.0,258309.87,29678
2026-04-02,KXSOLD,27740.0,5795.6,1142
2026-04-02,KXSOLE,4790.0,427.27,280
2026-04-02,KXTNOTED,5040.0,559.01,129
2026-04-02,KXUSDJPY,1498.0,255.81,69
2026-04-02,KXWTI,1528512.0,803916.29,30828
2026-04-02,KXXRP,5479.0,453.25,159
2026-04-02,KXXRP15M,264126.0,134484.52,16805
2026-04-02,KXXRPD,4584.0,1902.57,545
2026-04-02,__TOTAL__,368578579.87,141505653.76,2592334
2026-04-03,KXBNB,8681.0,212.72,121
2026-04-03,KXBNB15M,92026.0,51539.01,6778
2026-04-03,KXBNBD,2655.0,2573.15,250
2026-04-03,KXBRENTD,11330.0,6752.15,359
2026-04-03,KXBTC,773697.0,213721.62,17220
2026-04-03,KXBTC15M,22187617.21,11239214.75,438431
2026-04-03,KXBTCD,13216846.0,6414630.94,144885
2026-04-03,KXCOPPERD,1406.0,304.15,75
2026-04-03,KXDOGE,7372.0,727.58,146
2026-04-03,KXDOGE15M,210236.0,99047.16,12265
2026-04-03,KXDOGED,2466.0,375.29,219
2026-04-03,KXETH,65605.0,14638.19,2510
2026-04-03,KXETH15M,1894552.0,973567.31,69647
2026-04-03,KXETHD,454930.0,137439.83,10869
2026-04-03,KXEURUSD,802.0,172.02,98
2026-04-03,KXGOLDD,5169.0,3384.39,308
2026-04-03,KXHYPE,7403.0,98.1,54
2026-04-03,KXHYPE15M,228860.0,113457.86,16426
2026-04-03,KXHYPED,221.0,110.57,113
2026-04-03,KXINX,207.0,63.97,24
2026-04-03,KXINXU,197.0,180.78,19
2026-04-03,KXNASDAQ100U,40.0,20.0,4
2026-04-03,KXNATGASD,916.0,379.0,79
2026-04-03,KXSHIBA,2356.0,23.56,10
2026-04-03,KXSHIBAD,2.0,0.06,1
2026-04-03,KXSILVERD,1730.0,915.23,116
2026-04-03,KXSOL15M,502431.0,262708.63,27852
2026-04-03,KXSOLD,20275.0,5863.27,1273
2026-04-03,KXSOLE,10963.0,715.54,143
2026-04-03,KXTNOTED,481.0,91.1,5
2026-04-03,KXUSDJPY,2602.0,432.52,73
2026-04-03,KXWTI,603051.0,60300.88,4896
2026-04-03,KXXRP,13097.0,1263.84,389
2026-04-03,KXXRP15M,443145.0,201320.65,23149
2026-04-03,KXXRPD,8899.0,2769.66,836
2026-04-03,__TOTAL__,415916536.31,166699846.7,2816937
2026-04-04,KXBNB,4237.0,190.23,52
2026-04-04,KXBNB15M,81913.4,44145.59,7868
2026-04-04,KXBNBD,429.0,82.25,9
2026-04-04,KXBRENTD,14756.0,8226.72,977
2026-04-04,KXBTC,701923.0,229335.54,14804
2026-04-04,KXBTC15M,19206237.26,9597294.4,399469
2026-04-04,KXBTCD,12690153.0,6192446.52,131064
2026-04-04,KXCOPPERD,5722.0,1264.49,107
2026-04-04,KXDOGE,8577.0,248.36,64
2026-04-04,KXDOGE15M,235879.03,105756.45,15426
2026-04-04,KXDOGED,1204.0,509.38,61
2026-04-04,KXETH,32558.0,6425.93,1572
2026-04-04,KXETH15M,1440574.38,687117.51,63410
2026-04-04,KXETHD,281635.0,109957.74,6973
2026-04-04,KXEURUSD,590.0,55.21,14
2026-04-04,KXGOLDD,8082.0,4221.69,346
2026-04-04,KXHYPE,1056.0,102.29,50
2026-04-04,KXHYPE15M,177193.4,91151.7,13438
2026-04-04,KXHYPED,379.0,315.62,40
2026-04-04,KXINX,2139.0,377.78,107
2026-04-04,KXINXU,5792.0,4304.52,261
2026-04-04,KXNASDAQ100,1415.0,59.74,25
2026-04-04,KXNASDAQ100U,4025.0,3658.04,163
2026-04-04,KXNATGASD,918.0,589.88,69
2026-04-04,KXSHIBA,4326.0,43.26,14
2026-04-04,KXSILVERD,2789.0,1660.66,133
2026-04-04,KXSOL15M,577490.21,289490.53,34127
2026-04-04,KXSOLD,21420.0,7582.4,754
2026-04-04,KXSOLE,6622.0,1004.98,123
2026-04-04,KXTNOTED,94.0,17.01,4
2026-04-04,KXUSDJPY,1493.0,168.62,42
2026-04-04,KXWTI,63291.0,35630.9,2562
2026-04-04,KXXRP,10570.0,594.38,254
2026-04-04,KXXRP15M,507509.6,231527.63,26456
2026-04-04,KXXRPD,1675.0,589.33,205
2026-04-04,__TOTAL__,528097106.08,209278225.75,3500740
2026-04-05,KXBNB,6036.0,205.34,28
2026-04-05,KXBNB15M,99165.85,47913.33,8282
2026-04-05,KXBNBD,2390.0,34.05,13
2026-04-05,KXBRENTD,53161.0,32113.56,2933
2026-04-05,KXBTC,749757.0,223501.82,15793
2026-04-05,KXBTC15M,15346692.5,8397946.86,424431
2026-04-05,KXBTCD,13738841.0,6505161.52,155354
2026-04-05,KXCOPPERD,1031.0,472.94,103
2026-04-05,KXDOGE,3284.0,203.93,62
2026-04-05,KXDOGE15M,176869.28,90037.37,12651
2026-04-05,KXDOGED,1363.0,564.33,49
2026-04-05,KXETH,45863.0,11724.19,1454
2026-04-05,KXETH15M,1320272.14,705513.02,60737
2026-04-05,KXETHD,375039.0,160378.09,7733
2026-04-05,KXEURUSD,1654.0,174.27,44
2026-04-05,KXGOLDD,25579.0,13463.53,1034
2026-04-05,KXHYPE,12343.0,231.8,51
2026-04-05,KXHYPE15M,147996.17,71654.47,11306
2026-04-05,KXHYPED,171.0,63.16,21
2026-04-05,KXINX,7493.0,986.47,214
2026-04-05,KXINXU,10833.0,5574.53,314
2026-04-05,KXNASDAQ100,1483.0,258.72,15
2026-04-05,KXNASDAQ100U,6873.0,6174.24,202
2026-04-05,KXNATGASD,4242.0,1325.82,141
2026-04-05,KXSHIBA,3699.0,36.99,14
2026-04-05,KXSILVERD,17343.0,9765.2,437
2026-04-05,KXSOL15M,531487.01,282396.86,33557
2026-04-05,KXSOLD,28840.0,7919.58,971
2026-04-05,KXSOLE,6000.0,1253.97,119
2026-04-05,KXTNOTED,806.0,131.71,22
2026-04-05,KXUSDJPY,2431.0,340.96,75
2026-04-05,KXWTI,139227.0,76541.46,4903
2026-04-05,KXXRP,6489.0,512.21,128
2026-04-05,KXXRP15M,437561.98,217257.98,26800
2026-04-05,KXXRPD,9949.0,4348.68,271
2026-04-05,__TOTAL__,464871348.17,179884222.44,3133409
2026-04-06,KXBNB,9683.0,231.06,118
2026-04-06,KXBNB15M,133490.79,65673.83,10613
2026-04-06,KXBNBD,1321.0,256.19,131
2026-04-06,KXBRENTD,44498.0,23576.42,2147
2026-04-06,KXBTC,988640.0,239754.34,17157
2026-04-06,KXBTC15M,16950386.14,8359265.97,423150
2026-04-06,KXBTCD,17554052.0,8543169.91,166088
2026-04-06,KXCOPPERD,12828.0,4415.46,337
2026-04-06,KXDOGE,7885.0,3037.13,78
2026-04-06,KXDOGE15M,223088.75,97404.62,16216
2026-04-06,KXDOGED,396.0,118.51,57
2026-04-06,KXETH,114745.0,44100.31,2664
2026-04-06,KXETH15M,1475735.95,702898.84,64001
2026-04-06,KXETHD,670253.0,331786.09,8438
2026-04-06,KXEURUSD,5058.0,739.46,95
2026-04-06,KXGOLDD,127291.0,58283.55,5130
2026-04-06,KXHYPE,4868.0,168.13,166
2026-04-06,KXHYPE15M,193484.49,100103.49,15454
2026-04-06,KXHYPED,1577.0,450.29,206
2026-04-06,KXINX,29529.0,4687.22,1044
2026-04-06,KXINXU,554923.0,322633.68,5342
2026-04-06,KXNASDAQ100,9808.0,3115.73,143
2026-04-06,KXNASDAQ100U,54819.0,26158.61,722
2026-04-06,KXNATGASD,9324.0,4376.04,371
2026-04-06,KXSHIBA,772.0,404.0,3
2026-04-06,KXSHIBAD,641.0,269.22,6
2026-04-06,KXSILVERD,35452.0,16875.3,1527
2026-04-06,KXSOL15M,628662.52,305626.45,36503
2026-04-06,KXSOLD,26326.0,6194.51,1240
2026-04-06,KXSOLE,2053.0,437.16,98
2026-04-06,KXTNOTED,1356.0,326.06,43
2026-04-06,KXUSDJPY,2747.0,253.37,62
2026-04-06,KXWTI,717141.0,391007.12,13385
2026-04-06,KXXRP,5079.0,264.14,95
2026-04-06,KXXRP15M,402634.17,183043.55,26828
2026-04-06,KXXRPD,10754.0,3210.99,249
2026-04-06,__TOTAL__,448718156.94,173317593.54,3091442
2026-04-07,KXBNB,8171.0,865.26,184
2026-04-07,KXBNB15M,146720.14,74176.52,11005
2026-04-07,KXBNBD,2603.0,1059.18,22
2026-04-07,KXBRENTD,78911.0,30450.99,4232
2026-04-07,KXBTC,1326740.0,268964.3,21809
2026-04-07,KXBTC15M,18557836.41,9154321.36,446504
2026-04-07,KXBTCD,20999934.0,10608523.18,232342
2026-04-07,KXCOPPERD,8232.0,4489.92,355
2026-04-07,KXDOGE,9319.0,2514.9,175
2026-04-07,KXDOGE15M,205430.95,107711.34,13933
2026-04-07,KXDOGED,7812.0,3458.91,118
2026-04-07,KXETH,212168.0,84367.79,3365
2026-04-07,KXETH15M,1733084.72,918197.18,65175
2026-04-07,KXETHD,814553.0,365566.71,12720
2026-04-07,KXEURUSD,6045.0,633.74,145
2026-04-07,KXGOLDD,100266.0,55632.52,5083
2026-04-07,KXHYPE,7394.0,177.66,93
2026-04-07,KXHYPE15M,274769.31,141804.68,16798
2026-04-07,KXHYPED,2001.0,932.45,69
2026-04-07,KXINX,64201.0,9396.32,1526
2026-04-07,KXINXU,523023.0,272132.73,6026
2026-04-07,KXNASDAQ100,37197.0,9067.97,272
2026-04-07,KXNASDAQ100U,118005.0,51559.04,1214
2026-04-07,KXNATGASD,19131.0,8064.0,600
2026-04-07,KXSHIBA,4817.0,1226.63,39
2026-04-07,KXSHIBAD,1483.0,428.23,30
2026-04-07,KXSILVERD,33408.0,18636.08,2291
2026-04-07,KXSOL15M,635650.94,327408.51,34310
2026-04-07,KXSOLD,51134.0,17494.44,1663
2026-04-07,KXSOLE,5623.0,2873.65,214
2026-04-07,KXTNOTED,4273.0,634.6,82
2026-04-07,KXUSDJPY,2147.0,471.74,68
2026-04-07,KXWTI,1494151.0,716873.67,34562
2026-04-07,KXXRP,9712.0,3410.63,322
2026-04-07,KXXRP15M,454501.87,228691.15,27770
2026-04-07,KXXRPD,24294.0,13636.13,455
2026-04-07,__TOTAL__,473898413.89,164811769.87,3076046
2026-04-08,KXBNB,1169.0,259.99,110
2026-04-08,KXBNB15M,194342.33,108998.71,17062
2026-04-08,KXBNBD,1570.0,605.87,551
2026-04-08,KXBRENTD,46928.0,20525.59,2677
2026-04-08,KXBTC,871404.0,183420.19,16521
2026-04-08,KXBTC15M,20160790.97,10711940.36,456560
2026-04-08,KXBTCD,16674786.0,8218690.2,198971
2026-04-08,KXCOPPERD,4554.0,2604.99,203
2026-04-08,KXDOGE,14208.0,5318.13,272
2026-04-08,KXDOGE15M,245287.45,116234.97,20718
2026-04-08,KXDOGED,7858.0,3568.76,233
2026-04-08,KXETH,64932.0,22134.08,2788
2026-04-08,KXETH15M,1587773.12,848733.09,71619
2026-04-08,KXETHD,564425.0,229743.66,8847
2026-04-08,KXEURUSD,2504.0,678.55,93
2026-04-08,KXGOLDD,44066.0,23414.35,2314
2026-04-08,KXHYPE,18536.0,1044.68,244
2026-04-08,KXHYPE15M,273614.59,133073.11,21558
2026-04-08,KXHYPED,2080.0,1765.14,492
2026-04-08,KXINX,116103.0,33085.58,2238
2026-04-08,KXINXU,614254.0,266426.84,6780
2026-04-08,KXNASDAQ100,43881.0,4064.3,384
2026-04-08,KXNASDAQ100U,140810.0,57519.34,2032
2026-04-08,KXNATGASD,7552.0,4019.86,358
2026-04-08,KXSHIBA,15856.0,3842.17,97
2026-04-08,KXSHIBAD,6777.0,3525.76,55
2026-04-08,KXSILVERD,11108.0,6540.72,803
2026-04-08,KXSOL15M,722048.55,373562.54,39926
2026-04-08,KXSOLD,35260.0,11059.83,1656
2026-04-08,KXSOLE,7513.0,2387.78,291
2026-04-08,KXTNOTED,2296.0,159.65,64
2026-04-08,KXUSDJPY,1217.0,323.41,40
2026-04-08,KXWTI,1322659.0,609449.35,24851
2026-04-08,KXXRP,10583.0,1761.41,343
2026-04-08,KXXRP15M,511076.88,269612.5,33865
2026-04-08,KXXRPD,16358.0,8270.26,630
2026-04-08,__TOTAL__,525635760.47,186366659.49,3125798
2026-04-09,KXBNB,3338.52,932.33,139
2026-04-09,KXBNB15M,168777.41,86457.55,13849
2026-04-09,KXBNBD,4023.36,998.45,415
2026-04-09,KXBTC,742896.96,132821.77,17229
2026-04-09,KXBTC15M,17744455.39,8459283.62,400501
2026-04-09,KXBTCD,15925604.49,7859630.22,205275
2026-04-09,KXDOGE,4770.1,681.88,127
2026-04-09,KXDOGE15M,220360.46,111145.23,16685
2026-04-09,KXDOGED,8217.5,6921.33,141
2026-04-09,KXETH,59031.84,18632.3,3575
2026-04-09,KXETH15M,1720552.11,855751.63,68685
2026-04-09,KXETHD,410232.18,175815.2,9460
2026-04-09,KXEURUSD,1779.61,457.95,107
2026-04-09,KXHYPE,1045.53,118.78,176
2026-04-09,KXHYPE15M,275772.34,149299.8,19177
2026-04-09,KXHYPED,1768.68,474.21,481
2026-04-09,KXINX,89697.5,19888.02,3376
2026-04-09,KXINXU,218265.93,92920.62,8329
2026-04-09,KXNASDAQ100,9431.78,872.29,162
2026-04-09,KXNASDAQ100U,43559.31,16618.48,4809
2026-04-09,KXSHIBA,6827.1,3198.34,44
2026-04-09,KXSHIBAD,2887.66,1556.98,22
2026-04-09,KXSOL15M,652587.53,316533.44,35686
2026-04-09,KXSOLD,36913.47,13869.01,1277
2026-04-09,KXSOLE,6196.41,1553.98,169
2026-04-09,KXTNOTED,6197.57,1247.59,101
2026-04-09,KXUSDJPY,711.71,290.03,38
2026-04-09,KXWTI,1105628.06,557864.68,24345
2026-04-09,KXXRP,15191.97,6660.08,204
2026-04-09,KXXRP15M,505145.49,240506.64,29033
2026-04-09,KXXRPD,28537.85,16673.46,536
2026-04-09,__TOTAL__,478189865.19,150739838.36,2833782
2026-04-10,KXBNB,9550.44,1520.15,180
2026-04-10,KXBNB15M,184387.18,77845.79,14659
2026-04-10,KXBNBD,1307.69,703.34,490
2026-04-10,KXBTC,907713.77,193581.69,21348
2026-04-10,KXBTC15M,22001198.63,10516064.85,493213
2026-04-10,KXBTCD,19986715.87,9791763.92,224865
2026-04-10,KXDOGE,9008.65,3003.97,235
2026-04-10,KXDOGE15M,265361.3,126428.28,17997
2026-04-10,KXDOGED,7030.55,4017.94,210
2026-04-10,KXETH,169702.99,63239.18,6616
2026-04-10,KXETH15M,1863097.71,937228.58,75854
2026-04-10,KXETHD,562685.33,205935.43,15694
2026-04-10,KXEURUSD,1433.99,196.12,153
2026-04-10,KXHYPE,2312.48,287.81,268
2026-04-10,KXHYPE15M,264259.77,136055.98,17434
2026-04-10,KXHYPED,3296.7,859.81,760
2026-04-10,KXINX,81390.34,19686.14,2114
2026-04-10,KXINXU,260709.34,85197.58,6026
2026-04-10,KXNASDAQ100,32685.27,9178.25,330
2026-04-10,KXNASDAQ100U,21977.31,16738.89,2543
2026-04-10,KXSHIBA,9958.15,4873.8,118
2026-04-10,KXSHIBAD,5241.81,2666.25,77
2026-04-10,KXSOL15M,658358.6,313735.93,33757
2026-04-10,KXSOLD,56503.3,13132.35,1420
2026-04-10,KXSOLE,4461.72,1421.84,305
2026-04-10,KXTNOTED,518.0,14.64,5
2026-04-10,KXUSDJPY,3236.89,606.42,97
2026-04-10,KXWTI,747019.33,370963.89,13309
2026-04-10,KXXRP,66617.2,26079.55,253
2026-04-10,KXXRP15M,490301.55,239532.69,29685
2026-04-10,KXXRPD,48821.91,32578.36,575
2026-04-10,__TOTAL__,528771401.35,178677859.4,3173292
2026-04-11,KXBNB,2451.0,702.12,181
2026-04-11,KXBNB15M,106018.61,57973.89,7629
2026-04-11,KXBNBD,329.0,205.28,146
2026-04-11,KXBTC,719168.0,176974.64,13675
2026-04-11,KXBTC15M,20748359.41,10177392.2,509403
2026-04-11,KXBTCD,16901899.0,8294412.28,189122
2026-04-11,KXDOGE,32932.0,629.12,210
2026-04-11,KXDOGE15M,191069.61,101773.71,13278
2026-04-11,KXDOGED,1434.0,1173.99,171
2026-04-11,KXETH,74636.0,40792.66,2575
2026-04-11,KXETH15M,1827622.83,926209.11,71160
2026-04-11,KXETHD,273883.0,97639.56,6389
2026-04-11,KXEURUSD,1842.0,341.69,51
2026-04-11,KXHYPE,1883.0,146.34,169
2026-04-11,KXHYPE15M,142430.89,81204.69,11468
2026-04-11,KXHYPED,1061.0,627.43,292
2026-04-11,KXINX,3561.0,314.92,97
2026-04-11,KXINXU,13846.0,7832.05,337
2026-04-11,KXNASDAQ100,1289.0,48.02,12
2026-04-11,KXNASDAQ100U,3227.0,1792.94,81
2026-04-11,KXSHIBA,1613.0,16.13,30
2026-04-11,KXSHIBAD,23.0,10.75,14
2026-04-11,KXSOL15M,392396.63,200853.2,24604
2026-04-11,KXSOLD,76244.0,12389.17,1255
2026-04-11,KXSOLE,5939.0,729.57,286
2026-04-11,KXTNOTED,570.0,88.13,19
2026-04-11,KXUSDJPY,1684.0,194.45,32
2026-04-11,KXWTI,202712.0,104036.72,5668
2026-04-11,KXXRP,7407.0,728.9,394
2026-04-11,KXXRP15M,327774.68,172099.73,21353
2026-04-11,KXXRPD,9263.0,2934.46,344
2026-04-11,__TOTAL__,531415667.15,189819698.47,3514277
2026-04-12,KXBNB,4746.0,539.74,121
2026-04-12,KXBNB15M,177173.15,81767.53,11501
2026-04-12,KXBNBD,1593.0,527.13,19
2026-04-12,KXBTC,779287.0,238718.08,15843
2026-04-12,KXBTC15M,18163622.41,8968117.34,482010
2026-04-12,KXBTCD,13291099.0,6767724.36,139243
2026-04-12,KXDOGE,4989.0,614.53,244
2026-04-12,KXDOGE15M,252534.76,106744.83,14239
2026-04-12,KXDOGED,977.0,323.61,350
2026-04-12,KXETH,34797.0,9483.59,2083
2026-04-12,KXETH15M,1817557.05,891517.87,71448
2026-04-12,KXETHD,312620.0,110008.09,6916
2026-04-12,KXEURUSD,1873.0,292.7,106
2026-04-12,KXHYPE,2216.0,100.69,44
2026-04-12,KXHYPE15M,352925.86,179550.66,17751
2026-04-12,KXHYPED,612.0,445.04,116
2026-04-12,KXINX,7760.0,850.92,268
2026-04-12,KXINXU,34437.0,21415.55,1189
2026-04-12,KXNASDAQ100,7615.0,346.9,167
2026-04-12,KXNASDAQ100U,2837.0,1038.16,209
2026-04-12,KXSHIBA,11199.0,111.99,36
2026-04-12,KXSHIBAD,2062.0,59.98,26
2026-04-12,KXSOL15M,517748.95,269755.27,28575
2026-04-12,KXSOLD,38282.0,11176.86,1291
2026-04-12,KXSOLE,3305.0,293.87,108
2026-04-12,KXTNOTED,631.0,129.15,42
2026-04-12,KXUSDJPY,2977.0,540.44,102
2026-04-12,KXWTI,539957.0,343884.08,15445
2026-04-12,KXXRP,7446.0,517.81,313
2026-04-12,KXXRP15M,430494.31,217694.48,25261
2026-04-12,KXXRPD,7326.0,3315.33,316
2026-04-12,__TOTAL__,552670723.59,198613794.76,3342708
2026-04-13,KXBNB,9200.0,461.98,201
2026-04-13,KXBNB15M,206451.83,118268.56,15756
2026-04-13,KXBNBD,303.0,210.08,9
2026-04-13,KXBTC,1000937.0,167174.54,17598
2026-04-13,KXBTC15M,22981960.9,12638855.61,507799
2026-04-13,KXBTCD,21826730.0,10813375.1,205521
2026-04-13,KXDOGE,12946.0,1905.52,369
2026-04-13,KXDOGE15M,339638.74,167712.07,18350
2026-04-13,KXDOGED,2548.0,1369.5,464
2026-04-13,KXETH,119978.0,45391.57,3959
2026-04-13,KXETH15M,2046230.05,1155831.63,88689
2026-04-13,KXETHD,647345.0,300719.36,8926
2026-04-13,KXEURUSD,1500.0,354.16,142
2026-04-13,KXHYPE,4912.0,73.73,64
2026-04-13,KXHYPE15M,344033.76,178551.99,21385
2026-04-13,KXHYPED,857.0,711.75,108
2026-04-13,KXINX,62931.0,10027.76,1452
2026-04-13,KXINXU,487023.0,216420.88,6910
2026-04-13,KXNASDAQ100,24304.0,2729.02,478
2026-04-13,KXNASDAQ100U,144436.0,92585.45,2549
2026-04-13,KXSHIBA,5384.0,56.02,11
2026-04-13,KXSHIBAD,1704.0,1044.87,9
2026-04-13,KXSOL15M,639134.18,357503.09,36320
2026-04-13,KXSOLD,60428.0,25800.67,1988
2026-04-13,KXSOLE,6501.0,1095.22,212
2026-04-13,KXTNOTED,3331.0,718.32,93
2026-04-13,KXUSDJPY,1549.0,295.63,95
2026-04-13,KXWTI,1309336.0,636685.88,27737
2026-04-13,KXXRP,5168.0,2042.05,640
2026-04-13,KXXRP15M,547401.03,294860.46,33083
2026-04-13,KXXRPD,7339.0,2839.58,551
2026-04-13,__TOTAL__,335748322.46,134914008.62,2740075
2026-04-14,KXBNB,37422.0,791.25,320
2026-04-14,KXBNB15M,200918.0,100532.99,13804
2026-04-14,KXBNBD,70.0,20.3,34
2026-04-14,KXBRENTD,1338.0,304.43,45
2026-04-14,KXBTC,600773.0,110709.87,11254
2026-04-14,KXBTC15M,21399872.91,11079355.34,443122
2026-04-14,KXBTCD,21262379.0,10300547.93,180035
2026-04-14,KXCOPPERD,386.0,310.92,19
2026-04-14,KXDOGE,11137.0,3769.22,744
2026-04-14,KXDOGE15M,278438.35,138693.89,13168
2026-04-14,KXDOGED,6690.0,2041.21,1006
2026-04-14,KXETH,106480.0,38134.34,3687
2026-04-14,KXETH15M,1814126.22,956711.43,79115
2026-04-14,KXETHD,756970.0,344548.61,8292
2026-04-14,KXEURUSD,1394.0,126.88,97
2026-04-14,KXGOLDD,3489.0,1909.45,173
2026-04-14,KXHYPE,5848.0,94.67,72
2026-04-14,KXHYPE15M,310635.62,151724.79,19255
2026-04-14,KXHYPED,1441.0,1372.02,271
2026-04-14,KXINX,80053.0,19024.04,1796
2026-04-14,KXINXU,423847.0,204456.9,6674
2026-04-14,KXNASDAQ100,9143.0,3866.39,200
2026-04-14,KXNASDAQ100U,104416.0,61781.73,1942
2026-04-14,KXNATGASD,2381.0,242.37,48
2026-04-14,KXSHIBA,2946.0,477.89,24
2026-04-14,KXSHIBAD,4972.0,1522.54,16
2026-04-14,KXSILVERD,3501.0,1624.5,112
2026-04-14,KXSOL15M,645762.17,309576.95,32579
2026-04-14,KXSOLD,53556.0,16360.87,1958
2026-04-14,KXSOLE,4343.0,841.73,298
2026-04-14,KXTNOTED,4442.0,1260.33,107
2026-04-14,KXUSDJPY,1222.0,331.41,66
2026-04-14,KXWTI,881283.0,401718.72,21661
2026-04-14,KXXRP,6016.0,1579.26,593
2026-04-14,KXXRP15M,557009.81,267172.32,29823
2026-04-14,KXXRPD,9351.0,4076.03,811
2026-04-14,__TOTAL__,430064135.17,163852466.52,2938329
2026-04-15,KXBNB,9825.0,515.26,313
2026-04-15,KXBNB15M,194443.19,100255.44,14112
2026-04-15,KXBNBD,723.0,398.45,210
2026-04-15,KXBRENTD,23723.0,9929.49,1350
2026-04-15,KXBTC,467255.0,101142.09,10605
2026-04-15,KXBTC15M,20818769.0,10086186.05,449322
2026-04-15,KXBTCD,17782978.0,8678459.63,151539
2026-04-15,KXCOPPERD,8600.0,5127.38,465
2026-04-15,KXDOGE,10674.0,4211.21,248
2026-04-15,KXDOGE15M,271605.94,137551.1,15136
2026-04-15,KXDOGED,3175.0,782.55,239
2026-04-15,KXETH,114153.0,44947.99,3640
2026-04-15,KXETH15M,1650180.81,813183.34,72140
2026-04-15,KXETHD,571293.0,245053.04,7790
2026-04-15,KXEURUSD,947.0,271.16,82
2026-04-15,KXGOLDD,64908.0,28356.86,3152
2026-04-15,KXHYPE,7134.0,157.43,119
2026-04-15,KXHYPE15M,342668.88,167539.09,22029
2026-04-15,KXHYPED,2066.0,1592.18,468
2026-04-15,KXINX,99056.0,22358.97,1799
2026-04-15,KXINXU,479711.0,245593.78,5301
2026-04-15,KXNASDAQ100,8405.0,1137.71,194
2026-04-15,KXNASDAQ100U,73563.0,45127.62,1520
2026-04-15,KXNATGASD,7552.0,1045.95,269
2026-04-15,KXSHIBA,7110.0,769.28,22
2026-04-15,KXSHIBAD,2268.0,308.01,53
2026-04-15,KXSILVERD,26779.0,12745.77,1489
2026-04-15,KXSOL15M,537796.54,278338.86,32830
2026-04-15,KXSOLD,66522.0,22231.7,1385
2026-04-15,KXSOLE,8409.0,2399.25,228
2026-04-15,KXTNOTED,2700.0,831.81,101
2026-04-15,KXUSDJPY,1033.0,207.79,54
2026-04-15,KXWTI,699011.0,346040.04,16690
2026-04-15,KXXRP,5514.0,1757.51,345
2026-04-15,KXXRP15M,545847.84,264909.39,31212
2026-04-15,KXXRPD,10862.0,4143.34,465
2026-04-15,__TOTAL__,417637029.61,159554239.27,2850840
2026-04-16,KXBNB,5263.45,502.06,393
2026-04-16,KXBNB15M,182735.97,93007.9,13810
2026-04-16,KXBNBD,1255.24,361.83,97
2026-04-16,KXBRENTD,42689.34,25964.51,1786
2026-04-16,KXBTC,704717.72,140848.73,11812
2026-04-16,KXBTC15M,23598037.12,11704647.79,446756
2026-04-16,KXBTCD,17833650.1,8678677.62,167813
2026-04-16,KXCOPPERD,8914.79,6195.61,403
2026-04-16,KXDOGE,15307.99,6700.96,313
2026-04-16,KXDOGE15M,278902.66,150873.7,17921
2026-04-16,KXDOGED,13633.76,2260.37,235
2026-04-16,KXETH,83678.13,30276.81,2989
2026-04-16,KXETH15M,1546519.57,783325.43,63711
2026-04-16,KXETHD,636778.0,291219.9,8017
2026-04-16,KXEURUSD,1075.82,213.04,69
2026-04-16,KXGOLDD,62192.3,29729.15,3207
2026-04-16,KXHYPE,9562.22,579.57,207
2026-04-16,KXHYPE15M,296890.39,126067.13,18154
2026-04-16,KXHYPED,1857.0,1664.92,241
2026-04-16,KXINX,88041.61,18366.99,1933
2026-04-16,KXINXU,789094.71,342506.46,6545
2026-04-16,KXNASDAQ100,17253.13,5384.24,370
2026-04-16,KXNASDAQ100U,143482.95,72911.39,2740
2026-04-16,KXNATGASD,9482.38,6513.95,261
2026-04-16,KXSHIBA,3719.17,90.23,19
2026-04-16,KXSHIBAD,2951.37,39.61,13
2026-04-16,KXSILVERD,21410.44,10618.82,808
2026-04-16,KXSOL15M,590559.25,321191.91,30819
2026-04-16,KXSOLD,64636.93,19887.05,1731
2026-04-16,KXSOLE,9904.45,1817.5,233
2026-04-16,KXTNOTED,3002.39,975.35,55
2026-04-16,KXUSDJPY,710.03,138.86,52
2026-04-16,KXWTI,896348.44,496628.92,16914
2026-04-16,KXXRP,12936.41,2609.9,475
2026-04-16,KXXRP15M,457556.57,232566.22,27212
2026-04-16,KXXRPD,9263.71,4869.65,416
2026-04-16,__TOTAL__,380163720.76,143196904.08,2725171
2026-04-17,KXBNB,8385.68,439.89,527
2026-04-17,KXBNB15M,149816.3,80891.29,13015
2026-04-17,KXBNBD,2237.94,1260.89,277
2026-04-17,KXBRENTD,8896.26,2371.37,309
2026-04-17,KXBTC,888250.57,190039.19,16398
2026-04-17,KXBTC15M,27833452.44,14984718.85,519724
2026-04-17,KXBTCD,23715380.94,11593158.7,235098
2026-04-17,KXCOPPERD,815.71,529.11,68
2026-04-17,KXDOGE,16773.47,4189.39,352
2026-04-17,KXDOGE15M,273946.86,123679.04,18199
2026-04-17,KXDOGED,6148.55,4377.78,306
2026-04-17,KXETH,93086.32,33284.38,2421
2026-04-17,KXETH15M,1851277.41,1027042.1,75229
2026-04-17,KXETHD,688219.03,325981.18,9912
2026-04-17,KXEURUSD,1101.59,235.51,113
2026-04-17,KXGOLDD,12923.18,9354.95,310
2026-04-17,KXHYPE,1867.28,371.09,149
2026-04-17,KXHYPE15M,357795.27,175818.72,19684
2026-04-17,KXHYPED,512.3,322.73,132
2026-04-17,KXINX,131953.5,37218.11,2167
2026-04-17,KXINXU,617956.9,309134.11,5862
2026-04-17,KXNASDAQ100,7296.43,786.3,126
2026-04-17,KXNASDAQ100U,252005.53,85405.63,1433
2026-04-17,KXNATGASD,3484.07,949.09,248
2026-04-17,KXSHIBA,1600.82,18.89,18
2026-04-17,KXSHIBAD,28.05,25.5,16
2026-04-17,KXSILVERD,1462.76,682.57,158
2026-04-17,KXSOL15M,528854.45,272621.42,29476
2026-04-17,KXSOLD,65483.05,17300.48,1402
2026-04-17,KXSOLE,12518.47,362.03,123
2026-04-17,KXUSDJPY,3884.42,520.69,75
2026-04-17,KXWTI,813901.46,327761.68,11828
2026-04-17,KXXRP,7760.93,706.59,315
2026-04-17,KXXRP15M,488809.15,243810.48,30178
2026-04-17,KXXRPD,11057.91,4898.12,546
2026-04-17,__TOTAL__,445354546.39,165021309.28,2935909
2026-04-18,KXBNB,10052.59,643.0,536
2026-04-18,KXBNB15M,146126.51,69733.02,13237
2026-04-18,KXBNBD,3487.58,1136.61,547
2026-04-18,KXBRENTD,9869.4,6206.15,1199
2026-04-18,KXBTC,288647.35,90204.14,9993
2026-04-18,KXBTC15M,23765651.85,10807000.65,478353
2026-04-18,KXBTCD,15052056.41,7179673.29,168195
2026-04-18,KXCOPPERD,416.2,215.63,81
2026-04-18,KXDOGE,21189.48,1716.4,257
2026-04-18,KXDOGE15M,247424.34,115085.49,16210
2026-04-18,KXDOGED,1391.24,1097.76,280
2026-04-18,KXETH,27257.86,9411.49,1406
2026-04-18,KXETH15M,1933919.54,917297.93,79157
2026-04-18,KXETHD,240055.59,122688.16,6503
2026-04-18,KXEURUSD,146.69,16.77,7
2026-04-18,KXGOLDD,8448.85,4717.94,471
2026-04-18,KXHYPE,7637.53,418.99,168
2026-04-18,KXHYPE15M,349048.3,156521.36,19276
2026-04-18,KXHYPED,442.0,396.15,371
2026-04-18,KXINX,3482.77,307.38,57
2026-04-18,KXINXU,12777.26,6973.15,323
2026-04-18,KXNASDAQ100,6711.95,327.48,82
2026-04-18,KXNASDAQ100U,3042.02,2788.07,110
2026-04-18,KXNATGASD,1665.18,730.78,223
2026-04-18,KXSHIBA,9519.22,244.62,38
2026-04-18,KXSHIBAD,16.0,15.84,16
2026-04-18,KXSILVERD,3721.55,1852.1,157
2026-04-18,KXSOL15M,586735.78,267398.15,30762
2026-04-18,KXSOLD,31826.91,7851.77,1083
2026-04-18,KXSOLE,4152.99,230.97,78
2026-04-18,KXTNOTED,482.62,121.59,8
2026-04-18,KXUSDJPY,165.37,4.13,9
2026-04-18,KXWTI,209357.39,101993.93,6709
2026-04-18,KXXRP,6504.51,560.42,311
2026-04-18,KXXRP15M,448248.74,215825.48,27767
2026-04-18,KXXRPD,8479.25,3919.9,664
2026-04-18,__TOTAL__,538890118.28,205710058.01,3447336
2026-04-19,KXBNB,4592.81,545.94,403
2026-04-19,KXBNB15M,155297.5,73548.17,14982
2026-04-19,KXBNBD,639.28,568.97,460
2026-04-19,KXBRENTD,20075.83,11948.98,1648
2026-04-19,KXBTC,365701.04,75174.75,8307
2026-04-19,KXBTC15M,22810657.46,10674830.1,479787
2026-04-19,KXBTCD,16563499.27,8474640.61,189156
2026-04-19,KXCOPPERD,2484.88,1186.71,361
2026-04-19,KXDOGE,1509.38,426.98,120
2026-04-19,KXDOGE15M,264907.35,126912.25,16691
2026-04-19,KXDOGED,326.99,252.61,153
2026-04-19,KXETH,18634.13,5508.72,978
2026-04-19,KXETH15M,1731118.39,826753.73,72648
2026-04-19,KXETHD,174304.73,81907.28,6118
2026-04-19,KXEURUSD,340.45,46.31,18
2026-04-19,KXGOLDD,7305.14,3524.62,832
2026-04-19,KXHYPE,5860.59,416.76,148
2026-04-19,KXHYPE15M,378597.73,179049.45,23911
2026-04-19,KXHYPED,412.79,359.74,316
2026-04-19,KXINX,29528.66,1465.77,487
2026-04-19,KXINXU,53393.27,16837.92,801
2026-04-19,KXNASDAQ100,13533.19,486.07,193
2026-04-19,KXNASDAQ100U,5105.27,3554.59,174
2026-04-19,KXNATGASD,6773.94,2446.97,498
2026-04-19,KXSHIBA,12165.74,122.64,25
2026-04-19,KXSHIBAD,482.56,19.53,19
2026-04-19,KXSILVERD,5828.53,2985.22,401
2026-04-19,KXSOL15M,494699.25,242121.15,28038
2026-04-19,KXSOLD,37379.34,8176.1,1548
2026-04-19,KXSOLE,5194.26,576.3,86
2026-04-19,KXTNOTED,1412.41,315.39,50
2026-04-19,KXUSDJPY,389.08,19.87,23
2026-04-19,KXWTI,434189.73,205618.62,9475
2026-04-19,KXXRP,16377.72,348.19,141
2026-04-19,KXXRP15M,531406.95,253515.72,28567
2026-04-19,KXXRPD,2249.38,1326.86,419
2026-04-19,__TOTAL__,511172153.08,194142447.55,3236379
2026-04-20,KXBNB,4976.22,635.79,366
2026-04-20,KXBNB15M,174010.8,83526.85,16982
2026-04-20,KXBNBD,426.0,341.07,357
2026-04-20,KXBRENTD,63189.06,29957.23,4325
2026-04-20,KXBTC,529977.99,114221.99,11278
2026-04-20,KXBTC15M,23027330.16,11299147.61,486026
2026-04-20,KXBTCD,18307432.84,9235239.04,219488
2026-04-20,KXCOPPERD,16753.57,11484.87,532
2026-04-20,KXDOGE,8385.44,4156.36,268
2026-04-20,KXDOGE15M,254923.1,129253.37,17079
2026-04-20,KXDOGED,4472.69,2090.09,227
2026-04-20,KXETH,77224.74,30721.57,1554
2026-04-20,KXETH15M,1582564.72,781774.07,70358
2026-04-20,KXETHD,512818.92,227747.64,7234
2026-04-20,KXEURUSD,5033.24,746.36,155
2026-04-20,KXGOLDD,63967.95,34312.05,2397
2026-04-20,KXHYPE,677.77,332.06,137
2026-04-20,KXHYPE15M,322655.69,145411.52,22670
2026-04-20,KXHYPED,1727.37,269.38,263
2026-04-20,KXINX,59555.52,12732.0,1483
2026-04-20,KXINXU,464810.64,278189.13,4576
2026-04-20,KXNASDAQ100,25645.85,3455.08,345
2026-04-20,KXNASDAQ100U,197389.15,97818.02,1695
2026-04-20,KXNATGASD,27068.4,10018.04,1690
2026-04-20,KXSHIBA,10907.04,798.96,37
2026-04-20,KXSHIBAD,1150.33,896.49,16
2026-04-20,KXSILVERD,16874.73,8138.92,799
2026-04-20,KXSOL15M,526248.42,272589.36,29302
2026-04-20,KXSOLD,32943.67,7879.33,1493
2026-04-20,KXSOLE,2190.12,678.5,79
2026-04-20,KXTNOTED,6240.9,1740.01,150
2026-04-20,KXUSDJPY,656.29,255.04,42
2026-04-20,KXWTI,1177568.99,491724.66,22525
2026-04-20,KXXRP,3805.68,434.93,155
2026-04-20,KXXRP15M,474863.39,231340.0,27732
2026-04-20,KXXRPD,3468.84,2099.8,433
2026-04-20,__TOTAL__,416493701.44,161200150.52,2927319
2026-04-21,KXBNB,11194.21,436.01,201
2026-04-21,KXBNB15M,189704.61,107604.06,17075
2026-04-21,KXBNBD,625.66,555.65,327
2026-04-21,KXBRENTD,117599.4,67297.14,8461
2026-04-21,KXBTC,538576.98,102750.18,12730
2026-04-21,KXBTC15M,23292100.97,12909895.63,512412
2026-04-21,KXBTCD,21555102.29,10815961.71,198104
2026-04-21,KXCOPPERD,20092.77,15184.89,1238
2026-04-21,KXDOGE,7855.71,3287.04,214
2026-04-21,KXDOGE15M,258141.28,138343.52,16320
2026-04-21,KXDOGED,5281.45,2323.64,255
2026-04-21,KXETH,80595.97,27279.91,2018
2026-04-21,KXETH15M,1693464.15,863808.88,72114
2026-04-21,KXETHD,538074.33,248201.77,7286
2026-04-21,KXEURUSD,1310.82,221.01,100
2026-04-21,KXGOLDD,57111.85,23893.26,3144
2026-04-21,KXHYPE,11836.83,546.3,143
2026-04-21,KXHYPE15M,323742.53,148281.43,22006
2026-04-21,KXHYPED,883.17,349.78,290
2026-04-21,KXINX,122491.71,33989.61,1871
2026-04-21,KXINXU,979125.93,507794.49,7279
2026-04-21,KXNASDAQ100,26750.65,5548.07,303
2026-04-21,KXNASDAQ100U,270728.74,134513.83,1881
2026-04-21,KXNATGASD,41562.8,32909.47,2302
2026-04-21,KXSHIBA,11150.08,1976.89,60
2026-04-21,KXSHIBAD,2457.16,600.01,29
2026-04-21,KXSILVERD,33301.21,8996.5,1344
2026-04-21,KXSOL15M,549076.7,295072.67,30849
2026-04-21,KXSOLD,23009.63,7811.7,1067
2026-04-21,KXSOLE,8433.95,216.78,74
2026-04-21,KXTNOTED,970.88,211.4,32
2026-04-21,KXUSDJPY,1065.06,218.87,88
2026-04-21,KXWTI,1300422.72,631874.38,16594
2026-04-21,KXXRP,2962.83,385.06,140
2026-04-21,KXXRP15M,458809.76,242744.68,28444
2026-04-21,KXXRPD,4142.15,2444.09,400
2026-04-21,__TOTAL__,546536353.29,199271888.39,3339298
2026-04-22,KXBNB,5483.87,468.41,191
2026-04-22,KXBNB15M,225343.51,100061.07,18550
2026-04-22,KXBNBD,972.85,241.07,181
2026-04-22,KXBRENTD,88410.2,45132.25,5661
2026-04-22,KXBTC,495363.03,110189.88,11037
2026-04-22,KXBTC15M,25775297.32,12670666.78,597947
2026-04-22,KXBTCD,21449214.14,10715304.07,206952
2026-04-22,KXCOPPERD,6846.62,5585.89,347
2026-04-22,KXDOGE,1023.12,269.07,117
2026-04-22,KXDOGE15M,288756.16,145365.18,18392
2026-04-22,KXDOGED,832.04,266.56,103
2026-04-22,KXETH,76020.83,32300.36,1947
2026-04-22,KXETH15M,1584150.97,772344.59,71572
2026-04-22,KXETHD,572222.07,258374.95,8042
2026-04-22,KXEURUSD,1906.27,267.2,117
2026-04-22,KXGOLDD,25467.86,13740.16,1683
2026-04-22,KXHYPE,4021.06,829.47,157
2026-04-22,KXHYPE15M,383506.55,191788.39,23704
2026-04-22,KXHYPED,2541.27,231.94,131
2026-04-22,KXINX,38307.7,10050.36,1105
2026-04-22,KXINXU,569194.86,308381.92,5103
2026-04-22,KXNASDAQ100,23824.85,1765.82,260
2026-04-22,KXNASDAQ100U,159693.58,86198.33,1036
2026-04-22,KXNATGASD,22559.54,13076.53,1934
2026-04-22,KXSHIBA,16718.3,182.16,25
2026-04-22,KXSHIBAD,1430.8,17.81,6
2026-04-22,KXSILVERD,10025.57,4979.62,644
2026-04-22,KXSOL15M,564892.32,276959.27,31564
2026-04-22,KXSOLD,26986.61,6622.79,1126
2026-04-22,KXSOLE,7200.6,947.36,91
2026-04-22,KXTNOTED,2616.92,525.36,62
2026-04-22,KXUSDJPY,888.63,169.83,66
2026-04-22,KXWTI,654271.92,368767.56,13675
2026-04-22,KXXRP,1387.76,325.0,152
2026-04-22,KXXRP15M,448141.9,205599.86,28354
2026-04-22,KXXRPD,4340.91,1547.15,323
2026-04-22,__TOTAL__,526260976.05,185111163.37,3408338
2026-04-23,KXBNB,2846.21,112.66,78
2026-04-23,KXBNB15M,144587.16,77648.34,12714
2026-04-23,KXBNBD,68.25,19.07,25
2026-04-23,KXBRENTD,339369.26,116208.96,15775
2026-04-23,KXBTC,464897.35,106106.63,9872
2026-04-23,KXBTC15M,21324936.74,10869060.05,471091
2026-04-23,KXBTCD,18907106.89,9382630.38,212639
2026-04-23,KXCOPPERD,5279.31,2843.79,513
2026-04-23,KXDOGE,1505.14,98.9,53
2026-04-23,KXDOGE15M,241642.41,134139.29,15467
2026-04-23,KXDOGED,283.26,149.7,37
2026-04-23,KXETH,58457.2,23343.93,1600
2026-04-23,KXETH15M,2004826.27,992025.59,101417
2026-04-23,KXETHD,501808.82,241301.17,6484
2026-04-23,KXEURUSD,3116.8,549.81,137
2026-04-23,KXGOLDD,32365.46,17224.55,2021
2026-04-23,KXHYPE,4918.44,719.13,166
2026-04-23,KXHYPE15M,278303.74,142861.8,19141
2026-04-23,KXHYPED,496.09,472.78,17
2026-04-23,KXINX,131264.73,27391.83,1573
2026-04-23,KXINXU,664638.38,319953.11,5319
2026-04-23,KXNASDAQ100,23543.2,1985.35,261
2026-04-23,KXNASDAQ100U,104753.65,60072.28,1392
2026-04-23,KXNATGASD,63580.97,28937.32,4276
2026-04-23,KXSHIBA,24183.7,906.57,35
2026-04-23,KXSHIBAD,649.91,426.29,7
2026-04-23,KXSILVERD,30388.73,19069.58,1724
2026-04-23,KXSOL15M,551103.88,275009.1,28425
2026-04-23,KXSOLD,28247.45,6305.89,834
2026-04-23,KXSOLE,1619.64,524.93,72
2026-04-23,KXTNOTED,4836.82,1595.26,63
2026-04-23,KXUSDJPY,2940.78,584.85,108
2026-04-23,KXWTI,742941.81,458870.65,12854
2026-04-23,KXXRP,4693.28,894.55,146
2026-04-23,KXXRP15M,384632.75,201878.81,23717
2026-04-23,KXXRPD,6692.5,3919.8,213
2026-04-23,__TOTAL__,532562845.35,186825048.23,3409896
2026-04-24,KXBNB,6158.5,123.33,64
2026-04-24,KXBNB15M,90307.15,44308.67,11154
2026-04-24,KXBNBD,830.39,625.85,37
2026-04-24,KXBRENTD,16239.74,8171.54,460
2026-04-24,KXBTC,475702.55,116094.34,9406
2026-04-24,KXBTC15M,25622107.33,11874222.27,530367
2026-04-24,KXBTCD,18658187.8,9277609.12,211653
2026-04-24,KXCOPPERD,340.94,218.31,30
2026-04-24,KXDOGE,3691.65,160.72,50
2026-04-24,KXDOGE15M,173513.79,82192.48,12495
2026-04-24,KXDOGED,95.34,64.4,26
2026-04-24,KXETH,73290.47,35113.37,1411
2026-04-24,KXETH15M,1739374.24,815964.95,92328
2026-04-24,KXETHD,450940.31,208274.88,6739
2026-04-24,KXEURUSD,1616.28,234.61,76
2026-04-24,KXGOLDD,1778.89,978.17,87
2026-04-24,KXHYPE,3745.13,1042.34,186
2026-04-24,KXHYPE15M,219781.64,125307.85,17099
2026-04-24,KXHYPED,115.0,9.93,10
2026-04-24,KXINX,68461.75,18265.27,1035
2026-04-24,KXINXU,395155.99,209000.52,5280
2026-04-24,KXNASDAQ100,29002.08,4541.56,244
2026-04-24,KXNASDAQ100U,145499.76,72645.96,1436
2026-04-24,KXNATGASD,4597.71,1730.55,296
2026-04-24,KXSHIBA,1351.98,15.13,3
2026-04-24,KXSHIBAD,1717.07,1435.49,3
2026-04-24,KXSILVERD,2237.44,1329.5,74
2026-04-24,KXSOL15M,328674.06,153885.38,24630
2026-04-24,KXSOLD,32552.82,6548.89,921
2026-04-24,KXSOLE,5227.39,1655.17,210
2026-04-24,KXTNOTED,132.09,33.25,4
2026-04-24,KXUSDJPY,4324.88,457.21,81
2026-04-24,KXWTI,593349.06,316057.07,12736
2026-04-24,KXXRP,4906.77,1807.34,209
2026-04-24,KXXRP15M,239884.43,108960.86,19921
2026-04-24,KXXRPD,7166.44,4540.04,278
2026-04-24,__TOTAL__,523570237.03,182217586.43,3294579
2026-04-25,KXBNB,5328.42,102.09,52
2026-04-25,KXBNB15M,52988.85,26778.0,9551
2026-04-25,KXBNBD,63.91,2.84,19
2026-04-25,KXBRENTD,24040.97,14335.14,892
2026-04-25,KXBTC,192636.4,53707.61,10419
2026-04-25,KXBTC15M,22886357.18,11535948.48,432397
2026-04-25,KXBTCD,14634032.59,7052059.7,129670
2026-04-25,KXCOPPERD,918.76,808.44,82
2026-04-25,KXDOGE,4899.75,123.18,64
2026-04-25,KXDOGE15M,165585.64,82052.84,12283
2026-04-25,KXDOGED,120.51,5.36,23
2026-04-25,KXETH,13259.49,3934.53,869
2026-04-25,KXETH15M,1895587.03,946073.48,111721
2026-04-25,KXETHD,196533.02,70853.15,4440
2026-04-25,KXEURUSD,1052.31,132.21,34
2026-04-25,KXGOLDD,3975.75,2445.05,223
2026-04-25,KXHYPE,2786.31,1533.24,261
2026-04-25,KXHYPE15M,130994.93,69878.94,15943
2026-04-25,KXHYPED,108.51,12.81,9
2026-04-25,KXINX,3364.5,110.22,34
2026-04-25,KXINXU,5171.71,2533.14,162
2026-04-25,KXNASDAQ100,102.79,6.67,5
2026-04-25,KXNASDAQ100U,640.32,303.79,39
2026-04-25,KXNATGASD,1200.12,607.93,134
2026-04-25,KXSHIBA,2362.81,28.57,11
2026-04-25,KXSHIBAD,23609.41,12323.73,24
2026-04-25,KXSILVERD,1626.54,951.09,97
2026-04-25,KXSOL15M,332682.92,175980.49,24081
2026-04-25,KXSOLD,37982.33,6616.96,970
2026-04-25,KXSOLE,6959.18,1638.92,161
2026-04-25,KXTNOTED,1332.47,412.27,32
2026-04-25,KXUSDJPY,1789.22,253.24,46
2026-04-25,KXWTI,97260.06,58201.92,3185
2026-04-25,KXXRP,3501.58,1791.35,170
2026-04-25,KXXRP15M,202030.9,99006.86,17936
2026-04-25,KXXRPD,8470.84,3660.32,283
2026-04-25,__TOTAL__,700611275.37,252023311.35,3835642
2026-04-26,KXBNB,7385.04,107.03,44
2026-04-26,KXBNB15M,60353.96,34710.22,9356
2026-04-26,KXBNBD,242.47,157.47,49
2026-04-26,KXBRENTD,50895.3,27841.1,1915
2026-04-26,KXBTC,245723.05,63902.51,9930
2026-04-26,KXBTC15M,26564020.82,13866992.55,482287
2026-04-26,KXBTCD,20655387.84,10202730.55,189920
2026-04-26,KXCOPPERD,927.91,451.67,96
2026-04-26,KXDOGE,2333.78,92.93,49
2026-04-26,KXDOGE15M,155592.38,79350.41,11695
2026-04-26,KXDOGED,1440.9,1110.05,63
2026-04-26,KXETH,35032.53,11632.58,788
2026-04-26,KXETH15M,1767353.62,914131.67,94208
2026-04-26,KXETHD,277742.37,83369.08,5455
2026-04-26,KXEURUSD,440.27,93.21,30
2026-04-26,KXGOLDD,6540.53,3362.75,456
2026-04-26,KXHYPE,3028.35,1117.19,170
2026-04-26,KXHYPE15M,178847.45,99542.8,16957
2026-04-26,KXHYPED,64.0,56.88,9
2026-04-26,KXINX,6831.73,442.46,182
2026-04-26,KXINXU,32646.27,7396.26,452
2026-04-26,KXNASDAQ100,15849.7,374.71,74
2026-04-26,KXNASDAQ100U,321.19,193.78,82
2026-04-26,KXNATGASD,3135.81,929.24,169
2026-04-26,KXSHIBA,18786.51,195.96,23
2026-04-26,KXSHIBAD,9525.87,287.13,30
2026-04-26,KXSILVERD,4086.16,2469.52,278
2026-04-26,KXSOL15M,341695.89,189934.55,25541
2026-04-26,KXSOLD,45021.14,4869.57,895
2026-04-26,KXSOLE,13638.49,748.49,74
2026-04-26,KXTNOTED,1951.85,480.29,47
2026-04-26,KXUSDJPY,664.37,105.9,27
2026-04-26,KXWTI,142763.03,74961.71,3809
2026-04-26,KXXRP,5307.04,904.27,131
2026-04-26,KXXRP15M,256727.97,126317.0,20947
2026-04-26,KXXRPD,11591.32,5822.76,286
2026-04-26,__TOTAL__,661011081.02,240544927.7,3573331
2026-04-27,KXBNB,3158.3,51.46,65
2026-04-27,KXBNB15M,83658.56,44251.7,10033
2026-04-27,KXBNBD,213.0,3.61,22
2026-04-27,KXBRENTD,199501.55,89788.02,6965
2026-04-27,KXBTC,588595.35,121108.08,13458
2026-04-27,KXBTC15M,22064666.12,10823531.3,494571
2026-04-27,KXBTCD,23182703.43,11333681.67,212136
2026-04-27,KXCOPPERD,4507.21,2137.3,343
2026-04-27,KXDOGE,4081.66,365.75,76
2026-04-27,KXDOGE15M,148048.83,80236.23,12179
2026-04-27,KXDOGED,2237.77,1403.53,98
2026-04-27,KXETH,94377.91,37062.21,1728
2026-04-27,KXETH15M,1848417.08,882234.32,84479
2026-04-27,KXETHD,458051.34,193236.57,8407
2026-04-27,KXEURUSD,3688.01,445.38,142
2026-04-27,KXGOLDD,49719.45,23490.74,2526
2026-04-27,KXHYPE,1870.77,1295.15,189
2026-04-27,KXHYPE15M,188990.64,86827.17,17880
2026-04-27,KXHYPED,75.0,38.49,37
2026-04-27,KXINX,42631.42,13254.73,1188
2026-04-27,KXINXU,419120.18,224090.25,4302
2026-04-27,KXNASDAQ100,20926.8,2534.29,358
2026-04-27,KXNASDAQ100U,112872.39,52359.9,1927
2026-04-27,KXNATGASD,19914.22,6628.13,1659
2026-04-27,KXSHIBA,9532.44,113.68,28
2026-04-27,KXSHIBAD,5.0,3.7,1
2026-04-27,KXSILVERD,15263.12,7528.65,803
2026-04-27,KXSOL15M,307715.38,151689.03,25267
2026-04-27,KXSOLD,31763.02,4818.81,2050
2026-04-27,KXSOLE,7581.3,226.48,71
2026-04-27,KXTNOTED,1218.18,389.62,118
2026-04-27,KXUSDJPY,1500.84,176.07,76
2026-04-27,KXWTI,575513.82,336879.43,13079
2026-04-27,KXXRP,2902.08,525.0,123
2026-04-27,KXXRP15M,234605.96,103291.05,19073
2026-04-27,KXXRPD,30319.82,10337.2,413
2026-04-27,__TOTAL__,468209306.82,165029076.91,2917275
2026-04-28,KXBNB,5510.59,99.67,31
2026-04-28,KXBNB15M,125922.64,69971.47,10463
2026-04-28,KXBNBD,69.0,40.89,43
2026-04-28,KXBRENTD,9880.34,4707.99,274
2026-04-28,KXBTC,548148.9,140503.14,10596
2026-04-28,KXBTC15M,21195674.36,10701383.92,514481
2026-04-28,KXBTCD,22488686.07,11301070.63,200369
2026-04-28,KXCOPPERD,416.86,256.2,19
2026-04-28,KXDOGE,6582.22,2027.71,160
2026-04-28,KXDOGE15M,167790.88,78237.03,12880
2026-04-28,KXDOGED,6748.81,1425.38,296
2026-04-28,KXETH,70879.75,34890.82,1077
2026-04-28,KXETH15M,1724150.94,856137.23,64482
2026-04-28,KXETHD,415053.59,175891.33,5827
2026-04-28,KXEURUSD,1018.2,278.36,170
2026-04-28,KXGOLDD,459.82,251.53,59
2026-04-28,KXHYPE,808.95,754.22,138
2026-04-28,KXHYPE15M,219956.1,110014.1,14828
2026-04-28,KXHYPED,623.02,517.24,83
2026-04-28,KXINX,28276.17,6577.62,734
2026-04-28,KXINXU,398797.05,198394.01,5166
2026-04-28,KXNASDAQ100,15178.48,1577.04,157
2026-04-28,KXNASDAQ100U,158300.26,80205.78,1839
2026-04-28,KXNATGASD,7693.35,1237.97,260
2026-04-28,KXSHIBA,6258.32,119.89,21
2026-04-28,KXSHIBAD,264.55,38.04,7
2026-04-28,KXSILVERD,1850.28,916.76,53
2026-04-28,KXSOL15M,302222.03,162846.8,22966
2026-04-28,KXSOLD,34852.38,6789.06,1171
2026-04-28,KXSOLE,10089.45,238.28,74
2026-04-28,KXTNOTED,1160.38,276.18,70
2026-04-28,KXUSDJPY,1154.28,377.37,74
2026-04-28,KXWTI,724924.06,411979.65,16795
2026-04-28,KXXRP,1287.85,264.72,74
2026-04-28,KXXRP15M,283943.96,139981.15,19905
2026-04-28,KXXRPD,14548.3,4860.08,399
2026-04-28,__TOTAL__,584565414.58,202166401.34,3315215
2026-04-29,KXBNB,2685.12,84.73,33
2026-04-29,KXBNB15M,110264.47,65751.07,9125
2026-04-29,KXBNBD,2485.21,2369.01,72
2026-04-29,KXBRENTD,294196.56,123460.04,6923
2026-04-29,KXBTC,1057671.43,193472.38,21810
2026-04-29,KXBTC15M,22013957.03,11203511.88,534406
2026-04-29,KXBTCD,25168909.52,12619932.52,264913
2026-04-29,KXCOPPERD,11241.76,6270.73,428
2026-04-29,KXDOGE,17472.19,4551.85,349
2026-04-29,KXDOGE15M,225586.03,128883.91,16017
2026-04-29,KXDOGED,6449.24,3780.42,261
2026-04-29,KXETH,64997.81,25860.44,1582
2026-04-29,KXETH15M,1743516.8,877790.5,81953
2026-04-29,KXETHD,375893.11,173985.08,7807
2026-04-29,KXEURUSD,1628.77,350.34,108
2026-04-29,KXGOLDD,18306.86,8407.4,916
2026-04-29,KXHYPE,5941.24,2156.98,283
2026-04-29,KXHYPE15M,173219.38,99645.79,12817
2026-04-29,KXHYPED,551.0,246.39,74
2026-04-29,KXINX,32010.41,10929.37,957
2026-04-29,KXINXU,562842.34,304112.79,5686
2026-04-29,KXNASDAQ100,15882.66,6188.1,151
2026-04-29,KXNASDAQ100U,203337.35,77816.86,1700
2026-04-29,KXNATGASD,22306.59,7980.95,1518
2026-04-29,KXSHIBA,1247.12,773.07,8
2026-04-29,KXSHIBAD,268.9,14.92,6
2026-04-29,KXSILVERD,7824.86,3357.32,403
2026-04-29,KXSOL15M,394937.3,206316.41,29577
2026-04-29,KXSOLD,58743.22,23882.93,1229
2026-04-29,KXSOLE,9769.15,441.66,297
2026-04-29,KXTNOTED,812.05,113.7,43
2026-04-29,KXUSDJPY,1351.87,278.49,65
2026-04-29,KXWTI,930023.46,515615.53,21134
2026-04-29,KXXRP,3213.61,313.9,124
2026-04-29,KXXRP15M,333483.01,156756.95,19997
2026-04-29,KXXRPD,15398.85,6523.4,367
2026-04-29,__TOTAL__,539442920.06,188652504.41,3442362
2026-04-30,KXBNB,2879.5,161.11,106
2026-04-30,KXBNB15M,148050.3,80414.95,10028
2026-04-30,KXBNBD,886.16,801.16,92
2026-04-30,KXBRENTD,138977.17,73373.23,4575
2026-04-30,KXBTC,545250.43,144305.95,12817
2026-04-30,KXBTC15M,20035498.2,10158602.81,480378
2026-04-30,KXBTCD,19565799.68,9766659.41,198346
2026-04-30,KXCOPPERD,2367.95,1234.81,151
2026-04-30,KXDOGE,1646.76,350.87,76
2026-04-30,KXDOGE15M,138879.93,69624.45,10890
2026-04-30,KXDOGED,2024.3,902.62,290
2026-04-30,KXETH,74794.39,35087.1,1533
2026-04-30,KXETH15M,1515524.53,780608.42,63389
2026-04-30,KXETHD,393288.95,199565.44,6195
2026-04-30,KXEURUSD,1415.51,128.7,57
2026-04-30,KXGOLDD,14886.36,7541.33,789
2026-04-30,KXHYPE,2256.63,1507.01,171
2026-04-30,KXHYPE15M,137688.23,67887.11,9632
2026-04-30,KXHYPED,139.14,68.97,93
2026-04-30,KXINX,56114.35,13694.46,1227
2026-04-30,KXINXU,542664.31,292251.2,5327
2026-04-30,KXNASDAQ100,20717.69,3587.27,185
2026-04-30,KXNASDAQ100U,177207.93,89801.19,1723
2026-04-30,KXNATGASD,27971.66,13643.06,2146
2026-04-30,KXSHIBA,381.16,9.78,10
2026-04-30,KXSHIBAD,1.0,0.99,1
2026-04-30,KXSILVERD,6603.63,4361.25,337
2026-04-30,KXSOL15M,399419.64,212310.33,28990
2026-04-30,KXSOLD,21879.09,5478.83,851
2026-04-30,KXSOLE,1448.02,313.06,52
2026-04-30,KXTNOTED,988.87,475.57,69
2026-04-30,KXUSDJPY,1058.99,546.3,34
2026-04-30,KXWTI,894136.97,412732.48,17659
2026-04-30,KXXRP,4483.57,568.8,168
2026-04-30,KXXRP15M,304154.65,150181.97,18212
2026-04-30,KXXRPD,9099.88,2961.3,322
2026-04-30,__TOTAL__,530454704.46,187641545.62,3084009
2026-05-01,KXBNB,2812.52,154.11,70
2026-05-01,KXBNB15M,98877.87,52407.21,8677
2026-05-01,KXBNBD,134.66,86.16,106
2026-05-01,KXBRENTD,31003.77,14015.42,947
2026-05-01,KXBTC,645293.0,200348.99,14035
2026-05-01,KXBTC15M,25423079.06,13368861.33,528432
2026-05-01,KXBTCD,24163269.7,12195911.51,230338
2026-05-01,KXCOPPERD,521.32,262.75,57
2026-05-01,KXDOGE,7789.22,2461.99,153
2026-05-01,KXDOGE15M,239971.16,119760.49,14119
2026-05-01,KXDOGED,4163.93,964.07,314
2026-05-01,KXETH,52678.72,20797.81,1706
2026-05-01,KXETH15M,1774923.73,888624.23,73284
2026-05-01,KXETHD,440927.89,174288.36,7634
2026-05-01,KXEURUSD,165.08,54.55,28
2026-05-01,KXGOLDD,7049.22,3106.77,193
2026-05-01,KXHYPE,2593.27,281.15,150
2026-05-01,KXHYPE15M,165227.88,86365.57,11084
2026-05-01,KXHYPED,934.19,178.35,113
2026-05-01,KXINX,79926.11,20625.51,1320
2026-05-01,KXINXU,554083.1,308836.93,5191
2026-05-01,KXNASDAQ100,27987.57,5526.56,299
2026-05-01,KXNASDAQ100U,119188.41,54957.88,1921
2026-05-01,KXNATGASD,10585.97,2640.71,551
2026-05-01,KXSHIBA,1718.28,17.18,11
2026-05-01,KXSHIBAD,37.96,5.9,3
2026-05-01,KXSILVERD,2781.48,1598.29,115
2026-05-01,KXSOL15M,448105.93,229604.96,32306
2026-05-01,KXSOLD,29481.81,5517.67,1173
2026-05-01,KXSOLE,2624.06,623.44,54
2026-05-01,KXUSDJPY,3.0,1.39,2
2026-05-01,KXWTI,820057.95,351132.17,16188
2026-05-01,KXXRP,15608.39,3866.62,130
2026-05-01,KXXRP15M,408758.55,205472.94,23212
2026-05-01,KXXRPD,17321.92,9555.16,403
2026-05-01,__TOTAL__,568037816.48,200190263.9,3457287
2026-05-02,KXBNB,5892.81,196.17,89
2026-05-02,KXBNB15M,103594.51,56192.06,10277
2026-05-02,KXBNBD,445.7,164.42,239
2026-05-02,KXBRENTD,33090.11,16794.08,1126
2026-05-02,KXBTC,577059.68,164800.29,13538
2026-05-02,KXBTC15M,22261820.46,10878898.58,463456
2026-05-02,KXBTCD,19120514.92,9072550.48,185342
2026-05-02,KXCOPPERD,3485.09,2576.94,62
2026-05-02,KXDOGE,3699.36,308.04,110
2026-05-02,KXDOGE15M,222784.97,111838.49,14580
2026-05-02,KXDOGED,1391.58,858.23,245
2026-05-02,KXETH,20234.73,5107.32,741
2026-05-02,KXETH15M,1842996.07,889880.82,72476
2026-05-02,KXETHD,208919.93,77378.96,5848
2026-05-02,KXEURUSD,1133.86,107.94,33
2026-05-02,KXGOLDD,3991.83,2183.92,233
2026-05-02,KXHYPE,5336.98,409.34,101
2026-05-02,KXHYPE15M,125905.62,51515.57,10748
2026-05-02,KXHYPED,1035.23,668.2,174
2026-05-02,KXINX,6808.93,206.0,61
2026-05-02,KXINXU,1949.95,1215.95,189
2026-05-02,KXNASDAQ100,6241.29,193.09,47
2026-05-02,KXNASDAQ100U,364.37,220.01,38
2026-05-02,KXNATGASD,1946.62,982.64,136
2026-05-02,KXSHIBA,6460.37,67.07,41
2026-05-02,KXSHIBAD,479.5,474.7,10
2026-05-02,KXSILVERD,2433.64,1176.15,152
2026-05-02,KXSOL15M,369092.11,186497.53,28470
2026-05-02,KXSOLD,29832.55,6638.53,1081
2026-05-02,KXSOLE,7817.02,1198.07,182
2026-05-02,KXTNOTED,121.58,35.13,16
2026-05-02,KXUSDJPY,51.28,24.16,5
2026-05-02,KXWTI,99104.94,49771.03,2569
2026-05-02,KXXRP,5930.63,2366.89,193
2026-05-02,KXXRP15M,277429.14,133542.79,18842
2026-05-02,KXXRPD,5554.33,3488.85,333
2026-05-02,__TOTAL__,545845341.39,189849592.51,3516984
2026-05-03,KXBNB,1473.07,154.64,56
2026-05-03,KXBNB15M,134420.29,76647.1,12445
2026-05-03,KXBNBD,806.88,358.33,369
2026-05-03,KXBRENTD,50610.95,19798.18,2348
2026-05-03,KXBTC,748636.38,202090.81,15372
2026-05-03,KXBTC15M,21806855.28,10618429.32,450339
2026-05-03,KXBTCD,21750244.18,10892146.22,217673
2026-05-03,KXCOPPERD,5529.71,3364.59,272
2026-05-03,KXDOGE,2734.2,94.59,41
2026-05-03,KXDOGE15M,199791.39,103014.03,14030
2026-05-03,KXDOGED,2351.33,484.48,67
2026-05-03,KXETH,15144.36,4979.35,1028
2026-05-03,KXETH15M,1879054.36,978095.07,73222
2026-05-03,KXETHD,282687.05,108774.6,7607
2026-05-03,KXEURUSD,832.76,150.92,26
2026-05-03,KXGOLDD,11281.68,7058.05,487
2026-05-03,KXHYPE,3507.33,456.32,198
2026-05-03,KXHYPE15M,193232.77,106868.44,13932
2026-05-03,KXHYPED,2093.35,1064.19,603
2026-05-03,KXINX,13786.86,754.17,171
2026-05-03,KXINXU,27195.29,6477.19,405
2026-05-03,KXNASDAQ100,19666.5,658.92,167
2026-05-03,KXNASDAQ100U,3625.91,1601.02,123
2026-05-03,KXNATGASD,4879.3,1861.31,185
2026-05-03,KXSHIBA,1706.46,17.06,19
2026-05-03,KXSHIBAD,591.0,305.89,5
2026-05-03,KXSILVERD,10391.3,6094.84,354
2026-05-03,KXSOL15M,441491.25,228291.58,29476
2026-05-03,KXSOLD,50116.35,17901.14,1754
2026-05-03,KXSOLE,6669.2,1147.83,188
2026-05-03,KXTNOTED,186.78,121.8,16
2026-05-03,KXUSDJPY,313.07,138.58,13
2026-05-03,KXWTI,216605.8,94668.0,4988
2026-05-03,KXXRP,6423.95,1303.98,153
2026-05-03,KXXRP15M,330306.09,162369.18,21652
2026-05-03,KXXRPD,16649.09,7315.07,743
2026-05-03,__TOTAL__,572653562.96,199445275.68,3467340
2026-05-04,KXBNB,5435.36,102.5,63
2026-05-04,KXBNB15M,189180.0,104501.61,14586
2026-05-04,KXBNBD,262.29,25.09,23
2026-05-04,KXBRENTD,418127.25,236008.34,14167
2026-05-04,KXBTC,886398.87,164340.86,16506
2026-05-04,KXBTC15M,23523646.39,11665632.56,530362
2026-05-04,KXBTCD,27905066.34,13735982.95,267069
2026-05-04,KXCOPPERD,27082.31,11696.35,1106
2026-05-04,KXDOGE,9306.02,3211.71,166
2026-05-04,KXDOGE15M,226995.01,110886.82,15118
2026-05-04,KXDOGED,4366.69,3269.94,639
2026-05-04,KXETH,65824.89,20200.18,1306
2026-05-04,KXETH15M,2259832.31,1124963.78,98418
2026-05-04,KXETHD,536620.38,239098.71,8692
2026-05-04,KXEURUSD,713.82,115.36,57
2026-05-04,KXGOLDD,32132.68,17173.77,1825
2026-05-04,KXHYPE,5487.57,2671.74,211
2026-05-04,KXHYPE15M,196752.94,97366.48,13801
2026-05-04,KXHYPED,15.0,3.13,8
2026-05-04,KXINX,66074.81,14510.8,2641
2026-05-04,KXINXU,501954.83,266933.03,5513
2026-05-04,KXNASDAQ100,17613.99,4482.45,242
2026-05-04,KXNASDAQ100U,166051.44,81874.43,1583
2026-05-04,KXNATGASD,47403.12,21277.49,2847
2026-05-04,KXSHIBA,1964.89,20.41,3
2026-05-04,KXSILVERD,28153.57,13362.24,1922
2026-05-04,KXSOL15M,660212.19,353959.73,42839
2026-05-04,KXSOLD,63089.22,18531.73,1425
2026-05-04,KXSOLE,2761.83,1149.74,75
2026-05-04,KXTNOTED,1102.62,58.39,34
2026-05-04,KXUSDJPY,683.33,106.71,29
2026-05-04,KXWTI,1448338.97,807713.89,24498
2026-05-04,KXXRP,5708.08,257.77,95
2026-05-04,KXXRP15M,338354.53,171043.22,22725
2026-05-04,KXXRPD,10565.19,2527.65,244
2026-05-04,__TOTAL__,516749370.51,177409032.6,3260774
2026-05-05,KXBNB,8997.98,152.68,78
2026-05-05,KXBNB15M,131696.74,72246.77,12746
2026-05-05,KXBNBD,69.8,34.54,15
2026-05-05,KXBRENTD,338565.94,176310.24,9110
2026-05-05,KXBTC,1227673.81,221656.76,19501
2026-05-05,KXBTC15M,24570151.06,12586889.2,575081
2026-05-05,KXBTCD,28832051.15,14253333.74,272453
2026-05-05,KXCOPPERD,14982.85,7585.41,741
2026-05-05,KXDOGE,5803.24,1810.94,152
2026-05-05,KXDOGE15M,215090.75,114222.16,15398
2026-05-05,KXDOGED,5413.61,1178.13,168
2026-05-05,KXETH,43585.41,21581.72,1346
2026-05-05,KXETH15M,1913120.07,1003274.92,104083
2026-05-05,KXETHD,429714.45,171348.79,7445
2026-05-05,KXEURUSD,757.85,91.88,53
2026-05-05,KXGOLDD,44408.12,23847.72,1950
2026-05-05,KXHYPE,7329.15,5237.08,357
2026-05-05,KXHYPE15M,196045.69,101473.21,14794
2026-05-05,KXHYPED,603.51,507.44,27
2026-05-05,KXINX,46158.24,9731.73,973
2026-05-05,KXINXU,405756.07,234343.68,4279
2026-05-05,KXNASDAQ100,32050.0,6038.37,296
2026-05-05,KXNASDAQ100U,207471.0,100679.97,2121
2026-05-05,KXNATGASD,56226.71,20245.55,3082
2026-05-05,KXSHIBA,2204.07,398.29,5
2026-05-05,KXSHIBAD,5.0,0.15,1
2026-05-05,KXSILVERD,25177.93,13288.15,1309
2026-05-05,KXSOL15M,633407.95,335918.52,44662
2026-05-05,KXSOLD,65832.29,17671.27,1473
2026-05-05,KXSOLE,4584.98,1270.67,64
2026-05-05,KXTNOTED,168.92,43.84,29
2026-05-05,KXUSDJPY,505.42,128.15,49
2026-05-05,KXWTI,1029278.7,478551.53,21343
2026-05-05,KXXRP,4941.68,745.96,138
2026-05-05,KXXRP15M,365366.03,174674.8,25656
2026-05-05,KXXRPD,17261.5,3187.53,333
2026-05-05,__TOTAL__,536793030.79,181940433.03,3480991
2026-05-06,KXBNB,4840.33,75.11,47
2026-05-06,KXBNB15M,140907.65,77572.73,12716
2026-05-06,KXBNBD,669.1,561.47,13
2026-05-06,KXBRENTD,290390.7,109580.03,9535
2026-05-06,KXBTC,555176.12,137449.1,13684
2026-05-06,KXBTC15M,24841606.71,11659730.44,516803
2026-05-06,KXBTCD,26114302.42,12982852.43,231354
2026-05-06,KXCOPPERD,6165.56,3911.17,388
2026-05-06,KXDOGE,6628.98,1758.5,102
2026-05-06,KXDOGE15M,182444.06,88542.47,14291
2026-05-06,KXDOGED,8677.45,2657.9,266
2026-05-06,KXETH,67026.47,25482.52,1333
2026-05-06,KXETH15M,2020401.93,936234.17,97140
2026-05-06,KXETHD,428563.66,184294.55,7573
2026-05-06,KXEURUSD,328.43,65.94,86
2026-05-06,KXGOLDD,61031.42,31514.22,2892
2026-05-06,KXHYPE,8398.99,1270.03,91
2026-05-06,KXHYPE15M,216159.1,92816.32,16399
2026-05-06,KXHYPED,1089.24,395.91,19
2026-05-06,KXINX,54403.21,15100.5,866
2026-05-06,KXINXU,448740.72,252386.66,3726
2026-05-06,KXNASDAQ100,25156.33,8168.15,231
2026-05-06,KXNASDAQ100U,213316.8,97685.24,1730
2026-05-06,KXNATGASD,56640.44,28125.98,3119
2026-05-06,KXSHIBA,2899.07,28.99,3
2026-05-06,KXSHIBAD,104.53,4.08,4
2026-05-06,KXSILVERD,35608.48,19449.59,1821
2026-05-06,KXSOL15M,599055.44,305564.78,43277
2026-05-06,KXSOLD,68860.87,26012.07,1637
2026-05-06,KXSOLE,6183.31,1736.75,92
2026-05-06,KXTNOTED,3892.99,387.12,120
2026-05-06,KXUSDJPY,1108.08,179.97,88
2026-05-06,KXWTI,1326171.85,601931.42,25199
2026-05-06,KXXRP,6423.11,599.92,251
2026-05-06,KXXRP15M,432012.19,204588.92,29651
2026-05-06,KXXRPD,8019.18,4755.02,274
2026-05-06,__TOTAL__,549890329.49,189353814.36,3341305
2026-05-07,KXBNB,4781.61,81.91,40
2026-05-07,KXBNB15M,124215.22,59975.45,11972
2026-05-07,KXBNBD,754.5,59.65,21
2026-05-07,KXBRENTD,261318.32,126200.94,8154
2026-05-07,KXBTC,523948.44,142563.27,11393
2026-05-07,KXBTC15M,25377045.54,12112273.66,491634
2026-05-07,KXBTCD,21357391.0,10450716.16,186368
2026-05-07,KXCOPPERD,13929.81,4495.33,565
2026-05-07,KXDOGE,10529.95,3137.28,152
2026-05-07,KXDOGE15M,148590.88,76785.31,13115
2026-05-07,KXDOGED,7155.54,2317.2,342
2026-05-07,KXETH,72514.6,33163.83,1338
2026-05-07,KXETH15M,1829204.62,832983.43,82911
2026-05-07,KXETHD,385313.18,183376.71,6057
2026-05-07,KXEURUSD,430.94,275.31,52
2026-05-07,KXGOLDD,55477.62,25509.84,3533
2026-05-07,KXHYPE,3476.41,167.16,96
2026-05-07,KXHYPE15M,160793.84,75749.78,12405
2026-05-07,KXHYPED,754.12,743.64,9
2026-05-07,KXINX,39188.57,15355.06,1138
2026-05-07,KXINXU,580801.0,308562.69,4211
2026-05-07,KXNASDAQ100,28360.47,10420.29,277
2026-05-07,KXNASDAQ100U,365285.13,189562.72,1961
2026-05-07,KXNATGASD,80439.58,37630.33,4479
2026-05-07,KXSHIBA,6388.84,88.5,27
2026-05-07,KXSHIBAD,2002.0,1540.4,3
2026-05-07,KXSILVERD,45805.28,23092.18,3111
2026-05-07,KXSOL15M,440686.17,215391.64,34330
2026-05-07,KXSOLD,62677.31,17979.11,1692
2026-05-07,KXSOLE,5377.69,1587.23,87
2026-05-07,KXTNOTED,837.79,269.58,34
2026-05-07,KXUSDJPY,696.29,427.35,45
2026-05-07,KXWTI,1204334.23,600738.0,24393
2026-05-07,KXXRP,7949.61,582.54,120
2026-05-07,KXXRP15M,329210.31,154570.59,24885
2026-05-07,KXXRPD,4444.86,1982.44,219
2026-05-07,__TOTAL__,555892896.42,189947841.55,3082194
2026-05-08,KXBNB,4112.86,94.62,90
2026-05-08,KXBNB15M,164505.55,96281.72,14693
2026-05-08,KXBNBD,1337.0,1307.73,36
2026-05-08,KXBRENTD,10640.01,6795.45,298
2026-05-08,KXBTC,442911.92,125352.96,10290
2026-05-08,KXBTC15M,25795762.28,13318518.42,533210
2026-05-08,KXBTCD,24469340.15,12191165.58,213618
2026-05-08,KXCOPPERD,1524.5,726.08,69
2026-05-08,KXDOGE,4014.78,327.94,126
2026-05-08,KXDOGE15M,205059.26,108900.57,18480
2026-05-08,KXDOGED,6810.68,4655.21,239
2026-05-08,KXETH,55618.51,27905.88,1282
2026-05-08,KXETH15M,1955891.76,948426.87,84917
2026-05-08,KXETHD,457579.58,187990.78,7210
2026-05-08,KXEURUSD,1174.99,399.0,235
2026-05-08,KXGOLDD,3899.03,1897.61,200
2026-05-08,KXHYPE,4306.62,186.27,71
2026-05-08,KXHYPE15M,276495.24,123546.76,15156
2026-05-08,KXHYPED,188.02,94.41,3
2026-05-08,KXINX,48722.45,14600.35,1320
2026-05-08,KXINXU,452443.66,241467.09,3925
2026-05-08,KXNASDAQ100,9153.57,2177.32,100
2026-05-08,KXNASDAQ100U,305640.77,164603.12,1292
2026-05-08,KXNATGASD,2405.07,820.94,75
2026-05-08,KXSHIBA,3363.89,1509.26,19
2026-05-08,KXSHIBAD,95.51,92.95,2
2026-05-08,KXSILVERD,1668.16,845.7,80
2026-05-08,KXSOL15M,662677.67,383125.79,52887
2026-05-08,KXSOLD,91411.3,46258.02,2335
2026-05-08,KXSOLE,3038.18,1502.34,100
2026-05-08,KXUSDJPY,2169.4,605.47,205
2026-05-08,KXWTI,853070.82,490687.59,14085
2026-05-08,KXXRP,3497.09,1473.45,206
2026-05-08,KXXRP15M,396343.33,209014.98,25731
2026-05-08,KXXRPD,11432.24,6979.6,378
2026-05-08,__TOTAL__,565257557.48,191465363.63,3203718
2026-05-09,KXBNB,2148.29,84.01,42
2026-05-09,KXBNB15M,178208.78,86127.66,15906
2026-05-09,KXBNBD,274.0,25.9,16
2026-05-09,KXBRENTD,8859.96,5292.09,378
2026-05-09,KXBTC,219810.45,69134.35,8804
2026-05-09,KXBTC15M,27695358.38,13648753.3,486636
2026-05-09,KXBTCD,18884320.5,9333115.1,163582
2026-05-09,KXCOPPERD,1023.26,470.76,61
2026-05-09,KXDOGE,2575.58,189.84,25
2026-05-09,KXDOGE15M,180947.05,89482.05,14353
2026-05-09,KXDOGED,4472.32,738.05,95
2026-05-09,KXETH,7351.96,3498.66,625
2026-05-09,KXETH15M,1701472.25,772894.22,63966
2026-05-09,KXETHD,229968.73,71547.49,5886
2026-05-09,KXGOLDD,8898.08,3552.95,444
2026-05-09,KXHYPE,4329.48,1100.37,94
2026-05-09,KXHYPE15M,300993.6,149301.44,15020
2026-05-09,KXHYPED,179.38,164.07,12
2026-05-09,KXINX,19355.7,551.66,36
2026-05-09,KXINXU,5498.91,1581.25,187
2026-05-09,KXNASDAQ100,6317.25,84.09,15
2026-05-09,KXNASDAQ100U,289.96,83.23,20
2026-05-09,KXNATGASD,1036.91,244.56,64
2026-05-09,KXSHIBA,19073.62,190.74,24
2026-05-09,KXSILVERD,2935.6,1572.33,117
2026-05-09,KXSOL15M,741837.35,342346.99,41701
2026-05-09,KXSOLD,81077.98,32731.44,1615
2026-05-09,KXSOLE,3386.65,947.18,58
2026-05-09,KXTNOTED,6.14,2.89,1
2026-05-09,KXUSDJPY,22.93,5.86,8
2026-05-09,KXWTI,47632.21,22941.18,1716
2026-05-09,KXXRP,1599.56,892.44,155
2026-05-09,KXXRP15M,627379.82,284913.94,31338
2026-05-09,KXXRPD,3130.26,1827.88,214
2026-05-09,__TOTAL__,721201926.24,239953981.43,4064957
2026-05-10,KXBNB,5808.0,278.8,87
2026-05-10,KXBNB15M,127080.7,62111.16,8710
2026-05-10,KXBNBD,20.0,2.94,12
2026-05-10,KXBRENTD,34976.21,23625.12,1572
2026-05-10,KXBTC,286201.53,87049.68,10405
2026-05-10,KXBTC15M,33882778.08,16318258.99,557482
2026-05-10,KXBTCD,24173871.76,11828908.13,211690
2026-05-10,KXCOPPERD,8895.56,4322.19,282
2026-05-10,KXDOGE,5656.32,562.58,84
2026-05-10,KXDOGE15M,175109.25,79218.38,11059
2026-05-10,KXDOGED,2518.6,982.03,85
2026-05-10,KXETH,14276.84,5208.6,980
2026-05-10,KXETH15M,1930106.96,895062.05,87326
2026-05-10,KXETHD,346616.78,128419.8,6721
2026-05-10,KXEURUSD,2.67,1.18,2
2026-05-10,KXGOLDD,19276.11,6153.91,707
2026-05-10,KXHYPE,781.1,127.88,40
2026-05-10,KXHYPE15M,175514.65,82383.2,9009
2026-05-10,KXHYPED,83.0,0.83,1
2026-05-10,KXINX,22969.25,1201.06,336
2026-05-10,KXINXU,9930.76,5420.32,346
2026-05-10,KXNASDAQ100,12878.02,404.26,80
2026-05-10,KXNASDAQ100U,2845.38,1342.17,120
2026-05-10,KXNATGASD,9865.61,3690.3,289
2026-05-10,KXSHIBA,1020.57,10.21,9
2026-05-10,KXSILVERD,16565.34,8241.76,570
2026-05-10,KXSOL15M,502603.98,247935.91,21599
2026-05-10,KXSOLD,72707.97,28219.29,1784
2026-05-10,KXSOLE,1194.48,62.87,36
2026-05-10,KXTNOTED,402.81,209.11,22
2026-05-10,KXUSDJPY,44.5,17.43,7
2026-05-10,KXWTI,252687.94,137566.91,5281
2026-05-10,KXXRP,1992.49,600.54,174
2026-05-10,KXXRP15M,362945.69,166869.84,17049
2026-05-10,KXXRPD,8165.67,2770.73,334
2026-05-10,__TOTAL__,687894646.86,239004718.42,3893314
2026-05-11,KXBNB,2140.46,180.76,75
2026-05-11,KXBNB15M,212554.43,111176.28,17931
2026-05-11,KXBNBD,6.0,5.92,5
2026-05-11,KXBRENTD,170124.67,95367.02,6492
2026-05-11,KXBTC,648371.24,149107.12,14526
2026-05-11,KXBTC15M,31469344.13,15477426.62,566774
2026-05-11,KXBTCD,26447522.61,13221642.86,224433
2026-05-11,KXCOPPERD,10922.54,7207.38,710
2026-05-11,KXDOGE,3017.79,1291.9,107
2026-05-11,KXDOGE15M,254077.22,114783.7,15553
2026-05-11,KXDOGED,6557.42,1810.18,388
2026-05-11,KXETH,91879.56,34833.48,1735
2026-05-11,KXETH15M,1816676.85,899288.12,94240
2026-05-11,KXETHD,478262.64,185959.39,6796
2026-05-11,KXEURUSD,104.37,18.58,7
2026-05-11,KXGOLDD,63878.89,32286.06,2786
2026-05-11,KXHYPE,2512.96,208.13,59
2026-05-11,KXHYPE15M,309724.08,144101.85,14878
2026-05-11,KXHYPED,182.0,44.1,24
2026-05-11,KXINX,93270.41,26597.17,1692
2026-05-11,KXINXU,559826.09,315423.6,4031
2026-05-11,KXNASDAQ100,34859.97,10209.15,338
2026-05-11,KXNASDAQ100U,176442.49,91394.37,1605
2026-05-11,KXNATGASD,41590.23,19723.84,2201
2026-05-11,KXSHIBA,3121.62,531.22,5
2026-05-11,KXSHIBAD,3.0,1.89,1
2026-05-11,KXSILVERD,194516.8,150768.35,6041
2026-05-11,KXSOL15M,779065.35,362615.78,39343
2026-05-11,KXSOLD,90147.93,39903.45,1882
2026-05-11,KXSOLE,1346.64,187.78,55
2026-05-11,KXTNOTED,1441.87,512.22,62
2026-05-11,KXUSDJPY,445.78,53.62,13
2026-05-11,KXWTI,993887.35,595782.51,19402
2026-05-11,KXXRP,1571.51,452.36,164
2026-05-11,KXXRP15M,683306.61,321996.33,30447
2026-05-11,KXXRPD,7935.17,3890.09,220
2026-05-11,__TOTAL__,515448361.53,168037391.78,3183250
2026-05-12,KXBNB,138.15,77.9,91
2026-05-12,KXBNB15M,185648.43,110789.79,14672
2026-05-12,KXBNBD,376.39,272.1,18
2026-05-12,KXBRENTD,165812.83,101193.77,5004
2026-05-12,KXBTC,542302.89,143092.67,12366
2026-05-12,KXBTC15M,31591877.44,16038489.65,568622
2026-05-12,KXBTCD,23935566.25,12157231.91,229759
2026-05-12,KXCOPPERD,27507.46,15479.25,1251
2026-05-12,KXDOGE,1713.04,521.29,65
2026-05-12,KXDOGE15M,271826.69,130949.27,16931
2026-05-12,KXDOGED,1889.06,397.09,90
2026-05-12,KXETH,63799.54,34020.53,1449
2026-05-12,KXETH15M,1686845.35,889569.09,87505
2026-05-12,KXETHD,400411.74,173668.67,6146
2026-05-12,KXEURUSD,1056.6,55.4,17
2026-05-12,KXGOLDD,61405.9,30536.87,2855
2026-05-12,KXHYPE,3602.46,2824.91,85
2026-05-12,KXHYPE15M,327199.74,164390.62,14411
2026-05-12,KXHYPED,238.0,83.63,28
2026-05-12,KXINX,55908.12,14874.52,983
2026-05-12,KXINXU,690353.24,346497.43,4749
2026-05-12,KXNASDAQ100,91854.52,5680.46,192
2026-05-12,KXNASDAQ100U,144183.68,58165.61,1673
2026-05-12,KXNATGASD,34489.5,13761.84,1854
2026-05-12,KXSHIBA,2547.32,65.47,5
2026-05-12,KXSILVERD,88245.64,45330.46,6527
2026-05-12,KXSOL15M,672327.11,332860.19,37672
2026-05-12,KXSOLD,81690.72,25735.95,1604
2026-05-12,KXSOLE,727.28,49.65,74
2026-05-12,KXTNOTED,1004.73,225.48,26
2026-05-12,KXUSDJPY,1129.06,490.72,86
2026-05-12,KXWTI,908355.89,634012.03,15376
2026-05-12,KXXRP,1486.36,612.33,109
2026-05-12,KXXRP15M,584676.89,287196.95,28609
2026-05-12,KXXRPD,6651.08,3192.96,319
2026-05-12,__TOTAL__,529698301.5,187314264.2,3341793
2026-05-13,KXBNB,81.25,53.65,59
2026-05-13,KXBNB15M,156799.18,79966.51,11429
2026-05-13,KXBNBD,301.02,94.65,11
2026-05-13,KXBRENTD,169564.15,83157.87,5754
2026-05-13,KXBTC,543623.17,137771.23,10694
2026-05-13,KXBTC15M,31144705.85,14859134.02,509425
2026-05-13,KXBTCD,25629877.86,12381812.22,215901
2026-05-13,KXCOPPERD,8841.55,3946.63,496
2026-05-13,KXDOGE,5096.74,1384.51,92
2026-05-13,KXDOGE15M,182925.4,94624.3,13709
2026-05-13,KXDOGED,7399.71,1766.59,249
2026-05-13,KXETH,41266.36,17433.92,1450
2026-05-13,KXETH15M,1329402.53,645691.67,60762
2026-05-13,KXETHD,391957.16,167846.24,5367
2026-05-13,KXEURUSD,327.74,57.86,16
2026-05-13,KXGOLDD,62198.04,27490.65,2580
2026-05-13,KXHYPE,1020.13,171.54,40
2026-05-13,KXHYPE15M,289650.62,109769.67,13434
2026-05-13,KXHYPED,184.0,50.96,23
2026-05-13,KXINX,89755.73,33121.74,1262
2026-05-13,KXINXU,870478.65,495307.93,5067
2026-05-13,KXNASDAQ100,17947.59,3982.35,197
2026-05-13,KXNASDAQ100U,236876.34,120003.76,2041
2026-05-13,KXNATGASD,67485.94,31749.71,2895
2026-05-13,KXSHIBA,609.7,6.1,4
2026-05-13,KXSHIBAD,93.51,92.57,1
2026-05-13,KXSILVERD,30917.8,16893.15,1757
2026-05-13,KXSOL15M,936667.91,452777.48,39546
2026-05-13,KXSOLD,86347.86,31807.29,1968
2026-05-13,KXSOLE,598.71,180.17,46
2026-05-13,KXTNOTED,14502.76,7783.39,232
2026-05-13,KXUSDJPY,492.68,156.18,23
2026-05-13,KXWTI,878507.64,488691.44,16451
2026-05-13,KXXRP,1572.52,641.97,98
2026-05-13,KXXRP15M,570754.62,322315.76,25773
2026-05-13,KXXRPD,16567.3,4333.86,374
2026-05-13,__TOTAL__,544896407.95,187814146.33,3362490
2026-05-14,KXBNB,905.97,61.18,64
2026-05-14,KXBNB15M,194302.8,100686.62,10759
2026-05-14,KXBNBD,2254.34,2200.55,6
2026-05-14,KXBRENTD,160316.53,93675.42,5098
2026-05-14,KXBTC,455694.78,108248.11,9009
2026-05-14,KXBTC15M,36186465.27,19278606.33,601723
2026-05-14,KXBTCD,26231886.89,12968184.11,237631
2026-05-14,KXDOGE,8944.77,3246.07,216
2026-05-14,KXDOGE15M,226889.91,117280.27,14132
2026-05-14,KXDOGED,8238.15,3434.73,255
2026-05-14,KXETH,81178.92,37606.6,1573
2026-05-14,KXETH15M,1327576.45,711047.18,55968
2026-05-14,KXETHD,441564.1,181647.75,6422
2026-05-14,KXEURUSD,133.44,20.9,15
2026-05-14,KXGOLDD,37209.61,17598.81,1661
2026-05-14,KXHYPE,3228.96,142.96,44
2026-05-14,KXHYPE15M,299646.99,201660.76,13252
2026-05-14,KXHYPED,405.78,4.06,6
2026-05-14,KXINX,93478.16,25258.68,1294
2026-05-14,KXINXU,820650.55,451497.3,5984
2026-05-14,KXNASDAQ100,10069.92,3431.95,176
2026-05-14,KXNASDAQ100U,162009.61,70997.79,1686
2026-05-14,KXNATGASD,28914.56,11846.19,1955
2026-05-14,KXSHIBA,1548.73,15.59,8
2026-05-14,KXSHIBAD,633.66,627.27,4
2026-05-14,KXSILVERD,28817.15,13742.06,1644
2026-05-14,KXSOL15M,646400.42,348383.14,30692
2026-05-14,KXSOLD,33786.37,14753.12,1152
2026-05-14,KXSOLE,6346.17,300.53,75
2026-05-14,KXTNOTED,148.0,60.11,7
2026-05-14,KXUSDJPY,623.09,124.4,30
2026-05-14,KXWTI,598383.15,355069.49,12767
2026-05-14,KXXRP,3234.28,897.32,171
2026-05-14,KXXRP15M,541413.22,274594.86,25697
2026-05-14,KXXRPD,44074.66,13946.84,744
2026-05-14,__TOTAL__,495634300.47,158046013.46,3157978
2026-05-15,KXBNB,619.38,62.53,68
2026-05-15,KXBNB15M,108839.71,47241.56,8538
2026-05-15,KXBNBD,1259.62,1246.02,8
2026-05-15,KXBRENTD,13229.96,8629.83,474
2026-05-15,KXBTC,737600.06,195116.08,13644
2026-05-15,KXBTC15M,41004695.15,19830014.67,670375
2026-05-15,KXBTCD,27076870.44,13501091.21,251341
2026-05-15,KXCOPPERD,5.96,2.36,2
2026-05-15,KXDOGE,8996.97,1811.6,84
2026-05-15,KXDOGE15M,148732.29,78486.47,9119
2026-05-15,KXDOGED,7624.64,4191.89,265
2026-05-15,KXETH,66504.96,26628.8,1493
2026-05-15,KXETH15M,1835904.24,842911.54,82939
2026-05-15,KXETHD,378189.55,162378.15,8104
2026-05-15,KXEURUSD,400.33,59.2,8
2026-05-15,KXGOLDD,3863.14,1819.27,165
2026-05-15,KXHYPE,188.11,88.11,25
2026-05-15,KXHYPE15M,198269.34,111224.19,9724
2026-05-15,KXHYPED,2294.94,1152.51,30
2026-05-15,KXINX,59798.56,10634.51,1348
2026-05-15,KXINXU,641172.65,327032.62,6418
2026-05-15,KXNASDAQ100,22503.47,2759.67,220
2026-05-15,KXNASDAQ100U,113729.76,46562.73,1773
2026-05-15,KXNATGASD,3769.52,1886.9,164
2026-05-15,KXSHIBA,188.02,1.88,3
2026-05-15,KXSILVERD,3189.04,1597.47,113
2026-05-15,KXSOL15M,796565.02,337951.82,40935
2026-05-15,KXSOLD,26649.58,6423.55,1255
2026-05-15,KXSOLE,6615.77,239.9,137
2026-05-15,KXUSDJPY,708.26,75.44,9
2026-05-15,KXWTI,737706.18,483816.44,14033
2026-05-15,KXXRP,3052.19,401.89,124
2026-05-15,KXXRP15M,312743.57,158787.46,16616
2026-05-15,KXXRPD,9203.98,4883.01,516
2026-05-15,__TOTAL__,583379067.43,182083933.89,3522060
2026-05-16,KXBNB,2792.66,210.73,76
2026-05-16,KXBNB15M,179788.15,75815.45,14638
2026-05-16,KXBNBD,478.46,257.32,14
2026-05-16,KXBRENTD,14997.11,9794.03,763
2026-05-16,KXBTC,305478.8,98221.95,11700
2026-05-16,KXBTC15M,36484727.32,17951437.32,600600
2026-05-16,KXBTCD,22133977.61,11285200.81,213238
2026-05-16,KXCOPPERD,75.18,39.86,8
2026-05-16,KXDOGE,2517.06,326.28,70
2026-05-16,KXDOGE15M,263360.46,146422.83,15670
2026-05-16,KXDOGED,2089.41,401.33,48
2026-05-16,KXETH,19673.5,7249.15,1020
2026-05-16,KXETH15M,1744236.45,830975.29,71673
2026-05-16,KXETHD,176214.22,75628.67,5157
2026-05-16,KXEURUSD,47.46,20.33,5
2026-05-16,KXGOLDD,2851.35,1406.72,212
2026-05-16,KXHYPE,204.96,119.65,31
2026-05-16,KXHYPE15M,395415.68,196463.56,15729
2026-05-16,KXHYPED,1179.39,771.82,51
2026-05-16,KXINX,467.41,18.14,13
2026-05-16,KXINXU,866.06,434.72,59
2026-05-16,KXNASDAQ100,7262.34,139.78,16
2026-05-16,KXNASDAQ100U,205.79,48.06,16
2026-05-16,KXNATGASD,896.43,460.68,86
2026-05-16,KXSHIBA,19481.53,223.35,13
2026-05-16,KXSHIBAD,333.33,330.0,1
2026-05-16,KXSILVERD,4188.07,1431.01,198
2026-05-16,KXSOL15M,740947.95,320164.0,38493
2026-05-16,KXSOLD,21407.69,4853.96,736
2026-05-16,KXSOLE,6944.57,269.37,101
2026-05-16,KXUSDJPY,50.44,24.2,6
2026-05-16,KXWTI,76108.83,40907.23,2718
2026-05-16,KXXRP,770.15,356.82,108
2026-05-16,KXXRP15M,681060.11,331867.63,33837
2026-05-16,KXXRPD,23753.36,12386.99,295
2026-05-16,__TOTAL__,585312856.3,177041811.16,3855020
2026-05-17,KXBNB,588.92,107.74,40
2026-05-17,KXBNB15M,148568.76,65052.57,13282
2026-05-17,KXBNBD,63.09,60.16,6
2026-05-17,KXBRENTD,28706.59,17764.74,1126
2026-05-17,KXBTC,345217.49,100004.87,12401
2026-05-17,KXBTC15M,37359722.56,17990185.8,600929
2026-05-17,KXBTCD,22712099.12,11450910.41,224093
2026-05-17,KXCOPPERD,3141.06,1342.02,135
2026-05-17,KXDOGE,1725.79,810.85,101
2026-05-17,KXDOGE15M,258497.62,135407.99,16626
2026-05-17,KXDOGED,6071.25,258.8,65
2026-05-17,KXETH,21445.09,7976.82,1403
2026-05-17,KXETH15M,1652782.42,828362.2,66268
2026-05-17,KXETHD,162348.18,66732.81,6124
2026-05-17,KXEURUSD,33.75,13.36,7
2026-05-17,KXGOLDD,9087.33,4776.05,743
2026-05-17,KXHYPE,961.29,230.11,35
2026-05-17,KXHYPE15M,382752.83,211201.06,17375
2026-05-17,KXHYPED,406.32,279.73,8
2026-05-17,KXINX,7597.89,610.77,137
2026-05-17,KXINXU,19901.82,10382.14,574
2026-05-17,KXNASDAQ100,8777.89,313.52,92
2026-05-17,KXNASDAQ100U,4768.99,2104.43,202
2026-05-17,KXNATGASD,4780.91,2543.37,289
2026-05-17,KXSHIBA,40180.63,409.52,67
2026-05-17,KXSHIBAD,93.51,92.57,1
2026-05-17,KXSILVERD,16107.46,6812.66,677
2026-05-17,KXSOL15M,672056.49,313928.56,35320
2026-05-17,KXSOLD,19558.65,5674.75,1165
2026-05-17,KXSOLE,463.98,29.6,20
2026-05-17,KXUSDJPY,64.11,29.81,4
2026-05-17,KXWTI,240713.61,150598.6,4642
2026-05-17,KXXRP,2239.99,685.48,98
2026-05-17,KXXRP15M,490492.43,238028.91,23999
2026-05-17,KXXRPD,4627.76,2951.08,223
2026-05-17,__TOTAL__,606037395.28,199969092.66,3580855
2026-05-18,KXBNB,203.01,66.16,65
2026-05-18,KXBNB15M,155205.91,68305.24,12731
2026-05-18,KXBNBD,759.43,513.97,5
2026-05-18,KXBRENTD,260578.15,155059.46,8484
2026-05-18,KXBTC,584129.77,118347.27,14229
2026-05-18,KXBTC15M,37357097.62,18192606.37,649773
2026-05-18,KXBTCD,26346042.45,13094597.99,261907
2026-05-18,KXCOPPERD,10744.38,6555.1,593
2026-05-18,KXDOGE,8048.29,3724.42,353
2026-05-18,KXDOGE15M,271406.87,138913.0,15635
2026-05-18,KXDOGED,5184.74,1466.49,252
2026-05-18,KXETH,124695.79,51682.81,3302
2026-05-18,KXETH15M,1335550.76,636497.23,62313
2026-05-18,KXETHD,354638.11,148995.65,7822
2026-05-18,KXEURUSD,876.89,76.62,19
2026-05-18,KXGOLDD,40352.76,21595.98,1820
2026-05-18,KXHYPE,227.51,123.88,28
2026-05-18,KXHYPE15M,284732.07,150101.42,16310
2026-05-18,KXHYPED,192.12,188.31,7
2026-05-18,KXINX,38574.49,9557.18,1147
2026-05-18,KXINXU,677163.67,373854.21,6531
2026-05-18,KXNASDAQ100,16311.79,1934.72,240
2026-05-18,KXNASDAQ100U,215837.42,92675.44,2527
2026-05-18,KXNATGASD,105537.62,61882.95,4634
2026-05-18,KXSHIBA,404.0,69.12,3
2026-05-18,KXSILVERD,55807.76,32274.55,2537
2026-05-18,KXSOL15M,557156.03,276106.29,33322
2026-05-18,KXSOLD,21454.86,6591.37,1173
2026-05-18,KXSOLE,2303.97,43.31,48
2026-05-18,KXUSDJPY,338.48,67.08,17
2026-05-18,KXWTI,756034.07,448518.02,13947
2026-05-18,KXXRP,11165.82,346.58,75
2026-05-18,KXXRP15M,478624.58,222547.68,25706
2026-05-18,KXXRPD,4026.25,1668.42,224
2026-05-18,__TOTAL__,503186642.08,182945367.67,3432790
2026-05-19,KXBNB,827.86,83.94,81
2026-05-19,KXBNB15M,132934.29,62628.3,13086
2026-05-19,KXBNBD,1053.0,989.6,4
2026-05-19,KXBRENTD,202250.98,114414.12,5103
2026-05-19,KXBTC,805163.21,182007.3,17257
2026-05-19,KXBTC15M,35173950.28,18229343.82,588646
2026-05-19,KXBTCD,25113807.34,12432101.85,242743
2026-05-19,KXCOPPERD,5917.61,2414.89,325
2026-05-19,KXDOGE,4884.06,1328.36,87
2026-05-19,KXDOGE15M,241816.57,125036.1,15053
2026-05-19,KXDOGED,5502.38,426.85,186
2026-05-19,KXETH,50425.55,19471.34,1719
2026-05-19,KXETH15M,1370336.58,639389.68,78762
2026-05-19,KXETHD,282031.96,116858.9,6450
2026-05-19,KXEURUSD,477.85,101.05,18
2026-05-19,KXGOLDD,42219.94,20845.14,1928
2026-05-19,KXHYPE,4061.46,3489.35,151
2026-05-19,KXHYPE15M,257740.63,135729.33,15752
2026-05-19,KXHYPED,2228.8,2143.79,20
2026-05-19,KXINX,45671.41,13713.35,857
2026-05-19,KXINXU,688503.18,342288.23,5369
2026-05-19,KXNASDAQ100,11483.78,1267.07,275
2026-05-19,KXNASDAQ100U,191972.25,88220.42,1866
2026-05-19,KXNATGASD,54473.26,35474.64,3164
2026-05-19,KXSHIBA,392.03,49.07,7
2026-05-19,KXSILVERD,38430.61,14862.45,1543
2026-05-19,KXSOL15M,581697.27,281012.04,34150
2026-05-19,KXSOLD,24659.83,9360.77,845
2026-05-19,KXSOLE,3639.95,450.46,84
2026-05-19,KXTNOTED,128.0,71.68,1
2026-05-19,KXUSDJPY,280.17,55.57,12
2026-05-19,KXWTI,579417.83,316029.24,9437
2026-05-19,KXXRP,5922.57,545.24,100
2026-05-19,KXXRP15M,460354.38,227829.62,27403
2026-05-19,KXXRPD,7642.24,3663.92,269
2026-05-19,__TOTAL__,570292336.88,204774323.03,3604279
2026-05-20,KXBNB,756.31,178.37,118
2026-05-20,KXBNB15M,191846.07,99514.98,13742
2026-05-20,KXBRENTD,320933.4,145162.0,7853
2026-05-20,KXBTC,635858.37,160169.74,18005
2026-05-20,KXBTC15M,38861053.71,19737739.55,626689
2026-05-20,KXBTCD,24486791.56,12236826.53,245081
2026-05-20,KXCOPPERD,15460.13,9144.58,802
2026-05-20,KXDOGE,3562.3,2545.43,96
2026-05-20,KXDOGE15M,288131.37,144395.69,14410
2026-05-20,KXDOGED,8392.6,1379.37,160
2026-05-20,KXETH,65800.68,20521.52,2072
2026-05-20,KXETH15M,1609058.31,823471.5,79695
2026-05-20,KXETHD,302728.41,143480.14,6034
2026-05-20,KXEURUSD,207.22,73.06,15
2026-05-20,KXGOLDD,51608.66,27447.1,2297
2026-05-20,KXHYPE,2103.63,104.36,35
2026-05-20,KXHYPE15M,332573.89,202495.95,17658
2026-05-20,KXHYPED,1915.33,543.15,13
2026-05-20,KXINX,51380.47,16271.11,1188
2026-05-20,KXINXU,541641.39,341573.06,5124
2026-05-20,KXNASDAQ100,12812.09,2066.56,617
2026-05-20,KXNASDAQ100U,229647.13,101470.19,1925
2026-05-20,KXNATGASD,39473.22,18751.53,2458
2026-05-20,KXSHIBA,7234.64,119.12,13
2026-05-20,KXSHIBAD,100.0,99.0,1
2026-05-20,KXSILVERD,42195.79,23928.14,1631
2026-05-20,KXSOL15M,610006.04,318774.11,32239
2026-05-20,KXSOLD,30586.84,11847.96,1242
2026-05-20,KXSOLE,31401.0,360.69,97
2026-05-20,KXTNOTED,669.78,408.17,43
2026-05-20,KXUSDJPY,1079.21,225.03,24
2026-05-20,KXWTI,966364.39,517058.73,14025
2026-05-20,KXXRP,27693.91,495.17,333
2026-05-20,KXXRP15M,552541.47,294421.43,26572
2026-05-20,KXXRPD,8735.06,4987.45,320
2026-05-20,__TOTAL__,598522408.68,208977489.51,3829063
2026-05-21,KXBNB,354.2,172.29,93
2026-05-21,KXBNB15M,254691.68,124304.85,16830
2026-05-21,KXBNBD,4.0,3.68,4
2026-05-21,KXBRENTD,298905.08,146085.18,9465
2026-05-21,KXBTC,657137.22,148916.99,13343
2026-05-21,KXBTC15M,39840374.17,20771680.98,633951
2026-05-21,KXBTCD,22946244.96,11215548.32,252960
2026-05-21,KXCOPPERD,11596.2,6379.37,674
2026-05-21,KXDOGE,10068.36,5534.12,145
2026-05-21,KXDOGE15M,291647.9,131776.4,15656
2026-05-21,KXDOGED,5923.56,1932.24,238
2026-05-21,KXETH,81655.58,27779.98,2038
2026-05-21,KXETH15M,1711953.23,826818.15,80810
2026-05-21,KXETHD,273349.74,119380.61,5178
2026-05-21,KXEURUSD,143.35,55.46,16
2026-05-21,KXGOLDD,37085.72,20547.47,1769
2026-05-21,KXHYPE,5873.46,2308.06,494
2026-05-21,KXHYPE15M,296031.77,151257.55,20034
2026-05-21,KXHYPED,2477.63,1133.49,271
2026-05-21,KXINX,36335.07,8760.34,979
2026-05-21,KXINXU,689625.14,394986.57,5893
2026-05-21,KXNASDAQ100,8501.44,1277.18,134
2026-05-21,KXNASDAQ100U,252391.67,100330.32,1966
2026-05-21,KXNATGASD,35699.53,20908.74,2050
2026-05-21,KXSHIBA,7182.51,227.69,34
2026-05-21,KXSILVERD,28130.04,16592.08,1573
2026-05-21,KXSOL15M,867511.51,410206.22,37003
2026-05-21,KXSOLD,31024.18,8431.49,1032
2026-05-21,KXSOLE,4683.5,96.15,62
2026-05-21,KXTNOTED,328.11,67.74,27
2026-05-21,KXUSDJPY,644.88,106.28,24
2026-05-21,KXWTI,704481.05,348905.27,11941
2026-05-21,KXXRP,1151.79,345.97,68
2026-05-21,KXXRP15M,470261.32,197415.76,22451
2026-05-21,KXXRPD,36056.0,13774.22,260
2026-05-21,__TOTAL__,511754760.74,177312973.06,3445448
2026-05-22,KXBNB,430.36,217.41,107
2026-05-22,KXBNB15M,396382.12,190751.69,24612
2026-05-22,KXBNBD,341.51,35.93,13
2026-05-22,KXBTC,761581.59,205815.46,16497
2026-05-22,KXBTC15M,46388991.02,23028936.51,717552
2026-05-22,KXBTCD,28725502.74,13752107.09,289730
2026-05-22,KXDOGE,5336.13,1215.71,143
2026-05-22,KXDOGE15M,362890.45,184358.71,21752
2026-05-22,KXDOGED,5742.77,3860.32,200
2026-05-22,KXETH,87952.82,35549.06,2389
2026-05-22,KXETH15M,1943671.64,954325.37,88624
2026-05-22,KXETHD,355425.15,157542.14,7242
2026-05-22,KXEURUSD,71.34,34.3,4
2026-05-22,KXHYPE,3207.02,331.33,172
2026-05-22,KXHYPE15M,594248.7,310990.38,35870
2026-05-22,KXHYPED,5062.84,3529.57,594
2026-05-22,KXINX,63120.58,25841.14,1176
2026-05-22,KXINXU,669942.32,407834.66,5100
2026-05-22,KXNASDAQ100,6311.98,2059.56,158
2026-05-22,KXNASDAQ100U,221775.31,127009.28,1639
2026-05-22,KXSHIBA,1057.15,95.3,16
2026-05-22,KXSOL15M,794170.9,389949.44,34977
2026-05-22,KXSOLD,30176.13,9340.72,1089
2026-05-22,KXSOLE,8630.24,217.56,51
2026-05-22,KXUSDJPY,185.74,43.65,9
2026-05-22,KXWTI,499002.7,283501.01,10039
2026-05-22,KXXRP,10722.7,1666.68,127
2026-05-22,KXXRP15M,634579.31,304113.31,29885
2026-05-22,KXXRPD,27210.37,16443.33,432
2026-05-22,__TOTAL__,580623393.75,201019340.86,3843725
2026-05-23,KXBNB,851.72,292.63,135
2026-05-23,KXBNB15M,321392.43,150609.84,18852
2026-05-23,KXBNBD,789.33,436.46,153
2026-05-23,KXBTC,278607.25,78318.1,12983
2026-05-23,KXBTC15M,42289032.83,21075672.7,641314
2026-05-23,KXBTCD,27566436.83,13178280.5,295820
2026-05-23,KXDOGE,1251.8,510.09,66
2026-05-23,KXDOGE15M,378127.19,190018.63,18111
2026-05-23,KXDOGED,4749.66,3763.86,161
2026-05-23,KXETH,22694.71,6639.09,1321
2026-05-23,KXETH15M,1903202.56,949566.62,80013
2026-05-23,KXETHD,285051.26,115052.74,8574
2026-05-23,KXHYPE,2935.3,1176.94,273
2026-05-23,KXHYPE15M,622174.5,338317.71,32237
2026-05-23,KXHYPED,3013.59,1577.19,531
2026-05-23,KXINX,553.44,79.12,5
2026-05-23,KXNASDAQ100,4.0,0.98,2
2026-05-23,KXSHIBA,166.44,1.76,2
2026-05-23,KXSHIBAD,885.66,876.8,5
2026-05-23,KXSOL15M,834729.78,409743.68,32515
2026-05-23,KXSOLD,31643.78,9668.18,1390
2026-05-23,KXSOLE,14761.08,169.81,60
2026-05-23,KXWTI,269881.3,98900.23,5890
2026-05-23,KXXRP,604.5,299.19,73
2026-05-23,KXXRP15M,631061.72,339256.17,23804
2026-05-23,KXXRPD,10516.85,2967.67,296
2026-05-23,__TOTAL__,592972393.78,206435221.35,3810996
2026-05-24,KXBNB,1775.46,597.12,300
2026-05-24,KXBNB15M,287353.09,125722.94,16596
2026-05-24,KXBNBD,1399.41,730.47,293
2026-05-24,KXBTC,254614.13,67819.65,10781
2026-05-24,KXBTC15M,40508523.77,19971651.76,616913
2026-05-24,KXBTCD,22850107.03,11102863.45,261452
2026-05-24,KXDOGE,979.61,112.47,27
2026-05-24,KXDOGE15M,316574.2,147806.5,16415
2026-05-24,KXDOGED,1031.56,245.29,194
2026-05-24,KXETH,21419.29,6156.22,1122
2026-05-24,KXETH15M,1912099.39,925993.15,74595
2026-05-24,KXETHD,217673.29,89666.32,6597
2026-05-24,KXHYPE,4110.34,1044.62,582
2026-05-24,KXHYPE15M,549122.36,283665.07,30306
2026-05-24,KXHYPED,2694.83,901.62,374
2026-05-24,KXINX,1044.02,109.98,61
2026-05-24,KXNASDAQ100,311.75,115.98,19
2026-05-24,KXSHIBAD,396.0,392.04,4
2026-05-24,KXSOL15M,781053.91,350246.8,29639
2026-05-24,KXSOLD,29800.55,9559.39,1334
2026-05-24,KXSOLE,204.97,23.13,18
2026-05-24,KXWTI,273141.35,111220.73,6234
2026-05-24,KXXRP,663.64,375.59,67
2026-05-24,KXXRP15M,512808.48,240333.51,22392
2026-05-24,KXXRPD,5155.74,1096.33,372
2026-05-24,__TOTAL__,672090521.45,235495457.16,4016546
2026-05-25,KXBNB,2148.59,1137.06,558
2026-05-25,KXBNB15M,296879.23,147055.77,18774
2026-05-25,KXBNBD,5658.36,3708.39,561
2026-05-25,KXBRENTD,15227.71,7888.26,2239
2026-05-25,KXBTC,243774.78,61406.24,9705
2026-05-25,KXBTC15M,38989952.61,19620255.86,601512
2026-05-25,KXBTCD,24602328.0,11948650.41,259404
2026-05-25,KXCOPPERD,1004.35,534.63,100
2026-05-25,KXDOGE,2034.51,92.77,24
2026-05-25,KXDOGE15M,294224.3,147193.82,16884
2026-05-25,KXDOGED,9882.95,4458.14,241
2026-05-25,KXETH,20940.07,5281.19,1169
2026-05-25,KXETH15M,1627910.0,789714.42,70442
2026-05-25,KXETHD,224797.31,97050.09,6205
2026-05-25,KXEURUSD,12.0,0.84,3
2026-05-25,KXGOLDD,10765.85,5424.77,734
2026-05-25,KXHYPE,1828.0,1607.63,76
2026-05-25,KXHYPE15M,639548.89,304834.35,32831
2026-05-25,KXHYPED,2139.84,1063.86,599
2026-05-25,KXINX,2306.82,261.17,100
2026-05-25,KXINXU,9330.13,4915.67,201
2026-05-25,KXNASDAQ100,76.29,13.58,5
2026-05-25,KXNASDAQ100U,1002.69,474.32,107
2026-05-25,KXNATGASD,3380.88,1830.93,299
2026-05-25,KXSHIBAD,99.0,98.01,1
2026-05-25,KXSILVERD,13666.35,7343.37,588
2026-05-25,KXSOL15M,703340.83,349539.24,26806
2026-05-25,KXSOLD,25010.86,7241.93,1166
2026-05-25,KXSOLE,13499.89,809.04,67
2026-05-25,KXTNOTED,465.0,73.98,6
2026-05-25,KXUSDJPY,863.79,158.8,23
2026-05-25,KXWTI,253666.86,100056.92,5078
2026-05-25,KXXRP,4118.48,707.91,99
2026-05-25,KXXRP15M,533538.32,257369.82,22278
2026-05-25,KXXRPD,9699.34,2134.09,428
2026-05-25,__TOTAL__,554569814.62,205267168.88,3439603
2026-05-26,KXBNB,1309.08,245.08,125
2026-05-26,KXBNB15M,274787.48,138881.17,18072
2026-05-26,KXBNBD,2157.31,1002.16,566
2026-05-26,KXBRENTD,305914.43,116585.88,7394
2026-05-26,KXBTC,241600.82,63074.04,9006
2026-05-26,KXBTC15M,39328394.82,18966152.33,602528
2026-05-26,KXBTCD,28950174.37,14320555.23,302220
2026-05-26,KXCOPPERD,19692.78,10572.27,1181
2026-05-26,KXDOGE,10374.95,2108.16,170
2026-05-26,KXDOGE15M,353447.35,190269.22,17532
2026-05-26,KXDOGED,4729.37,2021.01,318
2026-05-26,KXETH,41717.82,19599.5,1060
2026-05-26,KXETH15M,1832828.86,863158.78,70955
2026-05-26,KXETHD,255471.47,108883.39,6254
2026-05-26,KXEURUSD,18.11,6.65,11
2026-05-26,KXGOLDD,84090.39,34731.87,3122
2026-05-26,KXHYPE,2587.57,2074.95,294
2026-05-26,KXHYPE15M,449771.72,216770.17,30041
2026-05-26,KXHYPED,1810.81,898.51,438
2026-05-26,KXINX,27287.4,8645.33,1032
2026-05-26,KXINXU,374460.61,199606.02,4202
2026-05-26,KXNASDAQ100,13735.04,4729.79,121
2026-05-26,KXNASDAQ100U,229112.14,134131.93,1661
2026-05-26,KXNATGASD,203905.4,91144.74,6785
2026-05-26,KXSHIBA,3684.25,934.7,29
2026-05-26,KXSHIBAD,5286.04,4807.37,11
2026-05-26,KXSILVERD,35499.08,13581.69,2082
2026-05-26,KXSOL15M,544551.85,262694.39,24586
2026-05-26,KXSOLD,12726.92,4594.08,943
2026-05-26,KXSOLE,8445.83,154.22,97
2026-05-26,KXTNOTED,347.61,81.92,49
2026-05-26,KXUSDJPY,534.32,89.78,19
2026-05-26,KXWTI,470018.01,207207.18,9550
2026-05-26,KXXRP,2917.97,1138.91,155
2026-05-26,KXXRP15M,400694.05,191102.89,18225
2026-05-26,KXXRPD,6867.29,2703.65,583
2026-05-26,__TOTAL__,562055117.95,203041210.48,3580127
2026-05-27,KXBNB,5754.87,3104.56,534
2026-05-27,KXBNB15M,261654.42,121341.53,17752
2026-05-27,KXBNBD,543.0,261.27,261
2026-05-27,KXBRENTD,322314.68,144829.17,6792
2026-05-27,KXBTC,307527.0,82251.77,9870
2026-05-27,KXBTC15M,44649384.99,22337683.14,649339
2026-05-27,KXBTCD,31288011.85,15327114.97,321888
2026-05-27,KXCOPPERD,15850.48,6528.92,916
2026-05-27,KXDOGE,3632.54,565.86,130
2026-05-27,KXDOGE15M,374062.34,188286.71,17558
2026-05-27,KXDOGED,2878.48,732.49,295
2026-05-27,KXETH,59862.45,24949.7,1129
2026-05-27,KXETH15M,1866352.29,933297.27,78296
2026-05-27,KXETHD,291879.44,124969.22,5876
2026-05-27,KXEURUSD,11.02,0.2,3
2026-05-27,KXGOLDD,103593.45,53946.84,4579
2026-05-27,KXHYPE,17490.29,9796.39,838
2026-05-27,KXHYPE15M,474282.2,260531.23,29696
2026-05-27,KXHYPED,6976.79,3639.02,1052
2026-05-27,KXINX,36647.08,13757.6,987
2026-05-27,KXINXU,633141.02,330485.1,5423
2026-05-27,KXNASDAQ100,26722.58,13745.43,274
2026-05-27,KXNASDAQ100U,165188.3,94903.74,2229
2026-05-27,KXNATGASD,63423.18,35449.88,4214
2026-05-27,KXSHIBA,4992.57,849.93,7
2026-05-27,KXSHIBAD,837.53,8.38,9
2026-05-27,KXSILVERD,44970.52,18765.99,2176
2026-05-27,KXSOL15M,553892.58,261119.05,28288
2026-05-27,KXSOLD,19425.06,7459.18,1073
2026-05-27,KXSOLE,12382.97,737.14,62
2026-05-27,KXTNOTED,127.0,34.17,20
2026-05-27,KXUSDJPY,174.74,38.56,8
2026-05-27,KXWTI,475746.19,154439.55,10640
2026-05-27,KXXRP,2159.96,615.37,128
2026-05-27,KXXRP15M,421419.5,180896.72,20295
2026-05-27,KXXRPD,8657.34,3304.39,625
2026-05-27,__TOTAL__,555042253.39,204918038.4,3804326
2026-05-28,KXBNB,12051.73,5523.58,545
2026-05-28,KXBNB15M,217176.15,108401.74,15347
2026-05-28,KXBNBD,379.66,272.71,89
2026-05-28,KXBRENTD,258484.61,133529.44,7419
2026-05-28,KXBTC,311790.14,78281.79,9152
2026-05-28,KXBTC15M,39197605.23,19555716.59,585377
2026-05-28,KXBTCD,26174547.81,13022913.18,267600
2026-05-28,KXCOPPERD,8456.48,5089.7,637
2026-05-28,KXDOGE,11280.52,4739.45,159
2026-05-28,KXDOGE15M,332647.49,180065.04,15358
2026-05-28,KXDOGED,5086.52,1972.13,282
2026-05-28,KXETH,46489.16,21290.5,1241
2026-05-28,KXETH15M,1542406.75,730660.01,58633
2026-05-28,KXETHD,237968.54,115495.7,6108
2026-05-28,KXEURUSD,1239.86,998.66,53
2026-05-28,KXGOLDD,157333.03,81599.0,9820
2026-05-28,KXHYPE,12608.57,8546.33,545
2026-05-28,KXHYPE15M,438583.53,207515.0,26140
2026-05-28,KXHYPED,1060.95,543.11,336
2026-05-28,KXINX,35740.78,8995.52,856
2026-05-28,KXINXU,507877.5,282438.35,4627
2026-05-28,KXNASDAQ100,5954.2,841.05,202
2026-05-28,KXNASDAQ100U,136318.97,77910.82,1811
2026-05-28,KXNATGASD,46410.67,33389.1,2677
2026-05-28,KXSHIBAD,542.38,536.96,4
2026-05-28,KXSILVERD,44595.77,25575.08,2339
2026-05-28,KXSOL15M,571338.35,281836.01,27647
2026-05-28,KXSOLD,15464.84,3828.1,855
2026-05-28,KXSOLE,4768.39,194.03,56
2026-05-28,KXTNOTED,181.0,84.15,44
2026-05-28,KXUSDJPY,162.27,62.79,34
2026-05-28,KXWTI,571794.11,251121.31,13734
2026-05-28,KXXRP,2210.7,784.5,112
2026-05-28,KXXRP15M,559347.38,285335.41,20832
2026-05-28,KXXRPD,30433.36,11127.76,737
2026-05-28,__TOTAL__,551924913.47,195685156.13,3488855
2026-05-29,KXBNB,6896.14,3980.71,370
2026-05-29,KXBNB15M,273111.8,145182.21,19792
2026-05-29,KXBNBD,273.02,227.61,52
2026-05-29,KXBRENTD,31711.03,19116.96,805
2026-05-29,KXBTC,429730.02,108922.46,12179
2026-05-29,KXBTC15M,45187021.23,22629787.72,716081
2026-05-29,KXBTCD,30892637.09,14972070.23,311366
2026-05-29,KXCOPPERD,2771.15,2667.5,112
2026-05-29,KXDOGE,2866.93,783.92,146
2026-05-29,KXDOGE15M,370752.39,192505.72,19758
2026-05-29,KXDOGED,6067.43,3755.65,259
2026-05-29,KXETH,50191.1,18798.9,1244
2026-05-29,KXETH15M,1706861.75,924619.58,75730
2026-05-29,KXETHD,370048.38,185337.51,8345
2026-05-29,KXEURUSD,689.48,70.36,95
2026-05-29,KXGOLDD,16932.39,11557.62,521
2026-05-29,KXHYPE,14305.37,6828.07,423
2026-05-29,KXHYPE15M,777630.0,372759.49,41070
2026-05-29,KXHYPED,4215.64,2715.66,333
2026-05-29,KXINX,45278.24,14491.98,951
2026-05-29,KXINXU,837972.18,496892.52,6234
2026-05-29,KXNASDAQ100,5200.59,1281.01,218
2026-05-29,KXNASDAQ100U,151730.98,73213.54,2033
2026-05-29,KXNATGASD,5230.08,4597.28,147
2026-05-29,KXSHIBA,6770.84,73.66,35
2026-05-29,KXSHIBAD,1089.19,1078.3,6
2026-05-29,KXSILVERD,5562.8,2541.22,194
2026-05-29,KXSOL15M,642151.65,331044.49,28052
2026-05-29,KXSOLD,23769.2,11544.86,1225
2026-05-29,KXSOLE,1104.23,424.84,37
2026-05-29,KXUSDJPY,70.05,5.11,7
2026-05-29,KXWTI,514051.56,264577.46,9846
2026-05-29,KXXRP,2112.02,645.0,130
2026-05-29,KXXRP15M,612095.97,311149.57,22545
2026-05-29,KXXRPD,14969.98,4371.93,671
2026-05-29,__TOTAL__,586825646.7,209427463.24,3737036
2026-05-30,KXBNB,1663.94,364.66,228
2026-05-30,KXBNB15M,469488.15,277995.15,31571
2026-05-30,KXBNBD,1582.0,136.29,69
2026-05-30,KXBRENTD,35458.64,21981.96,738
2026-05-30,KXBTC,240435.18,77428.69,11876
2026-05-30,KXBTC15M,42224763.46,22014593.27,664893
2026-05-30,KXBTCD,24871122.76,12435674.5,237326
2026-05-30,KXCOPPERD,1081.91,680.59,56
2026-05-30,KXDOGE,3657.99,234.26,61
2026-05-30,KXDOGE15M,317756.99,151938.72,18993
2026-05-30,KXDOGED,612.85,313.74,59
2026-05-30,KXETH,12541.87,3793.16,531
2026-05-30,KXETH15M,1675044.81,857680.94,68359
2026-05-30,KXETHD,204758.82,80029.05,6095
2026-05-30,KXEURUSD,590.64,25.87,21
2026-05-30,KXGOLDD,5002.59,2971.57,354
2026-05-30,KXHYPE,9271.5,8211.74,211
2026-05-30,KXHYPE15M,887612.31,454244.34,51104
2026-05-30,KXHYPED,1033.94,426.84,227
2026-05-30,KXINX,216.13,39.94,23
2026-05-30,KXINXU,2841.48,2351.22,191
2026-05-30,KXNASDAQ100,27.74,9.43,1
2026-05-30,KXNASDAQ100U,726.89,147.11,148
2026-05-30,KXNATGASD,65290.18,32588.98,2775
2026-05-30,KXSHIBA,1985.9,19.86,13
2026-05-30,KXSHIBAD,1901.0,1881.99,3
2026-05-30,KXSILVERD,15747.18,6833.97,554
2026-05-30,KXSOL15M,708061.06,371302.82,31105
2026-05-30,KXSOLD,23396.5,6845.17,859
2026-05-30,KXSOLE,769.21,41.46,29
2026-05-30,KXTNOTED,4.0,0.78,3
2026-05-30,KXUSDJPY,3835.53,961.79,55
2026-05-30,KXWTI,53380.69,23965.12,1301
2026-05-30,KXXRP,2042.5,598.42,128
2026-05-30,KXXRP15M,499368.57,262031.31,21498
2026-05-30,KXXRPD,11634.39,4008.62,555
2026-05-30,__TOTAL__,800623251.21,269386463.27,4461504
2026-05-31,KXBNB,2462.76,83.67,77
2026-05-31,KXBNB15M,424830.67,185157.35,30515
2026-05-31,KXBNBD,1894.78,1542.52,307
2026-05-31,KXBRENTD,20092.74,10797.91,774
2026-05-31,KXBTC,223876.14,78017.79,10821
2026-05-31,KXBTC15M,47663933.89,23741221.71,682197
2026-05-31,KXBTCD,25900603.87,12854175.17,280509
2026-05-31,KXCOPPERD,60556.79,11314.53,2444
2026-05-31,KXDOGE,1517.76,462.11,92
2026-05-31,KXDOGE15M,336838.35,167755.86,23620
2026-05-31,KXDOGED,867.18,312.23,105
2026-05-31,KXETH,27920.06,12650.43,687
2026-05-31,KXETH15M,2035903.66,982373.92,86105
2026-05-31,KXETHD,210027.05,94863.67,6278
2026-05-31,KXEURUSD,161.88,16.98,15
2026-05-31,KXGOLDD,9987.24,5884.13,796
2026-05-31,KXHYPE,25.0,3.13,9
2026-05-31,KXHYPE15M,944843.59,484930.14,55547
2026-05-31,KXHYPED,571.89,346.89,193
2026-05-31,KXINX,1886.07,548.32,278
2026-05-31,KXINXU,10713.43,7579.11,760
2026-05-31,KXNASDAQ100,22.79,6.58,6
2026-05-31,KXNASDAQ100U,1244.27,682.81,165
2026-05-31,KXNATGASD,17613.3,11448.61,1262
2026-05-31,KXSHIBA,4577.01,45.77,20
2026-05-31,KXSHIBAD,2.0,1.98,1
2026-05-31,KXSILVERD,21774.91,9163.44,996
2026-05-31,KXSOL15M,648923.61,328404.11,29111
2026-05-31,KXSOLD,14720.46,4089.73,904
2026-05-31,KXSOLE,342.98,22.82,10
2026-05-31,KXTNOTED,149.07,29.81,12
2026-05-31,KXUSDJPY,596.86,170.2,25
2026-05-31,KXWTI,119801.73,55366.85,2916
2026-05-31,KXXRP,2180.93,649.26,96
2026-05-31,KXXRP15M,570503.65,272401.99,23208
2026-05-31,KXXRPD,14395.6,4493.24,721
2026-05-31,__TOTAL__,589520898.4,200654460.1,3804955
2026-06-01,KXBNB,12201.78,4317.44,788
2026-06-01,KXBNB15M,390049.36,179164.49,25053
2026-06-01,KXBNBD,15256.74,14258.96,1833
2026-06-01,KXBRENTD,485585.71,257751.69,9540
2026-06-01,KXBTC,350002.29,72059.12,11551
2026-06-01,KXBTC15M,48152749.33,21957321.22,712401
2026-06-01,KXBTCD,37469073.6,18218705.5,375055
2026-06-01,KXCOPPERD,30639.47,16505.32,1866
2026-06-01,KXDOGE,4227.16,2030.27,229
2026-06-01,KXDOGE15M,419540.65,213023.86,25858
2026-06-01,KXDOGED,6496.23,2348.68,149
2026-06-01,KXETH,50173.94,21181.72,1365
2026-06-01,KXETH15M,1696740.25,835214.17,74766
2026-06-01,KXETHD,434779.72,210071.6,9379
2026-06-01,KXEURUSD,1380.54,169.11,104
2026-06-01,KXGOLDD,122729.59,57346.17,5413
2026-06-01,KXHYPE,981.24,340.14,149
2026-06-01,KXHYPE15M,879730.0,448615.85,49687
2026-06-01,KXHYPED,773.89,512.87,228
2026-06-01,KXINX,49721.58,17898.44,1160
2026-06-01,KXINXU,540500.11,312013.81,5333
2026-06-01,KXNASDAQ100,18460.28,6048.12,260
2026-06-01,KXNASDAQ100U,133713.19,69093.13,1533
2026-06-01,KXNATGASD,46508.04,21280.63,3499
2026-06-01,KXSHIBA,1348.12,684.05,18
2026-06-01,KXSHIBAD,356.25,31.73,5
2026-06-01,KXSILVERD,62749.7,31334.36,2933
2026-06-01,KXSOL15M,629527.45,284709.15,30522
2026-06-01,KXSOLD,44088.13,21693.57,1638
2026-06-01,KXSOLE,276.42,25.53,6
2026-06-01,KXTNOTED,451.32,100.52,78
2026-06-01,KXUSDJPY,544.28,214.19,63
2026-06-01,KXWTI,925110.15,503962.06,12763
2026-06-01,KXXRP,2453.19,514.53,72
2026-06-01,KXXRP15M,500486.78,217096.66,20185
2026-06-01,KXXRPD,8186.85,3730.45,531
2026-06-01,__TOTAL__,507351042.72,174982118.77,3473757
2026-06-02,KXBNB,7999.01,3015.24,473
2026-06-02,KXBNB15M,425671.98,191224.59,21745
2026-06-02,KXBNBD,13703.0,12713.67,2026
2026-06-02,KXBRENTD,168274.82,86062.87,4607
2026-06-02,KXBTC,452929.68,108968.0,12219
2026-06-02,KXBTC15M,49581941.0,21625481.78,683233
2026-06-02,KXBTCD,51276374.3,25270137.59,465701
2026-06-02,KXCOPPERD,20134.51,12023.71,853
2026-06-02,KXDOGE,12218.96,3724.43,246
2026-06-02,KXDOGE15M,365774.18,151902.94,17664
2026-06-02,KXDOGED,9054.04,3374.09,221
2026-06-02,KXETH,57379.88,19689.64,1618
2026-06-02,KXETH15M,1770854.15,757906.52,65856
2026-06-02,KXETHD,577556.59,264599.7,11151
2026-06-02,KXEURUSD,2119.31,393.28,107
2026-06-02,KXGOLDD,103719.51,44179.27,3562
2026-06-02,KXHYPE,14746.45,5811.22,805
2026-06-02,KXHYPE15M,881928.77,407492.36,44957
2026-06-02,KXHYPED,1365.7,1000.28,255
2026-06-02,KXINX,26578.03,9839.06,710
2026-06-02,KXINXU,706661.38,410891.03,4967
2026-06-02,KXNASDAQ100,7164.23,2937.9,260
2026-06-02,KXNASDAQ100U,114454.2,55223.02,1218
2026-06-02,KXNATGASD,22711.7,12508.48,2055
2026-06-02,KXSHIBA,98.55,4.06,2
2026-06-02,KXSHIBAD,352.33,348.81,3
2026-06-02,KXSILVERD,55732.29,27042.32,1962
2026-06-02,KXSOL15M,642988.07,269437.56,28064
2026-06-02,KXSOLD,37463.27,13849.5,1806
2026-06-02,KXSOLE,188.44,24.16,7
2026-06-02,KXTNOTED,2996.15,545.92,103
2026-06-02,KXUSDJPY,1647.99,416.84,62
2026-06-02,KXWTI,391520.41,229338.62,7194
2026-06-02,KXXRP,13987.91,633.43,140
2026-06-02,KXXRP15M,514609.49,217180.99,16978
2026-06-02,KXXRPD,10598.2,4790.59,523
2026-06-02,__TOTAL__,588729147.68,196507611.31,3829259
2026-06-03,KXBNB,3076.24,1134.61,477
2026-06-03,KXBNB15M,391146.04,182884.4,19506
2026-06-03,KXBNBD,6066.79,5416.6,1294
2026-06-03,KXBRENTD,209033.15,116459.84,5244
2026-06-03,KXBTC,463680.65,108986.39,13246
2026-06-03,KXBTC15M,47613783.59,22202053.52,655058
2026-06-03,KXBTCD,49247444.84,24263949.1,458814
2026-06-03,KXCOPPERD,32660.84,10850.34,1341
2026-06-03,KXDOGE,3406.44,856.86,168
2026-06-03,KXDOGE15M,339482.94,164790.05,19393
2026-06-03,KXDOGED,8037.2,4644.95,225
2026-06-03,KXETH,98197.68,27005.83,2460
2026-06-03,KXETH15M,2091720.59,918667.3,77074
2026-06-03,KXETHD,571589.94,255957.51,10937
2026-06-03,KXEURUSD,312.39,45.68,67
2026-06-03,KXGOLDD,93892.97,45961.65,3197
2026-06-03,KXHYPE,1530.87,443.61,144
2026-06-03,KXHYPE15M,805315.76,365499.02,38604
2026-06-03,KXHYPED,1010.6,820.98,211
2026-06-03,KXINX,66917.65,20900.2,1153
2026-06-03,KXINXU,741589.57,338693.54,5755
2026-06-03,KXNASDAQ100,11285.43,5144.81,434
2026-06-03,KXNASDAQ100U,136422.74,76093.13,2504
2026-06-03,KXNATGASD,28955.43,23740.09,1506
2026-06-03,KXSHIBA,8.0,7.86,4
2026-06-03,KXSHIBAD,433.33,429.0,1
2026-06-03,KXSILVERD,47723.98,18379.52,1914
2026-06-03,KXSOL15M,552011.77,261411.68,25765
2026-06-03,KXSOLD,25552.14,13794.55,1113
2026-06-03,KXSOLE,9540.54,9300.29,138
2026-06-03,KXTNOTED,681.07,201.36,51
2026-06-03,KXUSDJPY,351.07,90.44,39
2026-06-03,KXWTI,444882.52,263225.87,7878
2026-06-03,KXXRP,8247.77,489.8,182
2026-06-03,KXXRP15M,489504.41,246563.88,19813
2026-06-03,KXXRPD,9782.17,7988.52,602
2026-06-03,__TOTAL__,742829030.39,247743268.94,4388167
2026-06-04,KXBNB,3044.66,580.76,357
2026-06-04,KXBNB15M,310697.44,129780.51,15755
2026-06-04,KXBNBD,387.0,360.14,24
2026-06-04,KXBRENTD,180080.64,81345.32,4278
2026-06-04,KXBTC,372788.89,81002.82,12213
2026-06-04,KXBTC15M,42872014.93,20064669.57,594240
2026-06-04,KXBTCD,38522274.74,19275750.32,378899
2026-06-04,KXCOPPERD,17496.5,9747.52,673
2026-06-04,KXDOGE,9512.42,4472.7,400
2026-06-04,KXDOGE15M,344313.26,164171.18,20224
2026-06-04,KXDOGED,6495.62,1274.9,508
2026-06-04,KXETH,84661.47,30061.28,2604
2026-06-04,KXETH15M,1748355.54,774825.51,63704
2026-06-04,KXETHD,542925.24,310758.24,10572
2026-06-04,KXEURUSD,266.22,30.37,69
2026-06-04,KXGOLDD,85328.06,44962.44,2883
2026-06-04,KXHYPE,3643.65,1739.13,121
2026-06-04,KXHYPE15M,910240.68,451296.47,42209
2026-06-04,KXHYPED,1022.2,167.41,251
2026-06-04,KXINX,25203.76,11918.84,594
2026-06-04,KXINXU,564892.12,316323.06,5663
2026-06-04,KXNASDAQ100,12838.86,3391.31,174
2026-06-04,KXNASDAQ100U,226434.15,114642.04,1754
2026-06-04,KXNATGASD,25926.55,16531.78,1483
2026-06-04,KXSHIBA,4113.69,1737.15,87
2026-06-04,KXSHIBAD,294.68,272.09,7
2026-06-04,KXSILVERD,45103.19,21849.61,1516
2026-06-04,KXSOL15M,566960.75,247231.43,22429
2026-06-04,KXSOLD,21530.71,14231.13,990
2026-06-04,KXSOLE,1210.6,486.15,271
2026-06-04,KXTNOTED,954.63,210.68,72
2026-06-04,KXUSDJPY,492.88,273.96,49
2026-06-04,KXWTI,387528.98,188823.11,7335
2026-06-04,KXXRP,2138.91,367.92,132
2026-06-04,KXXRP15M,474220.23,203684.76,17771
2026-06-04,KXXRPD,12065.74,6141.54,529
2026-06-04,__TOTAL__,566394897.13,188990827.9,3795829
2026-06-05,KXBNB,3159.12,494.61,351
2026-06-05,KXBNB15M,409806.6,177680.39,23078
2026-06-05,KXBNBD,486.0,462.52,7
2026-06-05,KXBRENTD,17400.3,7903.54,241
2026-06-05,KXBTC,519568.46,137863.23,15239
2026-06-05,KXBTC15M,53414957.2,25570569.9,679418
2026-06-05,KXBTCD,51177012.06,25701313.43,496974
2026-06-05,KXCOPPERD,5113.71,3320.51,110
2026-06-05,KXDOGE,4207.91,1811.93,430
2026-06-05,KXDOGE15M,439979.33,203529.58,24455
2026-06-05,KXDOGED,9897.61,8457.84,559
2026-06-05,KXETH,70215.26,22819.54,3066
2026-06-05,KXETH15M,2437600.78,1046661.52,83076
2026-06-05,KXETHD,639951.29,288247.52,14170
2026-06-05,KXEURUSD,1048.05,338.83,89
2026-06-05,KXGOLDD,19954.87,7435.87,337
2026-06-05,KXHYPE,14688.44,2440.13,173
2026-06-05,KXHYPE15M,993549.83,451200.69,47544
2026-06-05,KXHYPED,2142.52,1253.84,348
2026-06-05,KXINX,40543.86,11907.32,859
2026-06-05,KXINXU,922422.17,446933.8,10131
2026-06-05,KXNASDAQ100,31916.35,3586.21,273
2026-06-05,KXNASDAQ100U,334960.07,152660.64,3492
2026-06-05,KXNATGASD,7058.26,3439.86,131
2026-06-05,KXSHIBA,11097.6,110.98,10
2026-06-05,KXSILVERD,5217.74,1541.94,193
2026-06-05,KXSOL15M,788319.6,367564.39,28669
2026-06-05,KXSOLD,32869.67,17033.31,1369
2026-06-05,KXSOLE,1401.04,1032.4,283
2026-06-05,KXTNOTED,34.19,5.91,5
2026-06-05,KXUSDJPY,2104.56,603.91,71
2026-06-05,KXWTI,411646.38,196159.37,6939
2026-06-05,KXXRP,3187.24,545.1,190
2026-06-05,KXXRP15M,752914.11,355308.53,25928
2026-06-05,KXXRPD,10378.55,5181.65,568
2026-06-05,__TOTAL__,782442107.77,248485089.76,4621213
2026-06-06,KXBNB,1175.46,605.5,291
2026-06-06,KXBNB15M,452622.41,209577.36,25343
2026-06-06,KXBNBD,1314.0,666.5,55
2026-06-06,KXBRENTD,27887.69,15293.98,414
2026-06-06,KXBTC,281381.63,67727.51,11830
2026-06-06,KXBTC15M,61147105.18,29692327.2,768052
2026-06-06,KXBTCD,42163074.87,21390740.83,387170
2026-06-06,KXCOPPERD,8417.42,4524.95,317
2026-06-06,KXDOGE,2689.49,497.67,224
2026-06-06,KXDOGE15M,386499.66,201829.14,23610
2026-06-06,KXDOGED,1463.4,584.81,248
2026-06-06,KXETH,15597.04,7514.7,1124
2026-06-06,KXETH15M,2265443.38,1095499.49,89300
2026-06-06,KXETHD,375346.52,155775.33,10105
2026-06-06,KXEURUSD,3312.0,515.86,109
2026-06-06,KXGOLDD,9905.48,3329.31,367
2026-06-06,KXHYPE,4928.99,1294.37,113
2026-06-06,KXHYPE15M,956085.67,451253.13,45012
2026-06-06,KXHYPED,1052.62,337.85,286
2026-06-06,KXINX,2778.91,293.9,108
2026-06-06,KXINXU,16921.93,10155.84,664
2026-06-06,KXNASDAQ100,538.0,127.4,14
2026-06-06,KXNASDAQ100U,1064.95,515.82,49
2026-06-06,KXNATGASD,4402.76,2686.41,96
2026-06-06,KXSHIBA,536.75,5.37,7
2026-06-06,KXSHIBAD,12.0,11.88,2
2026-06-06,KXSILVERD,2272.41,844.91,73
2026-06-06,KXSOL15M,838353.03,420804.63,31192
2026-06-06,KXSOLD,45868.23,19264.47,1730
2026-06-06,KXSOLE,2072.76,623.67,279
2026-06-06,KXTNOTED,6.0,0.81,6
2026-06-06,KXUSDJPY,96.0,29.76,1
2026-06-06,KXWTI,45446.02,24379.53,684
2026-06-06,KXXRP,2495.46,435.74,135
2026-06-06,KXXRP15M,661123.36,327937.6,24863
2026-06-06,KXXRPD,21379.32,9250.25,827
2026-06-06,__TOTAL__,658792236.84,216343181.38,4445877
2026-06-07,KXBNB,1514.85,304.72,254
2026-06-07,KXBNB15M,397238.46,192491.16,20475
2026-06-07,KXBNBD,2181.38,2144.54,24
2026-06-07,KXBRENTD,101863.43,59839.1,1379
2026-06-07,KXBTC,310463.3,62698.86,11792
2026-06-07,KXBTC15M,52410720.1,25642204.51,729769
2026-06-07,KXBTCD,40038764.5,20212234.17,377456
2026-06-07,KXCOPPERD,15685.1,7634.65,305
2026-06-07,KXDOGE,16177.87,405.21,241
2026-06-07,KXDOGE15M,449640.31,243009.34,23921
2026-06-07,KXDOGED,1042.62,419.82,255
2026-06-07,KXETH,16182.46,5517.47,1119
2026-06-07,KXETH15M,2286327.77,1119352.76,92332
2026-06-07,KXETHD,584016.0,199866.55,11342
2026-06-07,KXEURUSD,913.99,269.55,34
2026-06-07,KXGOLDD,31249.74,8135.96,644
2026-06-07,KXHYPE,2152.8,312.96,147
2026-06-07,KXHYPE15M,770625.27,417615.43,36522
2026-06-07,KXHYPED,746.99,380.01,240
2026-06-07,KXINX,8457.78,382.21,134
2026-06-07,KXINXU,17879.15,10842.34,829
2026-06-07,KXNASDAQ100,1662.05,121.67,13
2026-06-07,KXNASDAQ100U,10073.22,4030.9,287
2026-06-07,KXNATGASD,28623.0,15744.11,529
2026-06-07,KXSHIBA,6893.16,68.93,19
2026-06-07,KXSHIBAD,561.1,555.49,2
2026-06-07,KXSILVERD,10923.99,4584.16,265
2026-06-07,KXSOL15M,832126.71,437313.4,29843
2026-06-07,KXSOLD,73913.2,34511.04,2376
2026-06-07,KXSOLE,3716.39,374.35,220
2026-06-07,KXTNOTED,2410.66,1090.26,29
2026-06-07,KXUSDJPY,288.17,29.7,9
2026-06-07,KXWTI,276624.48,113577.32,4100
2026-06-07,KXXRP,3252.44,335.95,139
2026-06-07,KXXRP15M,697692.15,344563.14,25309
2026-06-07,KXXRPD,28138.99,17032.47,1137
2026-06-07,__TOTAL__,611113764.5,205670077.05,4100105
2026-06-08,KXBNB,288.44,83.51,111
2026-06-08,KXBNB15M,503192.42,241029.32,24640
2026-06-08,KXBNBD,326.0,293.55,41
2026-06-08,KXBRENTD,315660.7,155023.65,6382
2026-06-08,KXBTC,446596.29,107352.64,10508
2026-06-08,KXBTC15M,53329918.1,24802319.04,723703
2026-06-08,KXBTCD,36913181.92,18441872.07,337247
2026-06-08,KXCOPPERD,28187.48,17807.46,889
2026-06-08,KXDOGE,1076.45,166.69,107
2026-06-08,KXDOGE15M,409278.13,205446.88,22798
2026-06-08,KXDOGED,1672.46,790.97,50
2026-06-08,KXETH,21893.34,8897.9,849
2026-06-08,KXETH15M,1999661.45,936556.46,80284
2026-06-08,KXETHD,608154.47,274175.36,12270
2026-06-08,KXEURUSD,361.13,57.56,55
2026-06-08,KXGOLDD,146548.07,78413.96,3865
2026-06-08,KXHYPE,183.51,23.73,88
2026-06-08,KXHYPE15M,1054865.38,536413.53,44301
2026-06-08,KXHYPED,678.24,346.84,230
2026-06-08,KXINX,75475.31,20735.76,1218
2026-06-08,KXINXU,624965.97,292445.15,22332
2026-06-08,KXNASDAQ100,25346.07,2645.39,403
2026-06-08,KXNASDAQ100U,182714.5,94180.48,2729
2026-06-08,KXNATGASD,103147.54,66360.07,2559
2026-06-08,KXSHIBA,619.73,13.12,5
2026-06-08,KXSHIBAD,140.07,10.73,7
2026-06-08,KXSILVERD,80595.48,45174.19,1943
2026-06-08,KXSOL15M,661787.36,311710.49,27622
2026-06-08,KXSOLD,60601.29,33095.6,2020
2026-06-08,KXSOLE,5556.63,85.22,22
2026-06-08,KXTNOTED,3129.64,1953.34,132
2026-06-08,KXUSDJPY,1620.74,761.61,73
2026-06-08,KXWTI,461510.5,226141.68,8183
2026-06-08,KXXRP,1524.07,343.09,143
2026-06-08,KXXRP15M,719126.6,342201.72,25019
2026-06-08,KXXRPD,46125.03,25735.25,1211
2026-06-08,__TOTAL__,694889561.0,224530592.2,4361659
2026-06-09,KXBNB,452.71,90.88,117
2026-06-09,KXBNB15M,476349.26,238870.39,27610
2026-06-09,KXBNBD,523.07,437.63,37
2026-06-09,KXBRENTD,253571.45,115217.48,4721
2026-06-09,KXBTC,402287.29,90422.99,11239
2026-06-09,KXBTC15M,62846462.95,31335764.69,800938
2026-06-09,KXBTCD,39265304.7,19392898.98,345960
2026-06-09,KXCOPPERD,39253.37,22551.95,1286
2026-06-09,KXDOGE,10764.72,4269.13,265
2026-06-09,KXDOGE15M,488981.05,248738.98,31853
2026-06-09,KXDOGED,6867.0,3616.53,151
2026-06-09,KXETH,32973.75,11657.42,1238
2026-06-09,KXETH15M,2051299.9,1004973.65,78721
2026-06-09,KXETHD,705205.55,324644.58,13818
2026-06-09,KXEURUSD,776.81,403.57,59
2026-06-09,KXGOLDD,143183.91,74055.97,3570
2026-06-09,KXHYPE,15248.29,12479.8,248
2026-06-09,KXHYPE15M,899919.92,405017.58,43544
2026-06-09,KXHYPED,1293.56,768.9,310
2026-06-09,KXINX,245162.3,48506.79,1897
2026-06-09,KXINXU,1132657.48,552962.75,13091
2026-06-09,KXNASDAQ100,247697.74,41840.25,1058
2026-06-09,KXNASDAQ100U,810734.3,416853.33,6087
2026-06-09,KXNATGASD,92214.19,61326.83,3174
2026-06-09,KXSHIBA,96.62,1.34,2
2026-06-09,KXSILVERD,142728.65,52340.32,3834
2026-06-09,KXSOL15M,854517.84,444158.59,33088
2026-06-09,KXSOLD,87466.01,29424.32,2601
2026-06-09,KXSOLE,471.0,68.96,20
2026-06-09,KXTNOTED,2480.06,778.46,135
2026-06-09,KXUSDJPY,453.98,362.36,39
2026-06-09,KXWTI,807360.87,368828.03,10231
2026-06-09,KXXRP,3061.84,456.31,181
2026-06-09,KXXRP15M,887550.02,398073.54,32941
2026-06-09,KXXRPD,35266.8,15008.51,1035
2026-06-09,__TOTAL__,661244535.46,212754741.24,4467727
2026-06-10,KXBNB,10077.54,188.6,220
2026-06-10,KXBNB15M,352454.13,156127.4,26346
2026-06-10,KXBNBD,251.0,232.48,20
2026-06-10,KXBRENTD,360601.08,206463.5,7160
2026-06-10,KXBTC,384063.26,86517.71,15182
2026-06-10,KXBTC15M,59658939.49,28549979.22,812746
2026-06-10,KXBTCD,39482142.0,20544018.53,362445
2026-06-10,KXCOPPERD,40026.4,14643.6,1065
2026-06-10,KXDOGE,9069.41,2597.81,170
2026-06-10,KXDOGE15M,461335.29,224068.37,30624
2026-06-10,KXDOGED,6968.77,1084.22,121
2026-06-10,KXETH,42773.22,16829.19,1738
2026-06-10,KXETH15M,2005707.79,956579.72,76826
2026-06-10,KXETHD,634394.91,243539.17,12534
2026-06-10,KXEURUSD,6015.03,954.71,135
2026-06-10,KXGOLDD,242193.65,105455.37,5501
2026-06-10,KXHYPE,8922.75,5172.19,147
2026-06-10,KXHYPE15M,908877.89,435170.38,44721
2026-06-10,KXHYPED,570.0,241.45,78
2026-06-10,KXINX,58820.79,10975.59,745
2026-06-10,KXINXU,841345.24,384273.65,10111
2026-06-10,KXNASDAQ100,56558.2,5794.79,770
2026-06-10,KXNASDAQ100U,496027.56,225610.56,4680
2026-06-10,KXNATGASD,105293.6,68499.46,3863
2026-06-10,KXSHIBA,1596.6,22.39,6
2026-06-10,KXSHIBAD,2056.1,1935.54,3
2026-06-10,KXSILVERD,139274.25,59105.64,4028
2026-06-10,KXSOL15M,877120.64,448579.79,34519
2026-06-10,KXSOLD,133085.29,50045.39,2824
2026-06-10,KXSOLE,1647.64,327.48,78
2026-06-10,KXTNOTED,907.46,288.65,60
2026-06-10,KXUSDJPY,78.58,30.59,24
2026-06-10,KXWTI,591684.41,297105.97,9714
2026-06-10,KXXRP,23264.21,581.74,269
2026-06-10,KXXRP15M,773023.8,354963.78,33603
2026-06-10,KXXRPD,56797.19,29583.6,1120
2026-06-10,__TOTAL__,872730281.69,282414186.58,5123360
2026-06-11,KXBNB,360.02,63.89,82
2026-06-11,KXBNB15M,387708.26,171631.25,27983
2026-06-11,KXBNBD,314.86,76.41,13
2026-06-11,KXBRENTD,346269.84,180889.41,6915
2026-06-11,KXBTC,463407.19,105223.86,12088
2026-06-11,KXBTC15M,63343939.0,31236409.46,865752
2026-06-11,KXBTCD,34236778.52,17462585.53,315221
2026-06-11,KXCOPPERD,36800.72,26294.77,860
2026-06-11,KXDOGE,9231.23,4206.63,258
2026-06-11,KXDOGE15M,611352.9,292682.53,38929
2026-06-11,KXDOGED,6260.21,2355.48,124
2026-06-11,KXETH,41348.24,12342.29,1112
2026-06-11,KXETH15M,2145820.13,1004153.58,84880
2026-06-11,KXETHD,592596.9,201637.35,10134
2026-06-11,KXEURUSD,1126.96,730.81,68
2026-06-11,KXGOLDD,207066.11,103678.6,4393
2026-06-11,KXHYPE,3259.1,52.34,87
2026-06-11,KXHYPE15M,887517.19,479203.44,43061
2026-06-11,KXHYPED,598.59,111.73,40
2026-06-11,KXINX,76967.4,15500.94,1233
2026-06-11,KXINXU,639038.18,364489.76,8618
2026-06-11,KXNASDAQ100,82738.7,11773.83,577
2026-06-11,KXNASDAQ100U,249626.45,137932.8,4085
2026-06-11,KXNATGASD,72752.4,31636.0,1874
2026-06-11,KXSHIBA,2517.65,25.18,6
2026-06-11,KXSHIBAD,1662.66,89.01,15
2026-06-11,KXSILVERD,127734.17,70995.04,2654
2026-06-11,KXSOL15M,821990.88,419435.33,36250
2026-06-11,KXSOLD,90053.34,28994.08,2842
2026-06-11,KXSOLE,3510.57,260.07,39
2026-06-11,KXTNOTED,2662.23,451.51,95
2026-06-11,KXUSDJPY,54.42,34.95,29
2026-06-11,KXWTI,718828.63,326439.09,11391
2026-06-11,KXXRP,14239.35,538.57,169
2026-06-11,KXXRP15M,968783.5,488382.31,40962
2026-06-11,KXXRPD,34968.01,13798.02,1027
2026-06-11,__TOTAL__,773995149.45,235787113.71,4984418
2026-06-12,KXBNB,4205.28,241.54,123
2026-06-12,KXBNB15M,528352.93,256058.51,34231
2026-06-12,KXBNBD,3559.19,3345.72,25
2026-06-12,KXBRENTD,29740.05,14924.11,431
2026-06-12,KXBTC,603678.76,150660.66,15565
2026-06-12,KXBTC15M,75226713.51,37224395.35,967709
2026-06-12,KXBTCD,36560398.85,17910468.44,321615
2026-06-12,KXCOPPERD,5874.69,4328.57,110
2026-06-12,KXDOGE,8203.76,1752.94,161
2026-06-12,KXDOGE15M,873515.73,425680.94,46519
2026-06-12,KXDOGED,4044.87,1770.62,96
2026-06-12,KXETH,33082.16,12260.02,1294
2026-06-12,KXETH15M,3135219.83,1538010.77,119114
2026-06-12,KXETHD,612686.68,185116.64,12577
2026-06-12,KXEURUSD,144.1,17.7,41
2026-06-12,KXGOLDD,12173.09,5289.3,189
2026-06-12,KXHYPE,6260.0,4183.8,134
2026-06-12,KXHYPE15M,1014562.71,499008.57,48633
2026-06-12,KXHYPED,586.45,365.01,36
2026-06-12,KXINX,137989.09,35628.69,1512
2026-06-12,KXINXU,668520.63,380642.13,7256
2026-06-12,KXNASDAQ100,27484.72,6325.36,289
2026-06-12,KXNASDAQ100U,450371.14,226066.55,4815
2026-06-12,KXNATGASD,5725.48,3065.08,116
2026-06-12,KXSHIBA,5105.62,51.06,14
2026-06-12,KXSHIBAD,124.35,113.94,3
2026-06-12,KXSILVERD,1835.77,1011.4,72
2026-06-12,KXSOL15M,858249.0,418717.51,35697
2026-06-12,KXSOLD,144248.01,35541.6,3886
2026-06-12,KXSOLE,4426.54,256.97,52
2026-06-12,KXTNOTED,1.0,0.06,1
2026-06-12,KXUSDJPY,22.32,6.13,16
2026-06-12,KXWTI,593773.22,229391.64,8406
2026-06-12,KXXRP,5359.73,555.53,160
2026-06-12,KXXRP15M,1155707.55,558629.53,39949
2026-06-12,KXXRPD,27517.72,11134.69,954
2026-06-12,__TOTAL__,916347903.56,270505578.7,5588484
2026-06-13,KXBNB,205.0,86.87,109
2026-06-13,KXBNB15M,532825.28,304435.33,31334
2026-06-13,KXBNBD,352.32,348.8,5
2026-06-13,KXBRENTD,12814.42,6762.63,450
2026-06-13,KXBTC,328256.1,97975.12,11744
2026-06-13,KXBTC15M,76733985.41,39097733.07,969643
2026-06-13,KXBTCD,34449170.18,16973074.62,314337
2026-06-13,KXCOPPERD,3208.22,2649.58,76
2026-06-13,KXDOGE,951.13,139.52,63
2026-06-13,KXDOGE15M,808737.81,403037.63,40329
2026-06-13,KXDOGED,2831.23,601.2,28
2026-06-13,KXETH,8941.56,2197.43,356
2026-06-13,KXETH15M,3199043.63,1635930.52,116985
2026-06-13,KXETHD,556495.41,111604.3,10122
2026-06-13,KXGOLDD,4498.78,2011.65,199
2026-06-13,KXHYPE,3499.34,1708.12,102
2026-06-13,KXHYPE15M,1080171.24,574879.44,43847
2026-06-13,KXHYPED,1665.52,961.37,54
2026-06-13,KXINX,906.31,141.46,35
2026-06-13,KXINXU,4168.92,2426.62,187
2026-06-13,KXNASDAQ100,23550.07,1261.05,102
2026-06-13,KXNASDAQ100U,9680.91,4488.37,155
2026-06-13,KXNATGASD,3078.15,1555.72,58
2026-06-13,KXSHIBA,2235.71,22.36,6
2026-06-13,KXSILVERD,1585.03,843.16,51
2026-06-13,KXSOL15M,945115.59,497182.79,33687
2026-06-13,KXSOLD,152694.94,24954.51,3812
2026-06-13,KXSOLE,3029.47,259.54,47
2026-06-13,KXTNOTED,115.0,3.2,3
2026-06-13,KXUSDJPY,166.68,45.87,9
2026-06-13,KXWTI,53522.48,22627.98,962
2026-06-13,KXXRP,1555.22,683.65,146
2026-06-13,KXXRP15M,902150.34,452984.3,28391
2026-06-13,KXXRPD,35516.99,16972.43,806
2026-06-13,__TOTAL__,1224776375.84,379745971.39,7020185
2026-06-14,KXBNB,882.04,155.33,121
2026-06-14,KXBNB15M,551667.85,304903.47,30474
2026-06-14,KXBNBD,325.33,213.99,33
2026-06-14,KXBRENTD,71681.11,29903.4,1542
2026-06-14,KXBTC,355925.38,104075.18,11176
2026-06-14,KXBTC15M,79081709.65,39480351.25,973980
2026-06-14,KXBTCD,39609161.75,19974734.95,349658
2026-06-14,KXCOPPERD,2662.37,1946.19,147
2026-06-14,KXDOGE,3588.89,213.07,109
2026-06-14,KXDOGE15M,627416.82,311366.72,31725
2026-06-14,KXDOGED,1504.02,435.34,16
2026-06-14,KXETH,13761.98,3174.81,463
2026-06-14,KXETH15M,2921208.89,1439177.47,101116
2026-06-14,KXETHD,758336.52,210430.05,11072
2026-06-14,KXEURUSD,71.18,22.92,4
2026-06-14,KXGOLDD,51852.11,26926.05,1011
2026-06-14,KXHYPE,1853.82,494.81,64
2026-06-14,KXHYPE15M,1171971.87,591336.78,48937
2026-06-14,KXHYPED,1128.17,1057.65,19
2026-06-14,KXINX,15397.85,1851.71,270
2026-06-14,KXINXU,111300.41,54694.21,1210
2026-06-14,KXNASDAQ100,32742.16,3375.71,463
2026-06-14,KXNASDAQ100U,29530.18,10471.17,472
2026-06-14,KXNATGASD,4665.36,2900.41,137
2026-06-14,KXSHIBA,9061.25,90.61,16
2026-06-14,KXSHIBAD,841.65,8.42,3
2026-06-14,KXSILVERD,26012.51,15138.38,424
2026-06-14,KXSOL15M,1057960.71,502100.69,39968
2026-06-14,KXSOLD,321060.4,83048.85,6601
2026-06-14,KXSOLE,4500.05,685.74,44
2026-06-14,KXTNOTED,350.0,14.0,4
2026-06-14,KXUSDJPY,358.95,127.83,17
2026-06-14,KXWTI,261050.54,79070.5,3291
2026-06-14,KXXRP,2902.55,764.86,247
2026-06-14,KXXRP15M,1075851.76,525545.9,35705
2026-06-14,KXXRPD,54246.99,19217.31,1735
2026-06-14,__TOTAL__,1236155607.66,361890381.83,7848388
2026-06-15,KXBNB,3980.39,500.7,124
2026-06-15,KXBNB15M,515899.29,258775.01,28493
2026-06-15,KXBNBD,2402.7,151.12,46
2026-06-15,KXBRENTD,199689.44,99192.24,4125
2026-06-15,KXBTC,710165.74,173021.75,14987
2026-06-15,KXBTC15M,94631892.03,49494281.7,1071254
2026-06-15,KXBTCD,48813775.15,23939303.6,428815
2026-06-15,KXCOPPERD,83476.1,57986.15,983
2026-06-15,KXDOGE,4676.37,2424.83,162
2026-06-15,KXDOGE15M,856770.59,433421.28,43676
2026-06-15,KXDOGED,15158.73,6372.03,170
2026-06-15,KXETH,52866.11,19416.79,1312
2026-06-15,KXETH15M,3775929.18,2036810.74,119514
2026-06-15,KXETHD,1413743.17,457770.58,17833
2026-06-15,KXEURUSD,267.15,35.28,48
2026-06-15,KXGOLDD,215683.96,95628.8,3926
2026-06-15,KXHYPE,16377.56,872.71,63
2026-06-15,KXHYPE15M,1482833.55,792256.36,54500
2026-06-15,KXHYPED,618.83,167.03,72
2026-06-15,KXINX,96580.88,37624.76,775
2026-06-15,KXINXU,575560.35,299569.78,6851
2026-06-15,KXNASDAQ100,360756.04,92353.53,1009
2026-06-15,KXNASDAQ100U,708048.78,344254.94,5842
2026-06-15,KXNATGASD,94669.04,61746.39,1848
2026-06-15,KXSHIBA,5279.86,52.8,24
2026-06-15,KXSHIBAD,903.27,362.48,12
2026-06-15,KXSILVERD,122134.13,57406.74,2142
2026-06-15,KXSOL15M,1175254.23,622085.66,44636
2026-06-15,KXSOLD,347362.84,87719.5,6788
2026-06-15,KXSOLE,5552.81,876.94,71
2026-06-15,KXTNOTED,581.96,187.28,52
2026-06-15,KXUSDJPY,834.38,818.6,25
2026-06-15,KXWTI,411266.99,69020.78,4704
2026-06-15,KXXRP,25118.37,1725.51,364
2026-06-15,KXXRP15M,1393130.55,682508.89,42752
2026-06-15,KXXRPD,123106.69,44945.14,2565
2026-06-15,__TOTAL__,1109622191.87,336622189.9,6985297
2026-06-16,KXBNB,6334.18,266.23,210
2026-06-16,KXBNB15M,547691.05,274827.81,31584
2026-06-16,KXBNBD,1056.48,31.91,50
2026-06-16,KXBRENTD,222841.04,101236.61,4026
2026-06-16,KXBTC,662944.73,183791.46,15486
2026-06-16,KXBTC15M,87458637.7,43261213.55,1072649
2026-06-16,KXBTCD,44125710.14,21890465.37,393301
2026-06-16,KXCOPPERD,27880.67,14142.57,654
2026-06-16,KXDOGE,3334.33,172.72,83
2026-06-16,KXDOGE15M,805424.66,381113.29,39459
2026-06-16,KXDOGED,5657.08,411.81,81
2026-06-16,KXETH,40615.97,12911.55,1059
2026-06-16,KXETH15M,3896117.17,1886150.52,124316
2026-06-16,KXETHD,1142890.94,345361.48,16216
2026-06-16,KXEURUSD,458.52,39.49,54
2026-06-16,KXGOLDD,164257.41,82283.57,2628
2026-06-16,KXHYPE,1855.65,562.32,24
2026-06-16,KXHYPE15M,1294056.08,644503.27,50670
2026-06-16,KXHYPED,5317.35,263.83,140
2026-06-16,KXINX,89397.44,33499.26,716
2026-06-16,KXINXU,767060.81,367480.71,5709
2026-06-16,KXNASDAQ100,177134.94,41762.05,481
2026-06-16,KXNASDAQ100U,1047351.54,505562.1,3771
2026-06-16,KXNATGASD,140187.85,103066.07,2122
2026-06-16,KXSHIBA,3245.41,883.4,66
2026-06-16,KXSHIBAD,874.94,357.45,15
2026-06-16,KXSILVERD,139481.27,73910.79,2242
2026-06-16,KXSOL15M,1019680.36,550395.98,33989
2026-06-16,KXSOLD,376635.29,99277.53,5842
2026-06-16,KXSOLE,61938.76,3114.37,151
2026-06-16,KXTNOTED,995.66,305.78,86
2026-06-16,KXUSDJPY,910.1,811.2,33
2026-06-16,KXWTI,619533.03,154999.82,5006
2026-06-16,KXXRP,23628.64,2282.93,337
2026-06-16,KXXRP15M,1359157.83,707226.87,40703
2026-06-16,KXXRPD,111746.2,39813.98,1714
2026-06-16,__TOTAL__,1053303079.21,313581902.15,6553199
2026-06-17,KXBNB,2840.21,111.71,133
2026-06-17,KXBNB15M,659108.62,331167.13,38648
2026-06-17,KXBNBD,8970.02,8436.44,26
2026-06-17,KXBRENTD,240251.16,112514.54,4067
2026-06-17,KXBTC,661511.41,165711.89,14806
2026-06-17,KXBTC15M,87546268.77,43937519.73,1123073
2026-06-17,KXBTCD,47184420.84,23355538.72,454058
2026-06-17,KXCOPPERD,68978.3,29723.12,1329
2026-06-17,KXDOGE,4443.5,1587.15,117
2026-06-17,KXDOGE15M,946300.37,460057.6,47027
2026-06-17,KXDOGED,2385.39,1755.68,81
2026-06-17,KXETH,58146.99,23390.72,1139
2026-06-17,KXETH15M,4168980.46,2075601.57,145517
2026-06-17,KXETHD,903504.85,296618.0,15001
2026-06-17,KXEURUSD,1029.78,36.97,47
2026-06-17,KXGOLDD,349001.28,208536.58,7032
2026-06-17,KXHYPE,10920.0,9276.2,35
2026-06-17,KXHYPE15M,1655736.15,776050.77,59928
2026-06-17,KXHYPED,11502.77,9314.7,83
2026-06-17,KXINX,102720.86,26533.54,795
2026-06-17,KXINXU,1716204.59,878152.14,11970
2026-06-17,KXNASDAQ100,19046.38,2310.63,323
2026-06-17,KXNASDAQ100U,573346.13,283525.84,3207
2026-06-17,KXNATGASD,195598.32,94497.7,3817
2026-06-17,KXSHIBA,11085.16,2094.73,55
2026-06-17,KXSHIBAD,3092.57,949.03,16
2026-06-17,KXSILVERD,278271.94,141031.41,3816
2026-06-17,KXSOL15M,973787.2,508738.0,38921
2026-06-17,KXSOLD,349878.81,90478.98,7484
2026-06-17,KXSOLE,32536.93,1156.95,283
2026-06-17,KXTNOTED,2574.12,824.42,77
2026-06-17,KXUSDJPY,987.64,392.06,50
2026-06-17,KXWTI,436283.51,158907.66,7344
2026-06-17,KXXRP,6284.99,782.02,276
2026-06-17,KXXRP15M,1284276.24,629408.64,39871
2026-06-17,KXXRPD,101125.66,37065.88,2652
2026-06-17,__TOTAL__,1353904619.92,386409484.49,8053395
2026-06-18,KXBNB,5500.59,119.26,210
2026-06-18,KXBNB15M,560590.27,290174.71,32922
2026-06-18,KXBNBD,868.85,12.12,21
2026-06-18,KXBRENTD,122007.41,65738.23,3539
2026-06-18,KXBTC,567392.94,143308.04,12786
2026-06-18,KXBTC15M,81383649.37,39971555.83,1058936
2026-06-18,KXBTCD,43013885.16,21513551.72,398413
2026-06-18,KXCOPPERD,35816.13,17682.0,628
2026-06-18,KXDOGE,13209.94,2329.41,134
2026-06-18,KXDOGE15M,831293.32,402467.71,40624
2026-06-18,KXDOGED,4590.4,1522.93,105
2026-06-18,KXETH,77220.7,24953.46,1912
2026-06-18,KXETH15M,3948828.64,1908477.24,126049
2026-06-18,KXETHD,709102.85,251298.0,14064
2026-06-18,KXEURUSD,333.35,169.42,52
2026-06-18,KXGOLDD,153571.48,82225.31,3730
2026-06-18,KXHYPE,15253.94,10848.64,41
2026-06-18,KXHYPE15M,1245484.78,601281.34,44094
2026-06-18,KXHYPED,2270.35,70.24,24
2026-06-18,KXINX,100371.61,37483.15,844
2026-06-18,KXINXU,871758.89,516679.04,7020
2026-06-18,KXNASDAQ100,312897.06,68303.45,622
2026-06-18,KXNASDAQ100U,536283.0,256151.91,2814
2026-06-18,KXNATGASD,120699.56,77865.78,2452
2026-06-18,KXSHIBA,5114.06,199.02,27
2026-06-18,KXSHIBAD,1543.16,793.06,9
2026-06-18,KXSILVERD,77544.71,28600.33,2498
2026-06-18,KXSOL15M,889105.73,437569.85,34275
2026-06-18,KXSOLD,114875.96,35579.25,4749
2026-06-18,KXSOLE,30901.96,669.08,115
2026-06-18,KXTNOTED,1505.66,132.72,66
2026-06-18,KXUSDJPY,958.87,828.28,37
2026-06-18,KXWTI,396276.66,165920.35,6279
2026-06-18,KXXRP,16153.41,549.41,206
2026-06-18,KXXRP15M,1375101.46,672030.54,37193
2026-06-18,KXXRPD,31167.4,14870.51,1492
2026-06-18,__TOTAL__,1256823382.44,330013272.66,7195912
2026-06-19,KXBNB,6059.97,144.33,114
2026-06-19,KXBNB15M,717760.77,324988.88,37364
2026-06-19,KXBNBD,190.33,106.82,11
2026-06-19,KXBRENTD,35012.89,16901.45,1551
2026-06-19,KXBTC,479966.94,145511.16,15874
2026-06-19,KXBTC15M,92202168.16,43414102.2,1272452
2026-06-19,KXBTCD,43169326.85,21490567.41,411636
2026-06-19,KXCOPPERD,4288.86,3193.25,65
2026-06-19,KXDOGE,15138.6,209.49,88
2026-06-19,KXDOGE15M,857059.48,389616.65,42715
2026-06-19,KXDOGED,5764.67,1957.17,58
2026-06-19,KXETH,34934.76,16375.67,1588
2026-06-19,KXETH15M,4118433.64,1933593.68,138924
2026-06-19,KXETHD,788426.77,262996.72,16046
2026-06-19,KXEURUSD,11.01,4.8,2
2026-06-19,KXGOLDD,9405.27,3257.07,266
2026-06-19,KXHYPE,4104.18,85.04,66
2026-06-19,KXHYPE15M,1738396.68,803717.25,54117
2026-06-19,KXHYPED,1198.75,109.99,17
2026-06-19,KXINXU,19216.67,4858.34,137
2026-06-19,KXNASDAQ100U,14888.43,4291.24,89
2026-06-19,KXNATGASD,2659.94,1458.22,79
2026-06-19,KXSHIBA,7488.49,222.86,24
2026-06-19,KXSHIBAD,2313.14,2290.01,2
2026-06-19,KXSILVERD,9353.34,3453.59,242
2026-06-19,KXSOL15M,862911.65,434536.19,29698
2026-06-19,KXSOLD,192370.9,49016.58,7265
2026-06-19,KXSOLE,19191.25,209.21,78
2026-06-19,KXTNOTED,11.0,0.66,1
2026-06-19,KXUSDJPY,524.59,311.79,8
2026-06-19,KXWTI,88719.07,31919.1,1289
2026-06-19,KXXRP,38705.76,889.4,196
2026-06-19,KXXRP15M,1404665.14,648023.09,36499
2026-06-19,KXXRPD,26308.23,8306.64,1585
2026-06-19,__TOTAL__,1280169238.4,362630310.81,7537072
2026-06-20,KXBNB,2026.82,96.08,106
2026-06-20,KXBNB15M,862966.4,442197.41,45433
2026-06-20,KXBNBD,282.73,109.33,22
2026-06-20,KXBRENTD,31156.65,17138.04,948
2026-06-20,KXBTC,461537.76,134289.71,14938
2026-06-20,KXBTC15M,88458041.08,43143582.7,1214222
2026-06-20,KXBTCD,36893612.18,18244759.45,334619
2026-06-20,KXCOPPERD,2247.18,745.61,42
2026-06-20,KXDOGE,627.43,33.57,24
2026-06-20,KXDOGE15M,1037959.76,521208.58,48957
2026-06-20,KXDOGED,2583.31,356.68,17
2026-06-20,KXETH,33764.13,11893.59,1128
2026-06-20,KXETH15M,4673853.46,2187166.66,161485
2026-06-20,KXETHD,750854.59,216023.71,13510
2026-06-20,KXEURUSD,264.96,11.32,8
2026-06-20,KXGOLDD,10822.68,3633.66,258
2026-06-20,KXHYPE,5725.48,1850.6,18
2026-06-20,KXHYPE15M,1663465.92,880745.54,54324
2026-06-20,KXHYPED,100.33,1.0,11
2026-06-20,KXINX,19515.55,1309.65,112
2026-06-20,KXINXU,45280.19,23368.23,329
2026-06-20,KXNASDAQ100,257.88,10.74,5
2026-06-20,KXNASDAQ100U,4486.05,2173.09,68
2026-06-20,KXNATGASD,1310.85,819.84,52
2026-06-20,KXSHIBA,27337.94,519.66,54
2026-06-20,KXSHIBAD,1227.25,1214.98,3
2026-06-20,KXSILVERD,2263.99,1030.15,158
2026-06-20,KXSOL15M,1107375.5,597780.65,34975
2026-06-20,KXSOLD,425909.49,132761.75,10885
2026-06-20,KXSOLE,10370.13,347.98,50
2026-06-20,KXTNOTED,402.0,41.89,16
2026-06-20,KXWTI,99995.85,45887.2,1593
2026-06-20,KXXRP,2835.01,313.19,111
2026-06-20,KXXRP15M,1414191.3,707737.0,38089
2026-06-20,KXXRPD,58894.71,21190.56,2256
2026-06-20,__TOTAL__,1468068351.62,416190032.41,8036657
2026-06-21,KXBNB,5948.31,140.95,118
2026-06-21,KXBNB15M,880979.84,406818.18,41035
2026-06-21,KXBNBD,127.68,74.19,18
2026-06-21,KXBRENTD,85768.67,43686.62,2298
2026-06-21,KXBTC,463374.53,142522.04,18413
2026-06-21,KXBTC15M,90765460.01,42400864.31,1226047
2026-06-21,KXBTCD,42699462.04,21766508.1,396580
2026-06-21,KXCOPPERD,1118.35,510.57,121
2026-06-21,KXDOGE,1593.94,46.82,45
2026-06-21,KXDOGE15M,1137265.47,534645.48,47095
2026-06-21,KXDOGED,5318.07,2453.89,26
2026-06-21,KXETH,21439.06,7732.87,1106
2026-06-21,KXETH15M,4663285.95,2265969.61,162081
2026-06-21,KXETHD,795427.54,293147.82,14717
2026-06-21,KXEURUSD,121.99,57.99,6
2026-06-21,KXGOLDD,35906.8,16988.4,1166
2026-06-21,KXHYPE,4237.75,1341.78,12
2026-06-21,KXHYPE15M,1828482.59,791231.38,53238
2026-06-21,KXHYPED,1210.72,200.88,38
2026-06-21,KXINX,25790.47,1389.26,171
2026-06-21,KXINXU,143798.88,59878.71,755
2026-06-21,KXNASDAQ100,10163.81,905.94,60
2026-06-21,KXNASDAQ100U,24960.87,9633.88,127
2026-06-21,KXNATGASD,6114.77,3046.96,149
2026-06-21,KXSHIBA,37459.08,500.52,50
2026-06-21,KXSHIBAD,143.07,141.64,4
2026-06-21,KXSILVERD,41769.99,20247.01,1831
2026-06-21,KXSOL15M,1706103.07,793494.14,51092
2026-06-21,KXSOLD,353181.5,94946.65,9792
2026-06-21,KXSOLE,1333.75,242.47,29
2026-06-21,KXTNOTED,836.02,134.72,23
2026-06-21,KXUSDJPY,94.82,33.64,9
2026-06-21,KXWTI,247430.72,105671.49,3208
2026-06-21,KXXRP,36312.91,1196.34,295
2026-06-21,KXXRP15M,1765074.65,873892.52,45505
2026-06-21,KXXRPD,38835.56,13890.82,1473
2026-06-21,__TOTAL__,1465069018.18,403071469.91,8336336
2026-06-22,KXBNB,1073.21,122.88,113
2026-06-22,KXBNB15M,855044.54,421298.04,39607
2026-06-22,KXBNBD,471.27,234.99,35
2026-06-22,KXBRENTD,144732.87,66818.72,3945
2026-06-22,KXBTC,802883.74,192310.01,18402
2026-06-22,KXBTC15M,96325441.02,46550471.74,1274923
2026-06-22,KXBTCD,50084606.75,25095285.65,438295
2026-06-22,KXCOPPERD,51433.9,25921.18,1111
2026-06-22,KXDOGE,9022.43,1160.51,120
2026-06-22,KXDOGE15M,1177041.05,565768.29,48244
2026-06-22,KXDOGED,4062.45,1548.62,93
2026-06-22,KXETH,52062.45,23193.7,1614
2026-06-22,KXETH15M,5166362.45,2672618.84,195503
2026-06-22,KXETHD,811659.74,262904.89,14645
2026-06-22,KXEURUSD,322.88,56.78,58
2026-06-22,KXGOLDD,146397.42,74768.54,3244
2026-06-22,KXHYPE,4628.16,2273.04,21
2026-06-22,KXHYPE15M,2171854.25,1049551.39,59185
2026-06-22,KXHYPED,2205.92,546.29,50
2026-06-22,KXINX,157699.0,48160.77,990
2026-06-22,KXINXU,1345972.85,715776.29,10769
2026-06-22,KXNASDAQ100,79347.95,33902.52,334
2026-06-22,KXNASDAQ100U,290976.47,156269.07,2792
2026-06-22,KXNATGASD,79757.27,32520.37,2026
2026-06-22,KXSHIBA,12396.35,249.84,41
2026-06-22,KXSHIBAD,4914.41,4631.58,4
2026-06-22,KXSILVERD,170452.41,91129.59,4436
2026-06-22,KXSOL15M,1500741.09,716874.29,61492
2026-06-22,KXSOLD,342173.65,89943.09,9326
2026-06-22,KXSOLE,8444.31,712.55,70
2026-06-22,KXTNOTED,3076.73,868.83,123
2026-06-22,KXUSDJPY,1251.69,1045.16,50
2026-06-22,KXWTI,572428.54,206095.71,6094
2026-06-22,KXXRP,41081.14,3565.75,258
2026-06-22,KXXRP15M,1481449.82,677090.18,52844
2026-06-22,KXXRPD,60692.62,25735.73,1885
2026-06-22,__TOTAL__,1291262581.42,392872928.48,7588849
2026-06-23,KXBNB,7190.74,148.0,119
2026-06-23,KXBNB15M,999707.12,465960.24,42260
2026-06-23,KXBNBD,834.98,523.44,69
2026-06-23,KXBRENTD,116966.12,54493.43,2391
2026-06-23,KXBTC,823507.59,214488.02,19649
2026-06-23,KXBTC15M,105728889.62,48326785.91,1270321
2026-06-23,KXBTCD,48249114.12,24367275.68,428759
2026-06-23,KXCOPPERD,63672.85,21820.9,1293
2026-06-23,KXDOGE,8968.37,2220.34,128
2026-06-23,KXDOGE15M,1318054.31,651842.19,52253
2026-06-23,KXDOGED,8477.78,4173.49,167
2026-06-23,KXETH,56360.55,20605.11,1949
2026-06-23,KXETH15M,5307003.43,2424312.25,192350
2026-06-23,KXETHD,937466.67,298068.13,18080
2026-06-23,KXEURUSD,1313.24,1028.82,54
2026-06-23,KXGOLDD,181188.15,113535.55,4066
2026-06-23,KXHYPE,1402.25,14.8,12
2026-06-23,KXHYPE15M,1927152.8,915837.24,59791
2026-06-23,KXHYPED,3059.73,503.36,58
2026-06-23,KXINX,113846.26,25475.88,2274
2026-06-23,KXINXU,1862583.77,924626.9,13715
2026-06-23,KXNASDAQ100,186572.19,40365.95,2698
2026-06-23,KXNASDAQ100U,437497.91,177522.01,6156
2026-06-23,KXNATGASD,101851.41,39244.52,2049
2026-06-23,KXSHIBA,20358.78,2111.69,62
2026-06-23,KXSHIBAD,1020.12,888.66,12
2026-06-23,KXSILVERD,97368.91,36566.3,2073
2026-06-23,KXSOL15M,1492570.87,720202.02,60343
2026-06-23,KXSOLD,485002.99,163898.8,14908
2026-06-23,KXSOLE,25948.37,980.74,82
2026-06-23,KXTNOTED,205.0,4.1,5
2026-06-23,KXUSDJPY,114.03,17.51,16
2026-06-23,KXWTI,301600.58,144686.67,3998
2026-06-23,KXXRP,28648.82,2222.52,255
2026-06-23,KXXRP15M,1859759.96,820788.44,65724
2026-06-23,KXXRPD,273180.21,119506.82,2607
2026-06-23,__TOTAL__,1511019072.9,444879476.24,8824975
2026-06-24,KXBNB,1280.16,105.07,138
2026-06-24,KXBNB15M,1076699.7,535889.44,44447
2026-06-24,KXBNBD,268.96,7.08,17
2026-06-24,KXBRENTD,155751.49,57993.61,2891
2026-06-24,KXBTC,765469.96,180128.66,18444
2026-06-24,KXBTC15M,113029092.48,54675032.4,1370166
2026-06-24,KXBTCD,51157733.95,24805335.96,447433
2026-06-24,KXCOPPERD,93095.28,46369.0,1469
2026-06-24,KXDOGE,8396.06,541.48,115
2026-06-24,KXDOGE15M,1439254.45,698152.77,57298
2026-06-24,KXDOGED,14379.57,12048.69,101
2026-06-24,KXETH,94047.48,32384.42,1480
2026-06-24,KXETH15M,4810117.5,2351228.18,167447
2026-06-24,KXETHD,1220801.39,462358.64,20667
2026-06-24,KXEURUSD,282.97,70.07,53
2026-06-24,KXGOLDD,220332.31,129158.93,4295
2026-06-24,KXHYPE,3099.4,939.77,12
2026-06-24,KXHYPE15M,2260202.45,1110885.99,64820
2026-06-24,KXHYPED,451.66,43.47,20
2026-06-24,KXINX,90084.0,18294.69,812
2026-06-24,KXINXU,1895178.22,975429.32,11946
2026-06-24,KXNASDAQ100,144670.58,36398.63,615
2026-06-24,KXNASDAQ100U,404541.15,204947.33,3764
2026-06-24,KXNATGASD,137863.73,81599.33,2061
2026-06-24,KXSHIBA,29726.37,12246.14,73
2026-06-24,KXSHIBAD,496.51,178.86,9
2026-06-24,KXSILVERD,264970.3,82101.37,3543
2026-06-24,KXSOL15M,1404338.78,660238.02,54777
2026-06-24,KXSOLD,432774.96,146808.7,13451
2026-06-24,KXSOLE,24348.76,345.2,57
2026-06-24,KXTNOTED,1326.28,192.54,76
2026-06-24,KXUSDJPY,6.9,1.33,3
2026-06-24,KXWTI,441062.68,196171.83,6891
2026-06-24,KXXRP,32167.31,1269.01,283
2026-06-24,KXXRP15M,1824437.1,826502.93,60425
2026-06-24,KXXRPD,62341.74,23282.46,2733
2026-06-24,__TOTAL__,1678770475.54,488106503.18,9013103
2026-06-25,KXBNB,8900.75,169.17,129
2026-06-25,KXBNB15M,1196618.32,576716.93,45215
2026-06-25,KXBNBD,3810.54,95.1,69
2026-06-25,KXBRENTD,110635.98,55923.76,2231
2026-06-25,KXBTC,1043060.59,193178.85,17582
2026-06-25,KXBTC15M,88527030.54,45465258.23,1157579
2026-06-25,KXBTCD,47201428.17,23668961.73,480501
2026-06-25,KXCOPPERD,51933.32,22342.08,933
2026-06-25,KXDOGE,19299.76,4957.85,327
2026-06-25,KXDOGE15M,1573688.59,693707.88,55241
2026-06-25,KXDOGED,13845.07,6058.16,189
2026-06-25,KXETH,82250.31,20919.9,1695
2026-06-25,KXETH15M,4603809.37,2521314.24,162653
2026-06-25,KXETHD,1010495.35,382062.76,20134
2026-06-25,KXEURUSD,519.41,13.71,46
2026-06-25,KXGOLDD,171398.39,101986.54,2828
2026-06-25,KXHYPE,9702.29,3162.98,37
2026-06-25,KXHYPE15M,2479391.35,1280298.75,63737
2026-06-25,KXHYPED,2008.42,613.74,117
2026-06-25,KXINX,115627.89,27114.67,992
2026-06-25,KXINXU,1817452.88,890026.33,11296
2026-06-25,KXNASDAQ100,47217.62,12263.94,423
2026-06-25,KXNASDAQ100U,287529.91,145247.82,5005
2026-06-25,KXNATGASD,239908.73,96920.8,3056
2026-06-25,KXSHIBA,27238.64,13047.66,72
2026-06-25,KXSHIBAD,3820.26,2649.03,27
2026-06-25,KXSILVERD,104659.82,52618.4,2226
2026-06-25,KXSOL15M,1740329.24,882859.8,62899
2026-06-25,KXSOLD,515723.59,212024.01,12365
2026-06-25,KXSOLE,6143.01,431.02,78
2026-06-25,KXTNOTED,603.49,130.38,45
2026-06-25,KXUSDJPY,336.21,144.83,33
2026-06-25,KXWTI,431697.37,205962.87,7223
2026-06-25,KXXRP,34586.64,985.06,265
2026-06-25,KXXRP15M,1850365.33,953058.04,59908
2026-06-25,KXXRPD,80858.74,31605.44,2998
2026-06-25,__TOTAL__,1716140313.82,425999218.36,8521038
2026-06-26,KXBNB,7116.1,152.17,124
2026-06-26,KXBNB15M,1655464.3,805755.28,64810
2026-06-26,KXBNBD,1268.95,1237.57,46
2026-06-26,KXBRENTD,33188.94,18544.79,469
2026-06-26,KXBTC,675761.3,180221.98,18829
2026-06-26,KXBTC15M,104224445.05,49306476.34,1458641
2026-06-26,KXBTCD,43899082.14,22146102.95,473587
2026-06-26,KXCOPPERD,19651.09,11146.36,164
2026-06-26,KXDOGE,21330.57,3221.77,306
2026-06-26,KXDOGE15M,1666097.72,831832.77,62079
2026-06-26,KXDOGED,6546.23,2720.49,273
2026-06-26,KXETH,92756.92,31263.96,1295
2026-06-26,KXETH15M,5170386.15,2384245.99,200903
2026-06-26,KXETHD,1045278.66,343475.75,17459
2026-06-26,KXEURUSD,4.0,2.26,2
2026-06-26,KXGOLDD,10323.58,5829.0,185
2026-06-26,KXHYPE,51226.13,547.37,181
2026-06-26,KXHYPE15M,3202990.59,1507490.42,69889
2026-06-26,KXHYPED,10865.82,2909.06,75
2026-06-26,KXINX,73145.27,14757.27,969
2026-06-26,KXINXU,1101983.03,549605.59,11876
2026-06-26,KXNASDAQ100,65166.58,13858.01,384
2026-06-26,KXNASDAQ100U,244516.25,139256.38,3138
2026-06-26,KXNATGASD,3268.38,2479.02,88
2026-06-26,KXSHIBA,24062.2,12603.21,46
2026-06-26,KXSHIBAD,93.51,92.57,1
2026-06-26,KXSILVERD,6236.11,2109.09,118
2026-06-26,KXSOL15M,2003429.27,1025997.79,73919
2026-06-26,KXSOLD,484414.0,181543.31,12934
2026-06-26,KXSOLE,26666.5,906.61,153
2026-06-26,KXTNOTED,14.0,0.76,7
2026-06-26,KXUSDJPY,33.86,11.13,15
2026-06-26,KXWTI,554514.16,193416.42,7153
2026-06-26,KXXRP,12609.21,611.35,212
2026-06-26,KXXRP15M,1925725.52,887962.96,69176
2026-06-26,KXXRPD,75746.38,31277.65,3110
2026-06-26,__TOTAL__,1562035904.81,377569817.35,8126800
2026-06-27,KXBNB,1621.57,98.81,117
2026-06-27,KXBNB15M,1749260.37,860500.48,64608
2026-06-27,KXBNBD,794.79,37.38,29
2026-06-27,KXBRENTD,34588.12,21527.17,547
2026-06-27,KXBTC,393290.04,125460.7,14185
2026-06-27,KXBTC15M,87380181.78,43113636.75,1311228
2026-06-27,KXBTCD,34201567.27,16709576.73,376758
2026-06-27,KXCOPPERD,2142.88,1765.6,64
2026-06-27,KXDOGE,3625.68,116.46,100
2026-06-27,KXDOGE15M,1948012.92,942165.92,61351
2026-06-27,KXDOGED,1352.36,571.93,33
2026-06-27,KXETH,26876.75,3260.38,457
2026-06-27,KXETH15M,4612055.1,2183526.5,275542
2026-06-27,KXETHD,1026431.18,292086.42,12680
2026-06-27,KXEURUSD,52.99,6.3,8
2026-06-27,KXGOLDD,5638.79,3560.16,180
2026-06-27,KXHYPE,841.92,262.62,34
2026-06-27,KXHYPE15M,3474185.29,1825094.62,66944
2026-06-27,KXHYPED,453.89,397.57,18
2026-06-27,KXINX,2641.74,265.8,46
2026-06-27,KXINXU,20377.31,13662.27,190
2026-06-27,KXNASDAQ100,2061.94,110.79,15
2026-06-27,KXNASDAQ100U,14508.02,8278.92,323
2026-06-27,KXNATGASD,14378.23,8314.13,356
2026-06-27,KXSHIBA,1937.32,63.43,18
2026-06-27,KXSHIBAD,1816.84,568.05,6
2026-06-27,KXSILVERD,2794.19,1133.19,98
2026-06-27,KXSOL15M,1958908.67,991204.45,67151
2026-06-27,KXSOLD,587471.59,164719.04,10423
2026-06-27,KXSOLE,36270.09,1559.47,233
2026-06-27,KXTNOTED,399.25,99.47,17
2026-06-27,KXWTI,119002.28,40509.72,1847
2026-06-27,KXXRP,17100.8,576.82,178
2026-06-27,KXXRP15M,1991539.55,957843.35,64354
2026-06-27,KXXRPD,53068.24,14359.79,1484
2026-06-27,__TOTAL__,1580609500.66,409146505.31,8785597
2026-06-28,KXBNB,1222.23,91.33,109
2026-06-28,KXBNB15M,1490659.35,704146.01,51551
2026-06-28,KXBNBD,2122.61,555.97,248
2026-06-28,KXBRENTD,27091.5,14783.67,679
2026-06-28,KXBTC,469747.03,122410.51,14706
2026-06-28,KXBTC15M,100736099.76,47862545.83,1344543
2026-06-28,KXBTCD,45371309.93,23211679.5,502876
2026-06-28,KXCOPPERD,6237.49,2803.68,227
2026-06-28,KXDOGE,6788.99,113.78,72
2026-06-28,KXDOGE15M,1788817.36,811588.13,57666
2026-06-28,KXDOGED,1273.86,173.72,18
2026-06-28,KXETH,12294.96,3809.24,645
2026-06-28,KXETH15M,4909714.09,2381713.59,156616
2026-06-28,KXETHD,1280936.29,448433.05,18026
2026-06-28,KXEURUSD,13.0,0.43,5
2026-06-28,KXGOLDD,17760.4,10255.26,503
2026-06-28,KXHYPE,13780.01,158.43,40
2026-06-28,KXHYPE15M,3396015.77,1628261.37,70595
2026-06-28,KXHYPED,11831.88,6063.56,265
2026-06-28,KXINX,16251.91,1173.18,201
2026-06-28,KXINXU,222222.41,93699.48,1241
2026-06-28,KXNASDAQ100,2900.97,269.03,44
2026-06-28,KXNASDAQ100U,23176.46,12146.48,278
2026-06-28,KXNATGASD,8597.5,5650.44,429
2026-06-28,KXSHIBA,4962.97,74.13,25
2026-06-28,KXSHIBAD,99.33,98.34,2
2026-06-28,KXSILVERD,7357.25,3782.07,328
2026-06-28,KXSOL15M,2203926.81,1000731.83,74625
2026-06-28,KXSOLD,721117.25,250599.09,14018
2026-06-28,KXSOLE,6134.08,412.34,67
2026-06-28,KXTNOTED,166.91,47.99,18
2026-06-28,KXUSDJPY,4.31,0.95,1
2026-06-28,KXWTI,242638.41,103608.65,4165
2026-06-28,KXXRP,7706.63,1158.28,159
2026-06-28,KXXRP15M,2018773.86,940668.54,66026
2026-06-28,KXXRPD,103003.74,32198.49,2267
2026-06-28,__TOTAL__,915449175.88,263503374.42,6216997
2026-06-29,KXBNB,1507.71,97.92,114
2026-06-29,KXBNB15M,1527072.78,718991.4,54381
2026-06-29,KXBNBD,3603.91,1457.78,489
2026-06-29,KXBRENTD,111102.23,47375.87,2330
2026-06-29,KXBTC,1027082.79,282099.61,18301
2026-06-29,KXBTC15M,112309198.74,54362332.07,1259097
2026-06-29,KXBTCD,49318448.81,24972771.76,521916
2026-06-29,KXCOPPERD,141227.29,62026.75,2902
2026-06-29,KXDOGE,3483.54,1845.09,78
2026-06-29,KXDOGE15M,1658731.27,799153.87,54713
2026-06-29,KXDOGED,1445.31,374.9,37
2026-06-29,KXETH,59052.97,18268.23,1167
2026-06-29,KXETH15M,4970286.09,2361895.54,158107
2026-06-29,KXETHD,1500024.04,597295.08,19553
2026-06-29,KXEURUSD,243.61,34.97,39
2026-06-29,KXGOLDD,130003.5,60664.26,3085
2026-06-29,KXHYPE,1944.81,910.43,14
2026-06-29,KXHYPE15M,2840545.65,1393563.18,61568
2026-06-29,KXHYPED,10511.63,4352.91,438
2026-06-29,KXINX,100392.89,20378.5,946
2026-06-29,KXINXU,956598.43,514815.33,9938
2026-06-29,KXNASDAQ100,53402.34,17486.52,348
2026-06-29,KXNASDAQ100U,199329.73,109764.01,3097
2026-06-29,KXNATGASD,205324.81,99983.85,4021
2026-06-29,KXSHIBA,13088.17,218.06,14
2026-06-29,KXSILVERD,92198.65,52263.01,1916
2026-06-29,KXSOL15M,2367205.57,1128809.52,78207
2026-06-29,KXSOLD,681114.53,262552.19,14068
2026-06-29,KXSOLE,4561.77,659.54,67
2026-06-29,KXTNOTED,1477.84,800.48,91
2026-06-29,KXUSDJPY,1089.62,959.43,35
2026-06-29,KXWTI,543338.5,279221.46,8488
2026-06-29,KXXRP,8108.8,605.98,192
2026-06-29,KXXRP15M,2540725.05,1213643.68,76554
2026-06-29,KXXRPD,85665.2,34130.32,2185
2026-06-29,__TOTAL__,1417024972.86,397684077.5,8088677
2026-06-30,KXBNB,3497.8,689.84,312
2026-06-30,KXBNB15M,1458089.18,715143.46,54240
2026-06-30,KXBNBD,5341.46,2092.55,535
2026-06-30,KXBRENTD,49831.26,22245.75,1294
2026-06-30,KXBTC,1374442.01,393801.18,20296
2026-06-30,KXBTC15M,116279749.98,58678877.24,1335956
2026-06-30,KXBTCD,51856513.9,26087261.33,522827
2026-06-30,KXCOPPERD,92840.69,50445.75,3105
2026-06-30,KXDOGE,4225.42,1879.97,110
2026-06-30,KXDOGE15M,1571500.2,768815.52,53137
2026-06-30,KXDOGED,7525.74,4537.12,136
2026-06-30,KXETH,86550.41,36627.24,1651
2026-06-30,KXETH15M,5234016.68,2724828.77,158107
2026-06-30,KXETHD,1247733.79,426327.76,17283
2026-06-30,KXEURUSD,155.1,28.75,41
2026-06-30,KXGOLDD,153349.26,76870.09,3441
2026-06-30,KXHYPE,2992.63,610.3,194
2026-06-30,KXHYPE15M,3223593.04,1598725.57,70163
2026-06-30,KXHYPED,9266.05,3935.26,449
2026-06-30,KXINX,93103.69,30015.86,1238
2026-06-30,KXINXU,1161763.76,714113.55,7570
2026-06-30,KXNASDAQ100,72335.27,24081.47,449
2026-06-30,KXNASDAQ100U,243960.72,118621.53,1345
2026-06-30,KXNATGASD,204985.08,110694.91,5116
2026-06-30,KXNEAR15M,17979.92,8081.79,1693
2026-06-30,KXSHIBA,6692.73,125.8,35
2026-06-30,KXSILVERD,157525.97,82502.35,2816
2026-06-30,KXSOL15M,1809078.58,886042.8,66099
2026-06-30,KXSOLD,592301.3,216342.79,12528
2026-06-30,KXSOLE,10817.08,3701.63,305
2026-06-30,KXTNOTED,1273.84,632.79,145
2026-06-30,KXUSDJPY,539.15,427.55,49
2026-06-30,KXWTI,551706.16,245999.34,7626
2026-06-30,KXXRP,21922.42,4893.46,705
2026-06-30,KXXRP15M,1958593.37,963526.67,66939
2026-06-30,KXXRPD,114732.87,47733.85,3518
2026-06-30,KXZEC15M,12849.61,5067.55,1328
2026-06-30,__TOTAL__,1505587400.57,443522828.45,8683359
2026-07-01,KXBNB,1656.91,864.19,365
2026-07-01,KXBNB15M,1232896.72,535900.25,35977
2026-07-01,KXBNBD,4691.7,2372.42,622
2026-07-01,KXBRENTD,80894.2,34789.59,1368
2026-07-01,KXBTC,1344940.9,345684.83,19964
2026-07-01,KXBTC15M,116464757.81,55318839.02,1292705
2026-07-01,KXBTCD,54314040.75,27280924.3,545464
2026-07-01,KXCOPPERD,14449.75,8689.23,748
2026-07-01,KXDOGE,2536.95,486.91,62
2026-07-01,KXDOGE15M,1513226.56,719654.88,45238
2026-07-01,KXDOGED,6269.12,1055.0,98
2026-07-01,KXETH,155083.34,59565.82,2695
2026-07-01,KXETH15M,5469641.16,2616885.96,161764
2026-07-01,KXETHD,1315700.19,505471.19,19403
2026-07-01,KXEURUSD,183.7,36.13,50
2026-07-01,KXGOLDD,189565.16,100946.14,4682
2026-07-01,KXHYPE,2057.11,954.5,325
2026-07-01,KXHYPE15M,2824446.27,1378268.27,58655
2026-07-01,KXHYPED,20487.26,8355.03,1079
2026-07-01,KXINX,69450.48,24994.79,1556
2026-07-01,KXINXU,963190.22,442591.4,14368
2026-07-01,KXNASDAQ100,43002.83,15689.14,433
2026-07-01,KXNASDAQ100U,266127.0,114981.54,7623
2026-07-01,KXNATGASD,109749.43,41331.64,1906
2026-07-01,KXNEAR15M,46001.53,23570.75,3690
2026-07-01,KXSHIBA,9450.5,183.62,21
2026-07-01,KXSHIBAD,6739.2,1233.73,18
2026-07-01,KXSILVERD,127631.93,73960.78,2180
2026-07-01,KXSOL15M,2151614.24,1127720.29,68812
2026-07-01,KXSOLD,627000.84,225694.65,13751
2026-07-01,KXSOLE,16404.73,6883.15,632
2026-07-01,KXTNOTED,1653.87,334.6,61
2026-07-01,KXUSDJPY,1323.64,1002.73,77
2026-07-01,KXUST10A,2794.77,2030.81,37
2026-07-01,KXUST30A,167.02,133.37,15
2026-07-01,KXWTI,395720.24,167174.1,5949
2026-07-01,KXXRP,12046.34,5110.34,744
2026-07-01,KXXRP15M,1986751.13,938962.06,62479
2026-07-01,KXXRPD,140797.59,50747.09,3125
2026-07-01,KXZEC15M,47347.08,25643.25,4414
2026-07-01,__TOTAL__,1685425941.46,494077118.58,9436620
2026-07-02,KXBNB,3530.91,915.83,393
2026-07-02,KXBNB15M,1236946.68,577183.02,37126
2026-07-02,KXBNBD,4840.42,2337.95,591
2026-07-02,KXBRENTD,69949.69,41154.83,1223
2026-07-02,KXBTC,1311026.6,350614.85,18308
2026-07-02,KXBTC15M,115270804.11,53075428.6,1391123
2026-07-02,KXBTCD,46239842.45,22365584.94,460896
2026-07-02,KXCOPPERD,5069.64,2914.92,319
2026-07-02,KXDOGE,16431.37,7648.12,1641
2026-07-02,KXDOGE15M,1255185.61,611812.76,41166
2026-07-02,KXDOGED,26190.74,4005.7,2837
2026-07-02,KXETH,131678.46,47565.57,2329
2026-07-02,KXETH15M,5114448.49,2444535.78,152433
2026-07-02,KXETHD,1107947.5,395473.31,15071
2026-07-02,KXEURUSD,1089.25,869.55,68
2026-07-02,KXGOLDD,163886.82,85471.2,3968
2026-07-02,KXHYPE,3224.26,1337.87,338
2026-07-02,KXHYPE15M,2431579.61,1236376.0,53115
2026-07-02,KXHYPED,22574.41,10152.44,803
2026-07-02,KXINX,1595.23,490.08,294
2026-07-02,KXINXU,1025582.93,563142.75,14582
2026-07-02,KXNASDAQ100,378.1,57.58,84
2026-07-02,KXNASDAQ100U,186657.05,86530.15,2667
2026-07-02,KXNATGASD,71639.27,36452.95,1360
2026-07-02,KXNEAR15M,65462.56,29394.52,6281
2026-07-02,KXSHIBA,32186.32,2266.58,36
2026-07-02,KXSHIBAD,16620.41,1088.5,60
2026-07-02,KXSILVERD,151562.63,91839.98,3066
2026-07-02,KXSOL15M,2316496.17,1099983.12,71052
2026-07-02,KXSOLD,446154.46,132733.96,9022
2026-07-02,KXSOLE,20764.6,4883.08,469
2026-07-02,KXUSDJPY,262.96,158.38,40
2026-07-02,KXUST10A,1244.72,464.31,41
2026-07-02,KXUST2A,34.0,30.72,4
2026-07-02,KXUST30A,1180.1,830.41,52
2026-07-02,KXWTI,272430.59,127652.96,4258
2026-07-02,KXXRP,18025.8,6282.72,836
2026-07-02,KXXRP15M,1897871.3,924913.96,59745
2026-07-02,KXXRPD,172403.34,44672.5,3473
2026-07-02,KXZEC15M,76318.69,37332.02,7760
2026-07-02,__TOTAL__,1470657540.6,426202556.92,8418144
2026-07-03,KXBNB,15157.63,1038.5,365
2026-07-03,KXBNB15M,1258166.55,707824.0,40622
2026-07-03,KXBNBD,4171.92,2262.34,578
2026-07-03,KXBRENTD,7426.14,3935.56,165
2026-07-03,KXBTC,1284591.06,429838.54,21223
2026-07-03,KXBTC15M,114081295.83,59744788.9,1470700
2026-07-03,KXBTCD,44947264.79,21732319.51,459442
2026-07-03,KXCOPPERD,1036.78,880.92,39
2026-07-03,KXDOGE,17273.26,643.9,230
2026-07-03,KXDOGE15M,1668066.15,924820.28,53648
2026-07-03,KXDOGED,4339.63,1321.87,181
2026-07-03,KXETH,54040.11,23084.46,1836
2026-07-03,KXETH15M,5988667.44,3222396.69,170517
2026-07-03,KXETHD,1425608.82,427221.34,18048
2026-07-03,KXEURUSD,286.0,16.7,34
2026-07-03,KXGOLDD,9993.1,4381.13,296
2026-07-03,KXHYPE,2736.88,1340.35,308
2026-07-03,KXHYPE15M,2326419.49,1185110.25,73746
2026-07-03,KXHYPED,12282.69,4969.13,706
2026-07-03,KXINXU,1043.45,568.98,90
2026-07-03,KXNASDAQ100,91.9,12.21,4
2026-07-03,KXNASDAQ100U,95.04,63.82,40
2026-07-03,KXNATGASD,5160.2,2263.57,135
2026-07-03,KXNEAR15M,72976.85,31617.41,7257
2026-07-03,KXSHIBA,21780.78,9428.98,64
2026-07-03,KXSHIBAD,65.65,6.88,4
2026-07-03,KXSILVERD,9361.13,3064.74,286
2026-07-03,KXSOL15M,2269695.05,1191120.07,74423
2026-07-03,KXSOLD,585560.86,179823.39,10497
2026-07-03,KXSOLE,13387.0,6120.31,550
2026-07-03,KXUSDJPY,113.74,13.83,8
2026-07-03,KXUST10A,388.45,121.51,15
2026-07-03,KXUST2A,176.84,101.06,8
2026-07-03,KXWTI,53600.27,19740.91,728
2026-07-03,KXXRP,33401.94,11092.44,1198
2026-07-03,KXXRP15M,2207699.81,1144534.89,70913
2026-07-03,KXXRPD,229194.54,71997.9,4160
2026-07-03,KXZEC15M,77344.52,43536.92,8120
2026-07-03,__TOTAL__,1719748932.17,497313128.99,9748386
2026-07-04,KXBNB,3033.75,1623.57,350
2026-07-04,KXBNB15M,1267045.2,661342.41,42821
2026-07-04,KXBNBD,9796.33,3844.21,747
2026-07-04,KXBRENTD,13661.74,5742.03,176
2026-07-04,KXBTC,1114050.14,343988.32,18553
2026-07-04,KXBTC15M,103304495.88,53152110.39,1357729
2026-07-04,KXBTCD,40135846.0,20618425.57,421724
2026-07-04,KXCOPPERD,1670.29,1477.16,37
2026-07-04,KXDOGE,1886.37,153.47,71
2026-07-04,KXDOGE15M,1332828.0,661303.08,43292
2026-07-04,KXDOGED,14768.96,3953.05,70
2026-07-04,KXETH,52487.44,20887.56,1700
2026-07-04,KXETH15M,4617743.02,2345693.42,132180
2026-07-04,KXETHD,1322588.89,427812.87,17190
2026-07-04,KXEURUSD,251.71,19.13,6
2026-07-04,KXGOLDD,8186.83,2916.04,265
2026-07-04,KXHYPE,3101.96,1643.76,353
2026-07-04,KXHYPE15M,2296625.97,1076402.11,82575
2026-07-04,KXHYPED,20892.8,7202.41,751
2026-07-04,KXINX,2432.66,508.79,48
2026-07-04,KXINXU,1358.84,612.22,151
2026-07-04,KXNASDAQ100,89.0,4.52,5
2026-07-04,KXNASDAQ100U,92108.23,63730.23,153
2026-07-04,KXNATGASD,659.83,450.59,45
2026-07-04,KXNEAR15M,65437.73,33026.8,6495
2026-07-04,KXSHIBA,6415.76,308.0,64
2026-07-04,KXSHIBAD,1879.85,1553.51,34
2026-07-04,KXSILVERD,2874.27,1137.51,111
2026-07-04,KXSOL15M,2224871.12,1066530.07,69177
2026-07-04,KXSOLD,662599.41,195416.39,10868
2026-07-04,KXSOLE,13444.05,4184.45,355
2026-07-04,KXUSDJPY,102.44,12.85,14
2026-07-04,KXUST10A,783.11,425.2,50
2026-07-04,KXUST2A,277.73,167.67,54
2026-07-04,KXUST30A,312.31,186.07,33
2026-07-04,KXWTI,34006.86,19107.48,500
2026-07-04,KXXRP,52081.84,16904.78,1749
2026-07-04,KXXRP15M,2237341.48,1011681.3,67465
2026-07-04,KXXRPD,388383.87,130578.75,6100
2026-07-04,KXZEC15M,99985.52,52783.28,9428
2026-07-04,__TOTAL__,1518442492.55,436055153.15,8174035
2026-07-05,KXBNB,3477.88,1515.64,336
2026-07-05,KXBNB15M,1302953.27,674573.26,40995
2026-07-05,KXBNBD,9999.4,5353.14,699
2026-07-05,KXBRENTD,16564.3,7706.43,433
2026-07-05,KXBTC,1049547.2,334810.56,17967
2026-07-05,KXBTC15M,102814969.58,52924793.98,1260020
2026-07-05,KXBTCD,41047654.66,20472160.28,443186
2026-07-05,KXCOPPERD,1947.29,1146.34,98
2026-07-05,KXDOGE,3142.19,270.5,86
2026-07-05,KXDOGE15M,1418136.39,743234.86,43515
2026-07-05,KXDOGED,4886.48,1191.75,84
2026-07-05,KXETH,35906.77,15788.04,1657
2026-07-05,KXETH15M,5509303.24,2910872.97,141220
2026-07-05,KXETHD,1164903.44,343441.29,14705
2026-07-05,KXEURUSD,229.31,99.98,8
2026-07-05,KXGOLDD,31291.66,18538.53,738
2026-07-05,KXHYPE,4252.39,1230.02,299
2026-07-05,KXHYPE15M,2559588.65,1243006.83,86952
2026-07-05,KXHYPED,14360.07,6162.55,672
2026-07-05,KXINX,1038.4,186.56,49
2026-07-05,KXINXU,27599.22,7693.82,391
2026-07-05,KXNASDAQ100,115.49,13.0,8
2026-07-05,KXNASDAQ100U,6063.92,3675.16,338
2026-07-05,KXNATGASD,8005.49,4909.35,302
2026-07-05,KXNEAR15M,116778.08,50424.82,6728
2026-07-05,KXSHIBA,2484.49,49.34,9
2026-07-05,KXSHIBAD,18513.07,3866.62,54
2026-07-05,KXSILVERD,12126.99,5146.78,610
2026-07-05,KXSOL15M,1817647.31,944255.48,61400
2026-07-05,KXSOLD,617847.08,209477.84,9609
2026-07-05,KXSOLE,14500.32,4727.08,473
2026-07-05,KXUSDJPY,574.2,57.46,24
2026-07-05,KXUST10A,1060.98,571.37,59
2026-07-05,KXUST2A,1055.03,842.44,65
2026-07-05,KXUST30A,1923.07,790.65,174
2026-07-05,KXWTI,125736.7,52391.42,1593
2026-07-05,KXXRP,19251.37,5002.72,771
2026-07-05,KXXRP15M,1913803.16,998576.34,60591
2026-07-05,KXXRPD,178253.46,48359.27,2834
2026-07-05,KXZEC15M,123490.03,66766.73,9045
2026-07-05,__TOTAL__,1794844144.96,516707026.11,10006748
2026-07-06,KXBNB,2680.51,743.14,322
2026-07-06,KXBNB15M,1230387.78,603283.93,37623
2026-07-06,KXBNBD,7745.12,2816.58,794
2026-07-06,KXBRENTD,75925.15,36424.0,1798
2026-07-06,KXBTC,1621045.41,439954.52,24202
2026-07-06,KXBTC15M,114369293.63,53206840.05,1309273
2026-07-06,KXBTCD,57087003.35,28278021.78,547062
2026-07-06,KXCOPPERD,6804.63,4076.57,475
2026-07-06,KXDOGE,14300.95,3968.73,387
2026-07-06,KXDOGE15M,1441588.3,701905.87,43090
2026-07-06,KXDOGED,7031.77,3652.87,182
2026-07-06,KXETH,134409.2,57596.0,3142
2026-07-06,KXETH15M,6459560.56,3137753.38,150353
2026-07-06,KXETHD,1726896.7,698502.02,19152
2026-07-06,KXEURUSD,269.33,35.43,23
2026-07-06,KXGOLDD,178483.1,100164.53,4030
2026-07-06,KXHYPE,3101.06,1225.24,327
2026-07-06,KXHYPE15M,2498574.47,1238418.61,84658
2026-07-06,KXHYPED,22627.92,10806.48,999
2026-07-06,KXINX,75560.84,24957.04,1691
2026-07-06,KXINXU,771247.17,321926.44,15431
2026-07-06,KXNASDAQ100,15121.33,1941.57,1638
2026-07-06,KXNASDAQ100U,136567.44,83127.25,4820
2026-07-06,KXNATGASD,113591.76,64313.7,3483
2026-07-06,KXNEAR15M,194306.31,90818.07,7071
2026-07-06,KXSHIBA,5017.26,242.83,13
2026-07-06,KXSHIBAD,538.52,79.37,16
2026-07-06,KXSILVERD,138829.07,88320.38,2649
2026-07-06,KXSOL15M,2176857.51,1052457.58,68274
2026-07-06,KXSOLD,676689.31,266313.21,11232
2026-07-06,KXSOLE,20569.84,7215.87,829
2026-07-06,KXUSDJPY,209.15,24.67,32
2026-07-06,KXUST10A,923.02,403.68,94
2026-07-06,KXUST2A,859.36,299.38,100
2026-07-06,KXUST30A,2598.49,1652.41,279
2026-07-06,KXWTI,523178.29,263385.12,7268
2026-07-06,KXXRP,19741.11,7252.81,960
2026-07-06,KXXRP15M,1982576.68,924512.25,61962
2026-07-06,KXXRPD,206585.75,89452.8,3329
2026-07-06,KXZEC15M,255966.63,132065.24,12426
2026-07-06,__TOTAL__,1554077194.62,436281272.59,8718767
2026-07-07,KXBNB,1650.34,634.2,222
2026-07-07,KXBNB15M,1318983.75,582402.01,38472
2026-07-07,KXBNBD,6052.55,3246.93,613
2026-07-07,KXBRENTD,134907.72,72887.3,2669
2026-07-07,KXBTC,1397865.34,419204.99,20733
2026-07-07,KXBTC15M,115148312.81,55614777.05,1360777
2026-07-07,KXBTCD,60962359.24,30542623.24,527321
2026-07-07,KXCOPPERD,6558.72,4756.58,327
2026-07-07,KXDOGE,21746.04,7312.09,553
2026-07-07,KXDOGE15M,1313713.6,587024.74,42320
2026-07-07,KXDOGED,17971.09,7007.34,274
2026-07-07,KXETH,87902.39,36611.64,2303
2026-07-07,KXETH15M,6191138.2,2971775.09,153515
2026-07-07,KXETHD,1602855.06,621360.3,17636
2026-07-07,KXEURUSD,2483.51,134.04,117
2026-07-07,KXGOLDD,261348.46,124988.36,5185
2026-07-07,KXHYPE,3439.96,1183.68,341
2026-07-07,KXHYPE15M,2251810.29,1010084.51,78511
2026-07-07,KXHYPED,29325.04,14727.56,1093
2026-07-07,KXINX,53284.93,18245.47,2211
2026-07-07,KXINXU,731928.67,368935.37,12075
2026-07-07,KXNASDAQ100,33096.36,10732.93,1428
2026-07-07,KXNASDAQ100U,152055.79,79698.43,9576
2026-07-07,KXNATGASD,121507.83,72677.03,3316
2026-07-07,KXNEAR15M,230862.47,109128.41,8910
2026-07-07,KXSHIBA,13270.03,7740.95,76
2026-07-07,KXSHIBAD,1969.26,1025.04,18
2026-07-07,KXSILVERD,120293.58,46324.94,2598
2026-07-07,KXSOL15M,1866380.86,805757.66,64149
2026-07-07,KXSOLD,703661.26,258503.13,10343
2026-07-07,KXSOLE,23221.19,9373.43,869
2026-07-07,KXUSDJPY,2159.31,856.17,100
2026-07-07,KXUST10A,1262.2,774.66,245
2026-07-07,KXUST2A,330.84,327.13,11
2026-07-07,KXUST30A,526.16,327.48,86
2026-07-07,KXUST5A,225.0,222.75,2
2026-07-07,KXUST7A,225.0,222.75,2
2026-07-07,KXWTI,416118.06,223538.41,6757
2026-07-07,KXXRP,11472.54,3615.06,656
2026-07-07,KXXRP15M,1600721.18,729937.38,59917
2026-07-07,KXXRPD,87990.91,31803.93,1982
2026-07-07,KXZEC15M,290109.37,136286.91,13125
2026-07-07,__TOTAL__,1560489326.3,461485090.44,9032476
2026-07-08,KXBNB,1577.05,547.29,201
2026-07-08,KXBNB15M,1197216.22,556456.77,35889
2026-07-08,KXBNBD,3376.06,1072.08,434
2026-07-08,KXBRENTD,201607.85,98185.15,3957
2026-07-08,KXBTC,1119442.19,329213.02,16686
2026-07-08,KXBTC15M,123319755.13,59076546.48,1615215
2026-07-08,KXBTCD,52946381.98,26567057.67,515782
2026-07-08,KXCOPPERD,6415.57,3559.8,379
2026-07-08,KXDOGE,4745.22,456.47,132
2026-07-08,KXDOGE15M,1322572.64,615141.07,45330
2026-07-08,KXDOGED,6571.4,2554.63,127
2026-07-08,KXETH,70496.49,27746.97,1653
2026-07-08,KXETH15M,5749683.44,2763390.08,195952
2026-07-08,KXETHD,1019981.28,403786.18,13870
2026-07-08,KXEURUSD,1226.94,853.25,72
2026-07-08,KXGOLDD,312137.17,153455.57,7014
2026-07-08,KXHYPE,4950.84,2348.77,261
2026-07-08,KXHYPE15M,1965497.79,949888.53,72772
2026-07-08,KXHYPED,26554.83,5886.12,485
2026-07-08,KXINX,48159.17,12241.34,1317
2026-07-08,KXINXU,1133464.03,624510.56,20525
2026-07-08,KXNASDAQ100,15226.15,3299.65,1325
2026-07-08,KXNASDAQ100U,93645.48,24841.28,2597
2026-07-08,KXNATGASD,100547.72,46384.79,2660
2026-07-08,KXNEAR15M,168307.92,74919.29,6764
2026-07-08,KXSHIBA,178.19,72.15,7
2026-07-08,KXSHIBAD,73.09,54.28,47
2026-07-08,KXSILVERD,111029.03,54367.27,2745
2026-07-08,KXSOL15M,1844703.52,867980.34,67244
2026-07-08,KXSOLD,716074.69,258185.57,9478
2026-07-08,KXSOLE,11631.19,4845.67,445
2026-07-08,KXUSDJPY,751.49,133.22,59
2026-07-08,KXUST10A,11398.23,8258.75,639
2026-07-08,KXUST2A,254.52,222.61,14
2026-07-08,KXUST30A,1008.92,544.91,70
2026-07-08,KXUST7A,25.0,24.75,1
2026-07-08,KXWTI,1296006.58,677521.47,17671
2026-07-08,KXXRP,5272.2,1932.52,446
2026-07-08,KXXRP15M,1615187.95,738922.22,62985
2026-07-08,KXXRPD,67371.15,19254.97,1407
2026-07-08,KXZEC15M,232795.29,107586.63,10064
2026-07-08,__TOTAL__,1049102103.2,299224626.35,6777059
2026-07-09,KXBNB,2436.42,1014.08,271
2026-07-09,KXBNB15M,1141575.01,535569.75,30343
2026-07-09,KXBNBD,6324.93,2319.57,474
2026-07-09,KXBRENTD,121592.34,53792.76,2173
2026-07-09,KXBTC,1256332.8,372901.39,18630
2026-07-09,KXBTC15M,121394088.31,62360190.54,1619510
2026-07-09,KXBTCD,44309249.34,22445025.54,449387
2026-07-09,KXCOPPERD,6163.26,3153.07,344
2026-07-09,KXDOGE,16177.19,1534.43,167
2026-07-09,KXDOGE15M,1399986.83,709654.98,41658
2026-07-09,KXDOGED,19632.56,2923.53,96
2026-07-09,KXETH,101022.63,42018.95,1782
2026-07-09,KXETH15M,6122804.14,3062747.48,201002
2026-07-09,KXETHD,847038.0,365229.72,11458
2026-07-09,KXEURUSD,1498.82,168.65,86
2026-07-09,KXGOLDD,118984.71,52450.9,2869
2026-07-09,KXGOLDH,0.15,0.09,1
2026-07-09,KXHYPE,3107.32,1127.04,134
2026-07-09,KXHYPE15M,2092864.25,1149126.9,68777
2026-07-09,KXHYPED,8934.86,3334.55,340
2026-07-09,KXINX,28562.16,9352.04,456
2026-07-09,KXINXU,913884.62,479027.94,10438
2026-07-09,KXNASDAQ100,25658.7,4661.4,214
2026-07-09,KXNASDAQ100U,64942.76,46165.06,1970
2026-07-09,KXNATGASD,102017.91,47419.03,2578
2026-07-09,KXNEAR15M,165501.8,81786.7,5973
2026-07-09,KXSHIBA,1572.52,309.95,19
2026-07-09,KXSHIBAD,417.28,60.2,5
2026-07-09,KXSILVERD,63008.55,31069.31,1376
2026-07-09,KXSOL15M,1711680.5,909991.44,61827
2026-07-09,KXSOLD,419924.78,150471.51,6763
2026-07-09,KXSOLE,13551.83,6603.87,613
2026-07-09,KXUSDJPY,1156.32,584.06,60
2026-07-09,KXUST10A,5861.1,4037.32,279
2026-07-09,KXUST2A,33.1,29.79,1
2026-07-09,KXUST30A,10105.44,9390.4,104
2026-07-09,KXUST5A,50.0,49.5,2
2026-07-09,KXUST7A,19.75,14.82,2
2026-07-09,KXWTI,592442.02,250472.43,8696
2026-07-09,KXXRP,4332.76,1988.6,344
2026-07-09,KXXRP15M,1744529.98,857513.22,62299
2026-07-09,KXXRPD,66002.12,13436.28,1328
2026-07-09,KXZEC15M,235461.06,124930.53,11241
2026-07-09,__TOTAL__,1316565638.78,362952065.36,7815940
2026-07-10,KXBNB,1700.27,910.32,203
2026-07-10,KXBNB15M,1297555.33,577051.14,35639
2026-07-10,KXBNBD,3267.93,1776.76,395
2026-07-10,KXBRENTD,14001.8,4315.41,336
2026-07-10,KXBTC,1652874.11,520993.7,24346
2026-07-10,KXBTC15M,126337658.63,61065183.63,1766851
2026-07-10,KXBTCD,50235683.52,24767824.89,484379
2026-07-10,KXCOPPERD,1971.13,809.47,36
2026-07-10,KXDOGE,3052.16,777.89,91
2026-07-10,KXDOGE15M,1643220.37,821928.06,52842
2026-07-10,KXDOGED,14588.19,1838.93,98
2026-07-10,KXETH,101657.43,43414.39,2065
2026-07-10,KXETH15M,6452992.3,3290894.26,207539
2026-07-10,KXETHD,1245816.93,499881.63,13837
2026-07-10,KXEURUSD,4177.81,187.99,178
2026-07-10,KXGOLDD,7625.75,4531.63,286
2026-07-10,KXGOLDH,4552.6,3052.08,129
2026-07-10,KXHYPE,6818.87,2449.17,181
2026-07-10,KXHYPE15M,2499656.01,1252153.83,79866
2026-07-10,KXHYPED,6611.32,2518.99,396
2026-07-10,KXINX,81368.72,34519.08,1124
2026-07-10,KXINXU,1451835.6,757746.67,13935
2026-07-10,KXNASDAQ100,7163.22,1211.02,269
2026-07-10,KXNASDAQ100U,191075.95,112986.59,5948
2026-07-10,KXNATGASD,4120.29,1159.52,182
2026-07-10,KXNEAR15M,208154.55,98228.02,7929
2026-07-10,KXSHIBA,2881.67,722.18,28
2026-07-10,KXSHIBAD,1213.65,452.41,14
2026-07-10,KXSILVERD,4183.0,2631.68,82
2026-07-10,KXSILVERH,4438.08,2714.86,104
2026-07-10,KXSOL15M,2064201.81,984440.48,66804
2026-07-10,KXSOLD,458574.6,149998.91,6675
2026-07-10,KXSOLE,11849.82,5178.86,521
2026-07-10,KXUSDJPY,2575.95,376.25,129
2026-07-10,KXUST10A,2973.05,518.79,105
2026-07-10,KXUST2A,659.25,564.05,30
2026-07-10,KXUST30A,1327.62,856.48,49
2026-07-10,KXUST5A,81.0,80.19,9
2026-07-10,KXUST7A,158.42,156.84,4
2026-07-10,KXWTI,461481.09,191728.06,7329
2026-07-10,KXXRP,3589.01,1595.5,327
2026-07-10,KXXRP15M,1791648.71,935225.77,63789
2026-07-10,KXXRPD,56622.81,26685.48,1211
2026-07-10,KXZEC15M,268600.66,134841.25,11800
2026-07-10,__TOTAL__,1360843487.75,383733753.01,8125212
2026-07-11,KXBNB,6823.38,3115.53,284
2026-07-11,KXBNB15M,1227514.59,666962.74,40263
2026-07-11,KXBNBD,4842.61,2478.8,291
2026-07-11,KXBRENTD,31316.21,16192.42,427
2026-07-11,KXBTC,1109678.34,366455.27,17455
2026-07-11,KXBTC15M,111662065.92,58808982.3,1796270
2026-07-11,KXBTCD,34705162.42,17571026.42,323591
2026-07-11,KXCOPPERD,1238.87,427.6,52
2026-07-11,KXDOGE,5947.33,2028.71,345
2026-07-11,KXDOGE15M,1576289.56,788795.91,53779
2026-07-11,KXDOGED,7278.12,3050.86,170
2026-07-11,KXETH,48942.84,19155.1,1341
2026-07-11,KXETH15M,6391876.07,3253118.27,223571
2026-07-11,KXETHD,1000922.61,367887.04,12223
2026-07-11,KXEURUSD,840.1,119.57,47
2026-07-11,KXGOLDD,6769.99,3909.72,182
2026-07-11,KXHYPE,4808.54,2185.06,129
2026-07-11,KXHYPE15M,2344629.54,1160738.91,80053
2026-07-11,KXHYPED,11493.87,4966.88,440
2026-07-11,KXINX,282.22,36.5,18
2026-07-11,KXINXU,4043.31,2945.89,199
2026-07-11,KXNASDAQ100,153.33,49.38,11
2026-07-11,KXNASDAQ100U,5409.63,4410.61,248
2026-07-11,KXNATGASD,671.7,372.52,92
2026-07-11,KXNEAR15M,157848.67,75593.54,6426
2026-07-11,KXSHIBA,15148.31,6061.84,29
2026-07-11,KXSHIBAD,100.0,1.0,1
2026-07-11,KXSILVERD,3747.11,2029.07,72
2026-07-11,KXSOL15M,1950085.3,988873.4,69050
2026-07-11,KXSOLD,553334.93,156143.67,7308
2026-07-11,KXSOLE,10727.1,4939.19,665
2026-07-11,KXUSDJPY,777.14,83.41,31
2026-07-11,KXWTI,139205.73,63703.87,1598
2026-07-11,KXXRP,4015.91,1206.61,265
2026-07-11,KXXRP15M,1705954.34,833307.14,66199
2026-07-11,KXXRPD,52055.37,14549.38,1013
2026-07-11,KXZEC15M,213818.45,113687.17,10282
2026-07-11,__TOTAL__,2128870147.74,582347445.52,12147402
2026-07-12,KXBNB,6858.12,275.85,146
2026-07-12,KXBNB15M,1270720.12,577432.48,41702
2026-07-12,KXBNBD,3682.02,463.37,192
2026-07-12,KXBRENTD,24989.5,14156.87,568
2026-07-12,KXBTC,913485.81,302349.08,17195
2026-07-12,KXBTC15M,122076414.98,53844342.39,1802257
2026-07-12,KXBTCD,40462034.0,19901226.49,414480
2026-07-12,KXCOPPERD,2013.6,713.7,134
2026-07-12,KXDOGE,5666.1,111.95,36
2026-07-12,KXDOGE15M,1461158.54,696369.02,48215
2026-07-12,KXDOGED,5094.65,926.99,59
2026-07-12,KXETH,35937.39,14797.81,1346
2026-07-12,KXETH15M,6947650.36,3130524.73,222828
2026-07-12,KXETHD,895558.52,363551.42,15316
2026-07-12,KXEURUSD,552.28,70.04,30
2026-07-12,KXGOLDD,32671.37,16402.24,913
2026-07-12,KXHYPE,11431.98,3290.0,212
2026-07-12,KXHYPE15M,2487903.9,1230381.37,88017
2026-07-12,KXHYPED,11315.45,5191.56,730
2026-07-12,KXINX,1055.88,226.28,91
2026-07-12,KXINXU,117470.21,24707.59,1528
2026-07-12,KXNASDAQ100,3379.55,303.26,15
2026-07-12,KXNASDAQ100U,22313.55,21192.86,206
2026-07-12,KXNATGASD,2353.47,796.96,123
2026-07-12,KXNEAR15M,184501.73,91365.3,7193
2026-07-12,KXSHIBA,8879.41,186.79,28
2026-07-12,KXSHIBAD,653.06,646.53,5
2026-07-12,KXSILVERD,17512.49,10360.16,550
2026-07-12,KXSOL15M,1818318.97,824859.7,68936
2026-07-12,KXSOLD,514580.67,148545.33,6757
2026-07-12,KXSOLE,11365.5,5822.97,465
2026-07-12,KXUSDJPY,720.14,62.73,42
2026-07-12,KXWTI,294083.03,145584.94,3757
2026-07-12,KXXRP,5862.59,2471.92,389
2026-07-12,KXXRP15M,1707917.27,728993.87,66698
2026-07-12,KXXRPD,51017.84,13381.01,1235
2026-07-12,KXZEC15M,258179.51,121960.12,11942
2026-07-12,__TOTAL__,945357031.0,305381804.11,7105406
2026-07-13,KXBNB,2692.21,1280.02,287
2026-07-13,KXBNB15M,1152991.3,535660.44,38947
2026-07-13,KXBNBD,5193.63,2215.17,355
2026-07-13,KXBRENTD,251065.67,146994.19,5966
2026-07-13,KXBTC,1172936.41,359738.41,18947
2026-07-13,KXBTC15M,139531739.86,68190064.7,2021773
2026-07-13,KXBTCD,49681233.79,24942857.98,493715
2026-07-13,KXCOPPERD,8808.87,2691.29,350
2026-07-13,KXDOGE,3968.31,1016.7,84
2026-07-13,KXDOGE15M,1762824.42,840840.0,55945
2026-07-13,KXDOGED,8342.56,2214.06,72
2026-07-13,KXETH,70732.12,34373.94,1775
2026-07-13,KXETH15M,6947732.01,3324554.95,247336
2026-07-13,KXETHD,1005383.06,412480.5,15527
2026-07-13,KXEURUSD,5944.53,371.54,270
2026-07-13,KXGOLDD,296890.16,147631.8,6470
2026-07-13,KXGOLDH,7724.05,3781.27,321
2026-07-13,KXHYPE,7468.0,2056.13,167
2026-07-13,KXHYPE15M,2607662.17,1266853.27,93202
2026-07-13,KXHYPED,8893.83,3627.04,752
2026-07-13,KXINX,45403.77,12065.8,793
2026-07-13,KXINXU,1155633.23,555234.12,16103
2026-07-13,KXNASDAQ100,57413.85,23015.34,423
2026-07-13,KXNASDAQ100U,118011.75,62081.08,2166
2026-07-13,KXNATGASD,135897.52,63665.09,2887
2026-07-13,KXNEAR15M,203146.51,99003.55,8711
2026-07-13,KXSHIBA,9521.04,6071.16,15
2026-07-13,KXSHIBAD,1558.81,178.59,4
2026-07-13,KXSILVERD,147419.63,71679.92,2720
2026-07-13,KXSILVERH,4818.12,2158.29,193
2026-07-13,KXSOL15M,2040796.06,962109.08,71479
2026-07-13,KXSOLD,403616.86,132369.51,7440
2026-07-13,KXSOLE,11461.32,6027.66,330
2026-07-13,KXUSDJPY,5720.03,274.17,330
2026-07-13,KXWTI,935717.35,513853.55,15685
2026-07-13,KXWTIH,2409.46,1066.03,112
2026-07-13,KXXRP,6490.04,2207.72,462
2026-07-13,KXXRP15M,1816729.19,836750.87,71384
2026-07-13,KXXRPD,48171.74,22285.6,1283
2026-07-13,KXZEC15M,338634.89,147077.34,17014
2026-07-13,__TOTAL__,783770650.49,291052874.95,6982220
2026-07-14,KXBNB,1657.06,763.6,208
2026-07-14,KXBNB15M,1414867.84,700155.72,44938
2026-07-14,KXBNBD,4894.76,2342.97,393
2026-07-14,KXBRENTD,201227.57,107035.19,4150
2026-07-14,KXBTC,1447456.36,414637.79,21391
2026-07-14,KXBTC15M,139727610.66,69196596.26,2080554
2026-07-14,KXBTCD,54090534.21,26555925.84,522891
2026-07-14,KXCOPPERD,9301.85,5732.16,472
2026-07-14,KXDJI,268.97,136.16,32
2026-07-14,KXDOGE,8201.06,2862.78,195
2026-07-14,KXDOGE15M,1943343.18,1009298.06,57891
2026-07-14,KXDOGED,17362.69,3685.7,167
2026-07-14,KXETH,147339.88,69463.58,2216
2026-07-14,KXETH15M,7306172.01,3596256.6,262883
2026-07-14,KXETHD,1478622.66,572959.02,16562
2026-07-14,KXEURUSD,2505.44,533.86,175
2026-07-14,KXGOLDD,239245.61,119479.7,5228
2026-07-14,KXGOLDH,133382.09,77095.79,3861
2026-07-14,KXHYPE,18756.01,7886.08,298
2026-07-14,KXHYPE15M,2804918.41,1480153.94,90110
2026-07-14,KXHYPED,21897.4,9159.04,854
2026-07-14,KXINX,132396.72,51827.2,819
2026-07-14,KXINXU,1928308.29,979452.92,14010
2026-07-14,KXNASDAQ100,135813.26,39707.74,567
2026-07-14,KXNASDAQ100U,131366.94,71217.71,2513
2026-07-14,KXNATGASD,139945.05,59490.83,2612
2026-07-14,KXNEAR15M,283652.16,136435.66,11133
2026-07-14,KXSHIBA,2078.32,134.82,11
2026-07-14,KXSHIBAD,1342.07,102.42,4
2026-07-14,KXSILVERD,133014.09,70304.84,2500
2026-07-14,KXSILVERH,161569.78,95943.87,2582
2026-07-14,KXSOL15M,2438231.04,1214235.97,75486
2026-07-14,KXSOLD,437885.17,147981.31,6626
2026-07-14,KXSOLE,15455.7,8263.3,488
2026-07-14,KXUSDJPY,4045.5,748.59,263
2026-07-14,KXUST10A,86.0,84.94,3
2026-07-14,KXUST2A,170.0,168.1,4
2026-07-14,KXUST30A,10.0,9.7,1
2026-07-14,KXUST5A,61.0,60.29,3
2026-07-14,KXUST7A,115.0,113.75,5
2026-07-14,KXWTI,540398.72,288338.48,10010
2026-07-14,KXWTIH,65525.44,34027.81,1937
2026-07-14,KXXRP,7526.78,3008.73,367
2026-07-14,KXXRP15M,1656810.44,807865.09,67556
2026-07-14,KXXRPD,71525.9,22562.63,1509
2026-07-14,KXZEC15M,331215.01,166148.51,12772
2026-07-14,__TOTAL__,1304939356.46,422045290.28,8632138
2026-07-15,KXBNB,19457.31,9347.9,582
2026-07-15,KXBNB15M,1612123.61,869191.33,48179
2026-07-15,KXBNBD,23569.62,11519.71,627
2026-07-15,KXBRENTD,183592.24,84096.8,2842
2026-07-15,KXBTC,1521830.11,445926.22,24195
2026-07-15,KXBTC15M,146454821.92,75100135.07,2130250
2026-07-15,KXBTCD,50366862.94,24219489.52,476639
2026-07-15,KXCOPPERD,44564.39,28538.62,728
2026-07-15,KXDJI,11557.81,8180.88,843
2026-07-15,KXDOGE,15069.96,6612.64,321
2026-07-15,KXDOGE15M,1764888.43,841872.35,58537
2026-07-15,KXDOGED,14551.83,3232.16,207
2026-07-15,KXETH,141534.93,63821.56,2172
2026-07-15,KXETH15M,6790556.45,3524304.02,241416
2026-07-15,KXETHD,1303403.6,493891.81,14247
2026-07-15,KXEURUSD,5144.59,246.23,203
2026-07-15,KXGOLDD,216468.93,127534.01,4237
2026-07-15,KXGOLDH,289736.89,166432.45,8514
2026-07-15,KXHYPE,26765.84,12666.86,498
2026-07-15,KXHYPE15M,2635016.51,1241197.06,84859
2026-07-15,KXHYPED,35476.77,18689.14,1052
2026-07-15,KXINX,57879.62,20837.88,802
2026-07-15,KXINXU,1031905.03,517504.64,10387
2026-07-15,KXNASDAQ100,247559.17,52620.16,740
2026-07-15,KXNASDAQ100U,249474.03,111081.45,3701
2026-07-15,KXNATGASD,108078.03,38279.12,2232
2026-07-15,KXNEAR15M,324765.87,173782.79,11243
2026-07-15,KXSHIBA,2504.98,212.59,20
2026-07-15,KXSHIBAD,27.25,26.11,2
2026-07-15,KXSILVERD,104596.55,51370.21,1708
2026-07-15,KXSILVERH,385367.53,172834.26,6606
2026-07-15,KXSOL15M,2241929.59,1127458.95,80055
2026-07-15,KXSOLD,535776.09,172581.8,7584
2026-07-15,KXSOLE,37846.05,18325.38,880
2026-07-15,KXUSDJPY,11500.0,415.29,588
2026-07-15,KXUST10A,29.0,4.38,4
2026-07-15,KXUST2A,100.0,90.0,2
2026-07-15,KXUST30A,432.0,201.42,15
2026-07-15,KXWTI,516532.82,239528.26,8168
2026-07-15,KXWTIH,229615.14,101875.23,6020
2026-07-15,KXXRP,12833.17,5581.55,573
2026-07-15,KXXRP15M,1928493.35,1043828.73,77579
2026-07-15,KXXRPD,91552.98,21327.97,1706
2026-07-15,KXZEC15M,328615.66,174299.62,14603
2026-07-15,__TOTAL__,1286011771.87,422733994.94,8848248
2026-07-16,KXBNB,22076.42,10621.92,515
2026-07-16,KXBNB15M,1275478.13,576589.11,44170
2026-07-16,KXBNBD,25470.86,12889.55,632
2026-07-16,KXBRENTD,109081.94,54581.41,1799
2026-07-16,KXBTC,1411846.69,391803.78,21572
2026-07-16,KXBTC15M,141144147.62,65647671.53,2068855
2026-07-16,KXBTCD,44734921.72,22320985.87,437188
2026-07-16,KXCOPPERD,24575.46,12140.63,994
2026-07-16,KXDJI,791.79,370.23,86
2026-07-16,KXDOGE,9819.97,1383.63,122
2026-07-16,KXDOGE15M,1637059.89,770103.29,53220
2026-07-16,KXDOGED,6879.15,444.31,122
2026-07-16,KXETH,122665.27,53143.47,1973
2026-07-16,KXETH15M,7278784.71,3497323.41,246431
2026-07-16,KXETHD,969018.61,392604.72,11958
2026-07-16,KXEURUSD,3036.94,573.96,197
2026-07-16,KXGOLDD,113879.06,54010.65,3402
2026-07-16,KXGOLDH,402806.13,245984.11,9496
2026-07-16,KXHYPE,29154.42,13733.41,532
2026-07-16,KXHYPE15M,2511780.91,1323971.36,86542
2026-07-16,KXHYPED,44663.93,21200.43,1435
2026-07-16,KXINX,129302.02,35532.38,984
2026-07-16,KXINXU,1573739.54,783795.91,12102
2026-07-16,KXNASDAQ100,114370.58,27438.81,733
2026-07-16,KXNASDAQ100U,291753.01,133727.03,3308
2026-07-16,KXNATGASD,310044.3,133590.05,4336
2026-07-16,KXNEAR15M,271128.75,128720.25,9717
2026-07-16,KXSHIBA,4069.57,398.67,24
2026-07-16,KXSHIBAD,2015.63,1760.94,2
2026-07-16,KXSILVERD,38443.29,16833.24,1580
2026-07-16,KXSILVERH,333576.0,189749.12,5529
2026-07-16,KXSOL15M,1797870.24,909166.55,73152
2026-07-16,KXSOLD,321050.85,114059.94,4438
2026-07-16,KXSOLE,23837.87,12059.79,443
2026-07-16,KXUSDJPY,4562.7,585.64,236
2026-07-16,KXUST10A,1909.47,1096.88,55
2026-07-16,KXUST2A,491.0,266.71,38
2026-07-16,KXUST30A,1016.46,437.94,27
2026-07-16,KXUST5A,710.2,561.24,29
2026-07-16,KXUST7A,921.0,462.16,46
2026-07-16,KXWTI,513365.23,248938.8,10444
2026-07-16,KXWTIH,220481.0,120307.57,4577
2026-07-16,KXXRP,9504.75,4069.23,374
2026-07-16,KXXRP15M,2176143.36,1056364.65,86761
2026-07-16,KXXRPD,66208.62,20192.16,1573
2026-07-16,KXZEC15M,350970.97,168239.32,17829
2026-07-16,__TOTAL__,865658775.71,303734564.25,7044696
2026-07-17,KXBNB,14817.46,7084.94,391
2026-07-17,KXBNB15M,1247165.76,595099.42,37956
2026-07-17,KXBNBD,16722.14,7087.47,442
2026-07-17,KXBRENTD,21084.72,12044.0,291
2026-07-17,KXBTC,1508701.06,484578.37,28624
2026-07-17,KXBTC15M,146226275.61,69140307.18,2179706
2026-07-17,KXBTCD,49393976.34,25110754.27,482144
2026-07-17,KXCOPPERD,17405.16,16107.12,112
2026-07-17,KXDJI,2401.8,1606.4,154
2026-07-17,KXDOGE,3304.49,536.09,75
2026-07-17,KXDOGE15M,1783832.69,846142.89,55195
2026-07-17,KXDOGED,7205.64,2150.15,108
2026-07-17,KXETH,123201.47,56837.1,1900
2026-07-17,KXETH15M,7904107.49,3690963.63,267957
2026-07-17,KXETHD,1204509.2,464453.19,13641
2026-07-17,KXEURUSD,8394.49,472.43,308
2026-07-17,KXGOLDD,10700.42,5819.66,205
2026-07-17,KXGOLDH,286142.91,177523.91,7111
2026-07-17,KXHYPE,14784.63,6692.67,306
2026-07-17,KXHYPE15M,3092925.24,1433881.12,98889
2026-07-17,KXHYPED,19223.84,9976.24,1070
2026-07-17,KXINX,41157.93,9877.3,946
2026-07-17,KXINXU,1276807.66,720607.75,11865
2026-07-17,KXNASDAQ100,21371.71,3592.0,376
2026-07-17,KXNASDAQ100U,505731.46,152598.87,3446
2026-07-17,KXNATGASD,5463.78,2871.31,223
2026-07-17,KXNEAR15M,279669.45,125756.91,9551
2026-07-17,KXSHIBA,3015.91,2247.6,17
2026-07-17,KXSHIBAD,3607.81,3543.73,7
2026-07-17,KXSILVERD,10033.22,6076.55,220
2026-07-17,KXSILVERH,267093.63,176352.22,4953
2026-07-17,KXSOL15M,1908445.29,939761.83,76221
2026-07-17,KXSOLD,405175.55,147234.51,7065
2026-07-17,KXSOLE,23800.04,12396.79,763
2026-07-17,KXUSDJPY,9900.33,594.66,364
2026-07-17,KXUST10A,4092.89,1465.36,116
2026-07-17,KXUST2A,2268.0,1629.27,59
2026-07-17,KXUST30A,3191.98,1883.41,79
2026-07-17,KXUST5A,1875.0,944.84,38
2026-07-17,KXUST7A,3955.17,1475.67,92
2026-07-17,KXWTI,478812.32,273897.62,11101
2026-07-17,KXWTIH,57838.68,29250.6,2990
2026-07-17,KXXRP,10385.6,3714.37,493
2026-07-17,KXXRP15M,2009337.92,909183.79,77050
2026-07-17,KXXRPD,53161.19,24015.92,1787
2026-07-17,KXZEC15M,344235.52,157467.95,15748
2026-07-17,__TOTAL__,1180915755.23,361204153.49,7842182
2026-07-18,KXBNB,2185.71,756.15,186
2026-07-18,KXBNB15M,1307643.35,696289.61,42366
2026-07-18,KXBNBD,4541.93,2329.04,393
2026-07-18,KXBRENTD,26943.1,14212.36,444
2026-07-18,KXBTC,1434914.51,542913.58,29077
2026-07-18,KXBTC15M,130930009.58,68275265.4,2153155
2026-07-18,KXBTCD,32290336.77,15754313.97,337732
2026-07-18,KXCOPPERD,1773.19,1358.18,66
2026-07-18,KXDOGE,4617.56,969.27,124
2026-07-18,KXDOGE15M,1834444.41,903177.3,60053
2026-07-18,KXDOGED,6521.1,3081.18,267
2026-07-18,KXETH,45199.78,18738.43,3404
2026-07-18,KXETH15M,8110797.11,4199073.28,262086
2026-07-18,KXETHD,936884.76,427039.08,23586
2026-07-18,KXEURUSD,523.98,66.86,33
2026-07-18,KXGOLDD,7000.8,3537.08,177
2026-07-18,KXHYPE,3975.06,1540.88,146
2026-07-18,KXHYPE15M,2465669.25,1295915.69,86933
2026-07-18,KXHYPED,12210.41,6482.9,1203
2026-07-18,KXINX,3811.71,326.01,91
2026-07-18,KXINXU,2446.36,1768.24,197
2026-07-18,KXNASDAQ100,23.48,1.88,1
2026-07-18,KXNASDAQ100U,1116.05,855.01,39
2026-07-18,KXNATGASD,4103.14,2254.4,84
2026-07-18,KXNEAR15M,303270.81,137664.97,11009
2026-07-18,KXSHIBA,483.43,216.97,18
2026-07-18,KXSHIBAD,755.33,690.45,12
2026-07-18,KXSILVERD,2445.51,1184.39,88
2026-07-18,KXSOL15M,1764653.09,942828.86,79016
2026-07-18,KXSOLD,345174.65,164228.83,9039
2026-07-18,KXSOLE,2694.9,1358.05,295
2026-07-18,KXUSDJPY,1018.51,83.89,80
2026-07-18,KXUST10A,714.34,554.58,19
2026-07-18,KXUST2A,100.0,85.0,2
2026-07-18,KXUST30A,986.88,627.41,25
2026-07-18,KXUST5A,400.0,314.0,8
2026-07-18,KXUST7A,309.48,268.84,8
2026-07-18,KXWTI,134371.13,88293.1,1652
2026-07-18,KXXRP,26403.16,1458.7,220
2026-07-18,KXXRP15M,1783134.42,914831.06,72714
2026-07-18,KXXRPD,36852.15,10692.33,1461
2026-07-18,KXZEC15M,357902.95,179873.71,14963
2026-07-18,__TOTAL__,1797351857.47,508179483.18,10231762
2026-07-19,KXBNB,2348.96,634.71,260
2026-07-19,KXBNB15M,1191279.17,572316.18,37428
2026-07-19,KXBNBD,2605.85,853.52,481
2026-07-19,KXBRENTD,44116.99,24483.63,733
2026-07-19,KXBTC,1283832.73,434750.91,28486
2026-07-19,KXBTC15M,140454925.5,67200811.12,1989455
2026-07-19,KXBTCD,38554473.83,18944671.64,400788
2026-07-19,KXCOPPERD,4957.99,3712.05,137
2026-07-19,KXDOGE,14709.93,578.61,225
2026-07-19,KXDOGE15M,1889685.31,1015742.14,56607
2026-07-19,KXDOGED,12798.5,4086.76,409
2026-07-19,KXETH,27078.48,8099.46,2530
2026-07-19,KXETH15M,7020608.23,3479332.4,257438
2026-07-19,KXETHD,933948.94,441701.03,30246
2026-07-19,KXEURUSD,475.53,31.54,32
2026-07-19,KXGOLDD,28521.66,14900.53,692
2026-07-19,KXGOLDH,91775.02,52449.52,3861
2026-07-19,KXHYPE,11683.54,1476.1,242
2026-07-19,KXHYPE15M,3175086.1,1645328.72,107454
2026-07-19,KXHYPED,9709.47,2936.37,1116
2026-07-19,KXINX,10293.26,723.34,464
2026-07-19,KXINXU,47845.43,25641.91,1359
2026-07-19,KXNASDAQ100,1.0,0.08,1
2026-07-19,KXNASDAQ100U,7086.46,3793.7,295
2026-07-19,KXNATGASD,12034.91,6302.29,359
2026-07-19,KXNEAR15M,360189.85,152269.48,12642
2026-07-19,KXSHIBA,1176.51,311.59,13
2026-07-19,KXSHIBAD,369.62,304.2,16
2026-07-19,KXSILVERD,14281.58,6066.74,356
2026-07-19,KXSILVERH,29071.02,17980.31,1298
2026-07-19,KXSOL15M,2026622.12,989324.82,88349
2026-07-19,KXSOLD,357630.74,147373.51,10367
2026-07-19,KXSOLE,1964.43,545.99,136
2026-07-19,KXUSDJPY,1090.71,127.85,108
2026-07-19,KXUST10A,569.51,404.51,23
2026-07-19,KXUST2A,217.67,112.48,9
2026-07-19,KXUST30A,439.83,259.99,28
2026-07-19,KXUST5A,306.68,108.05,13
2026-07-19,KXUST7A,341.63,205.04,14
2026-07-19,KXWTI,237272.53,146020.34,3900
2026-07-19,KXWTIH,36471.85,18381.99,2070
2026-07-19,KXXRP,10483.26,2918.61,595
2026-07-19,KXXRP15M,2054764.54,988756.14,81357
2026-07-19,KXXRPD,45702.18,9216.23,2549
2026-07-19,KXZEC15M,365766.75,177740.77,14499
2026-07-19,__TOTAL__,1901843181.85,503306388.52,10726810
2026-07-20,KXBNB,1138.91,543.75,361
2026-07-20,KXBNB15M,1251408.85,653680.1,39541
2026-07-20,KXBNBD,4950.43,1713.77,849
2026-07-20,KXBRENTD,209975.55,102521.14,4623
2026-07-20,KXBTC,1373536.99,402026.84,25600
2026-07-20,KXBTC15M,157556161.3,79661388.72,2256026
2026-07-20,KXBTCD,50138915.21,25427322.2,475665
2026-07-20,KXCOPPERD,69045.92,53505.03,1082
2026-07-20,KXDJI,124.47,78.23,7
2026-07-20,KXDOGE,6446.5,2163.26,258
2026-07-20,KXDOGE15M,2167670.68,1143704.92,74024
2026-07-20,KXDOGED,8054.76,2423.21,141
2026-07-20,KXETH,99278.73,31060.52,3129
2026-07-20,KXETH15M,8858564.67,4660397.72,318864
2026-07-20,KXETHD,1717557.39,822340.25,32055
2026-07-20,KXEURUSD,6279.54,439.35,245
2026-07-20,KXGOLDD,155899.2,82257.65,3779
2026-07-20,KXGOLDH,375813.26,210726.5,13875
2026-07-20,KXHYPE,6170.72,1016.14,226
2026-07-20,KXHYPE15M,3127478.8,1588893.29,107962
2026-07-20,KXHYPED,9372.88,4809.04,1078
2026-07-20,KXINX,68693.65,17690.96,995
2026-07-20,KXINXU,1405056.59,656610.62,13826
2026-07-20,KXNASDAQ100,36312.02,14698.4,326
2026-07-20,KXNASDAQ100U,663528.26,346626.7,6135
2026-07-20,KXNATGASD,130706.63,46253.84,2926
2026-07-20,KXNEAR15M,341779.34,185238.77,13162
2026-07-20,KXSHIBA,891.06,513.22,26
2026-07-20,KXSHIBAD,210.01,106.42,6
2026-07-20,KXSILVERD,104083.74,61749.85,1751
2026-07-20,KXSILVERH,194126.53,114153.42,6451
2026-07-20,KXSOL15M,2558700.32,1357489.96,100124
2026-07-20,KXSOLD,421061.63,205998.36,10479
2026-07-20,KXSOLE,1713.51,655.85,160
2026-07-20,KXUSDJPY,11860.77,713.36,492
2026-07-20,KXUST10A,624.67,262.37,45
2026-07-20,KXUST2A,224.6,158.0,9
2026-07-20,KXUST30A,367.85,112.29,15
2026-07-20,KXUST5A,173.91,111.96,13
2026-07-20,KXUST7A,261.46,218.91,18
2026-07-20,KXWTI,736313.74,362355.62,14415
2026-07-20,KXWTIH,297402.18,151845.1,12482
2026-07-20,KXXRP,6472.9,2491.34,774
2026-07-20,KXXRP15M,2072182.46,1049750.94,82668
2026-07-20,KXXRPD,57674.34,19602.51,3012
2026-07-20,KXZEC15M,356011.69,171921.36,14729
2026-07-20,__TOTAL__,1004936078.09,323184971.27,7385973
2026-07-21,KXBNB,6687.78,3082.06,817
2026-07-21,KXBNB15M,1322536.39,645670.06,47229
2026-07-21,KXBNBD,7089.15,2696.52,1279
2026-07-21,KXBRENTD,179865.88,100688.43,3530
2026-07-21,KXBTC,1615255.44,491171.04,26378
2026-07-21,KXBTC15M,164532899.56,80265470.91,2353115
2026-07-21,KXBTCD,51298018.55,25670469.71,479972
2026-07-21,KXCOPPERD,86936.11,49670.2,1580
2026-07-21,KXDJI,1322.97,1033.57,110
2026-07-21,KXDOGE,20097.02,1062.16,241
2026-07-21,KXDOGE15M,2321573.71,1156790.27,84259
2026-07-21,KXDOGED,6437.39,1568.31,209
2026-07-21,KXETH,217984.56,74396.55,4538
2026-07-21,KXETH15M,10552482.92,5159998.92,357679
2026-07-21,KXETHD,1830861.66,831720.25,32960
2026-07-21,KXEURUSD,6569.84,512.82,282
2026-07-21,KXGOLDD,171347.42,90419.86,4154
2026-07-21,KXGOLDH,380777.39,238099.15,11443
2026-07-21,KXHYPE,5580.91,1138.53,244
2026-07-21,KXHYPE15M,2851213.09,1403630.01,106879
2026-07-21,KXHYPED,13451.01,5969.95,1238
2026-07-21,KXINX,52895.73,20269.6,476
2026-07-21,KXINXU,1325060.87,748166.62,9690
2026-07-21,KXNASDAQ100,87933.12,32519.68,363
2026-07-21,KXNASDAQ100U,589721.44,264523.91,4401
2026-07-21,KXNATGASD,127135.46,62170.76,2768
2026-07-21,KXNEAR15M,337524.14,148731.29,12771
2026-07-21,KXSHIBA,322.61,89.32,6
2026-07-21,KXSHIBAD,554.93,303.81,11
2026-07-21,KXSILVERD,79803.49,40564.42,1745
2026-07-21,KXSILVERH,228683.71,161056.99,5610
2026-07-21,KXSOL15M,2709753.09,1343587.39,113798
2026-07-21,KXSOLD,321991.94,148176.75,9510
2026-07-21,KXSOLE,2122.47,729.76,124
2026-07-21,KXUSDJPY,5247.38,1042.57,343
2026-07-21,KXUST10A,303.16,114.32,14
2026-07-21,KXUST2A,439.0,204.2,12
2026-07-21,KXUST30A,254.14,110.35,9
2026-07-21,KXUST5A,444.0,265.71,13
2026-07-21,KXUST7A,710.99,427.96,40
2026-07-21,KXWTI,667464.53,401680.28,12143
2026-07-21,KXWTIH,319670.03,174724.37,11660
2026-07-21,KXXRP,13783.4,6294.09,1338
2026-07-21,KXXRP15M,2605871.34,1270387.91,106562
2026-07-21,KXXRPD,85764.09,25108.66,3899
2026-07-21,KXZEC15M,371521.02,172996.63,12881
2026-07-21,__TOTAL__,1133187252.98,360666651.87,7955201
2026-07-22,KXBNB,1650.21,858.3,528
2026-07-22,KXBNB15M,1193926.56,606963.06,42365
2026-07-22,KXBNBD,4498.05,1709.89,711
2026-07-22,KXBRENTD,265068.69,144512.58,4311
2026-07-22,KXBTC,1414654.22,441737.5,24258
2026-07-22,KXBTC15M,148544603.67,69946488.54,2022947
2026-07-22,KXBTCD,44177429.96,21919522.49,425745
2026-07-22,KXCOPPERD,64157.59,10658.88,1016
2026-07-22,KXDJI,2099.78,1352.88,180
2026-07-22,KXDOGE,16747.74,5420.32,403
2026-07-22,KXDOGE15M,1991028.37,947451.66,76859
2026-07-22,KXDOGED,8652.73,3546.22,193
2026-07-22,KXETH,261556.48,92052.93,5407
2026-07-22,KXETH15M,8512309.14,4218240.91,281829
2026-07-22,KXETHD,1534698.88,756177.13,30264
2026-07-22,KXEURUSD,6330.64,1232.13,200
2026-07-22,KXGOLDD,157699.5,90944.89,3876
2026-07-22,KXGOLDH,328477.51,190811.83,11236
2026-07-22,KXHYPE,4590.61,1233.44,259
2026-07-22,KXHYPE15M,2851054.49,1367342.08,104316
2026-07-22,KXHYPED,15141.55,6404.69,1377
2026-07-22,KXINX,92953.05,38570.47,606
2026-07-22,KXINXU,1658044.89,761785.51,11233
2026-07-22,KXNASDAQ100,183834.97,65449.69,568
2026-07-22,KXNASDAQ100U,1347760.98,557703.27,5208
2026-07-22,KXNATGASD,81820.0,28072.11,1591
2026-07-22,KXNEAR15M,321988.07,149843.38,13204
2026-07-22,KXSHIBA,1189.73,43.45,11
2026-07-22,KXSHIBAD,392.88,150.43,10
2026-07-22,KXSILVERD,137838.7,59715.67,2183
2026-07-22,KXSILVERH,186012.11,101747.84,5775
2026-07-22,KXSOL15M,2448989.68,1154875.55,104936
2026-07-22,KXSOLD,404297.7,178963.58,10258
2026-07-22,KXSOLE,1242.4,534.78,77
2026-07-22,KXUSDJPY,4687.69,759.3,242
2026-07-22,KXUST10A,594.3,554.91,23
2026-07-22,KXUST2A,1171.0,570.71,53
2026-07-22,KXUST30A,402.02,243.63,26
2026-07-22,KXUST5A,1138.0,601.63,47
2026-07-22,KXUST7A,985.15,446.93,61
2026-07-22,KXWTI,619592.91,348452.52,12967
2026-07-22,KXWTIH,336824.69,171153.58,14121
2026-07-22,KXXRP,14736.27,7211.36,1752
2026-07-22,KXXRP15M,2012094.14,1028943.08,90006
2026-07-22,KXXRPD,86421.46,32404.66,3525
2026-07-22,KXZEC15M,306235.6,128989.16,12515
2026-07-22,__TOTAL__,1272757746.85,386556936.22,8509310
2026-07-23,KXBNB,2208.78,990.36,339
2026-07-23,KXBNB15M,1188068.91,568630.1,39553
2026-07-23,KXBNBD,2611.11,638.78,411
2026-07-23,KXBRENTD,311788.53,181413.6,5214
2026-07-23,KXBTC,1093383.54,335103.49,19581
2026-07-23,KXBTC15M,158973138.48,79536019.38,2098100
2026-07-23,KXBTCD,39027291.38,19579441.05,381583
2026-07-23,KXCOPPERD,33449.92,9794.38,884
2026-07-23,KXDJI,3582.52,1649.23,210
2026-07-23,KXDOGE,13287.96,3924.58,696
2026-07-23,KXDOGE15M,2124494.61,1027547.42,82159
2026-07-23,KXDOGED,14490.58,9789.28,549
2026-07-23,KXETH,262295.0,77271.64,4910
2026-07-23,KXETH15M,8658919.45,4130290.51,257184
2026-07-23,KXETHD,1518658.63,715536.79,26577
2026-07-23,KXEURUSD,1840.97,332.41,107
2026-07-23,KXGOLDD,107336.62,45492.94,2813
2026-07-23,KXGOLDH,342241.0,161927.76,12550
2026-07-23,KXHYPE,3265.94,910.08,210
2026-07-23,KXHYPE15M,2380138.24,1163134.56,89727
2026-07-23,KXHYPED,5384.04,1693.75,563
2026-07-23,KXINX,83401.18,10304.05,1634
2026-07-23,KXINXU,1614138.83,758323.87,14405
2026-07-23,KXNASDAQ100,47542.89,4233.62,474
2026-07-23,KXNASDAQ100U,887761.64,433954.72,3728
2026-07-23,KXNATGASD,88931.62,37171.59,2131
2026-07-23,KXNEAR15M,277052.9,140894.88,9020
2026-07-23,KXSHIBA,1076.69,55.41,4
2026-07-23,KXSHIBAD,370.49,301.26,5
2026-07-23,KXSILVERD,65131.14,16468.19,1380
2026-07-23,KXSILVERH,164596.6,74395.7,6811
2026-07-23,KXSOL15M,2032413.61,918987.56,94435
2026-07-23,KXSOLD,338719.38,143724.51,9324
2026-07-23,KXSOLE,51817.78,16002.46,1752
2026-07-23,KXUSDJPY,6954.75,1108.19,344
2026-07-23,KXUST10A,2323.54,1582.51,85
2026-07-23,KXUST2A,1740.64,1408.96,46
2026-07-23,KXUST30A,4076.35,2472.36,117
2026-07-23,KXUST5A,1462.76,416.13,72
2026-07-23,KXUST7A,283.68,148.15,34
2026-07-23,KXWTI,714654.69,466824.92,14522
2026-07-23,KXWTIH,299231.64,163786.6,13520
2026-07-23,KXXRP,4386.82,1428.73,847
2026-07-23,KXXRP15M,2325832.15,1080206.3,93796
2026-07-23,KXXRPD,34742.85,10320.07,1696
2026-07-23,KXZEC15M,296545.79,148948.29,12885
2026-07-23,__TOTAL__,943581437.66,329977345.52,7445641
2026-07-24,KXBNB,997.38,462.29,209
2026-07-24,KXBNB15M,1479241.79,707168.11,47360
2026-07-24,KXBNBD,3955.57,2305.86,381
2026-07-24,KXBRENTD,32650.09,10317.41,503
2026-07-24,KXBTC,1343790.2,469140.67,22043
2026-07-24,KXBTC15M,163852272.89,78422393.01,2277812
2026-07-24,KXBTCD,40628701.08,20134678.07,387766
2026-07-24,KXCOPPERD,1647.05,1504.69,21
2026-07-24,KXDJI,9135.55,7417.05,493
2026-07-24,KXDOGE,5592.4,1893.4,416
2026-07-24,KXDOGE15M,2473948.17,1232347.39,92186
2026-07-24,KXDOGED,9794.03,3554.15,524
2026-07-24,KXETH,680365.82,108813.25,8333
2026-07-24,KXETH15M,10084087.91,4720129.22,289438
2026-07-24,KXETHD,1971576.56,893535.34,31238
2026-07-24,KXEURUSD,5948.92,587.07,254
2026-07-24,KXGOLDD,16100.5,8280.1,247
2026-07-24,KXGOLDH,311798.79,157606.0,10571
2026-07-24,KXHYPE,3910.61,1761.09,195
2026-07-24,KXHYPE15M,2802634.67,1404489.16,98801
2026-07-24,KXHYPED,7235.2,2806.99,407
2026-07-24,KXINX,99043.91,21315.9,1029
2026-07-24,KXINXU,1757306.46,755423.8,16992
2026-07-24,KXNASDAQ100,49382.28,14857.74,583
2026-07-24,KXNASDAQ100U,1078995.52,473006.19,4271
2026-07-24,KXNATGASD,2374.51,815.96,155
2026-07-24,KXNEAR15M,351202.57,161462.73,13542
2026-07-24,KXSHIBA,280.54,2.81,2
2026-07-24,KXSHIBAD,442.33,437.91,3
2026-07-24,KXSILVERD,8014.69,3468.58,145
2026-07-24,KXSILVERH,175514.43,85189.62,5673
2026-07-24,KXSOL15M,2918304.65,1373536.94,124586
2026-07-24,KXSOLD,352995.82,144919.35,10005
2026-07-24,KXSOLE,35130.43,10088.65,1245
2026-07-24,KXUSDJPY,2358.2,448.83,185
2026-07-24,KXUST10A,4409.25,2842.24,152
2026-07-24,KXUST2A,1472.15,1068.49,49
2026-07-24,KXUST30A,890.49,625.69,50
2026-07-24,KXUST5A,749.38,381.88,28
2026-07-24,KXUST7A,1563.0,402.19,27
2026-07-24,KXWTI,566696.88,255408.94,11961
2026-07-24,KXWTIH,668111.11,302885.69,21291
2026-07-24,KXXRP,4429.11,589.48,382
2026-07-24,KXXRP15M,2661954.17,1255742.89,102222
2026-07-24,KXXRPD,23963.48,10170.97,1245
2026-07-24,KXZEC15M,302434.0,140042.84,13927
2026-07-24,__TOTAL__,1212268254.53,365957970.1,8381010
2026-07-25,KXBNB,6617.99,618.26,305
2026-07-25,KXBNB15M,1555640.2,767453.41,67708
2026-07-25,KXBNBD,1729.06,593.41,302
2026-07-25,KXBRENTD,46313.64,15892.5,600
2026-07-25,KXBTC,999953.1,377687.5,22962
2026-07-25,KXBTC15M,144879628.1,71687969.92,2255978
2026-07-25,KXBTCD,28261343.09,13693421.07,294053
2026-07-25,KXCOPPERD,10452.02,9842.11,53
2026-07-25,KXDJI,69.0,36.16,8
2026-07-25,KXDOGE,8933.1,3612.26,307
2026-07-25,KXDOGE15M,2676066.84,1331101.11,115234
2026-07-25,KXDOGED,24684.76,4888.39,266
2026-07-25,KXETH,410114.93,108319.98,6614
2026-07-25,KXETH15M,7764013.7,3838385.34,265324
2026-07-25,KXETHD,1410090.12,604365.49,35988
2026-07-25,KXEURUSD,202.58,17.12,17
2026-07-25,KXGOLDD,14563.78,5566.39,275
2026-07-25,KXHYPE,32823.95,13473.2,647
2026-07-25,KXHYPE15M,2210261.99,1117231.98,85137
2026-07-25,KXHYPED,36828.19,20805.56,725
2026-07-25,KXINX,4108.8,454.06,29
2026-07-25,KXINXU,11248.61,6971.43,398
2026-07-25,KXNASDAQ100,44.06,2.23,5
2026-07-25,KXNASDAQ100U,2330.78,1383.6,69
2026-07-25,KXNATGASD,1395.45,580.86,60
2026-07-25,KXNEAR15M,311092.71,158235.67,13425
2026-07-25,KXSHIBA,7513.86,75.14,23
2026-07-25,KXSHIBAD,3740.75,3703.34,2
2026-07-25,KXSILVERD,4894.6,2939.69,98
2026-07-25,KXSOL15M,2839623.9,1419374.29,118596
2026-07-25,KXSOLD,663799.31,267578.47,11593
2026-07-25,KXSOLE,140910.19,49596.97,2485
2026-07-25,KXUSDJPY,227.95,19.71,14
2026-07-25,KXUST10A,28.3,12.85,6
2026-07-25,KXUST2A,160.0,43.87,9
2026-07-25,KXUST30A,140.0,119.27,10
2026-07-25,KXUST5A,3255.66,977.97,66
2026-07-25,KXUST7A,30.0,5.95,3
2026-07-25,KXWTI,150365.24,62185.47,2167
2026-07-25,KXXRP,63166.04,30688.32,1614
2026-07-25,KXXRP15M,2380880.06,1125717.95,103635
2026-07-25,KXXRPD,95569.33,29088.97,2659
2026-07-25,KXZEC15M,365668.58,180843.41,17177
2026-07-25,__TOTAL__,1277100689.78,367698140.82,9104926
2026-07-26,KXBNB,2061.95,740.04,344
2026-07-26,KXBNB15M,1854322.53,914343.98,83336
2026-07-26,KXBNBD,612.21,215.17,177
2026-07-26,KXBRENTD,71274.21,27099.33,1075
2026-07-26,KXBTC,1154262.03,413397.19,28054
2026-07-26,KXBTC15M,139689111.51,69426682.42,1991651
2026-07-26,KXBTCD,34036442.01,16893964.53,352240
2026-07-26,KXCOPPERD,7245.24,5223.28,187
2026-07-26,KXDJI,2146.24,1389.95,145
2026-07-26,KXDOGE,5145.23,1596.83,111
2026-07-26,KXDOGE15M,3207128.52,1548824.43,147510
2026-07-26,KXDOGED,6951.64,858.62,120
2026-07-26,KXETH,409904.45,142868.15,8662
2026-07-26,KXETH15M,8050104.73,4376228.6,255779
2026-07-26,KXETHD,1781802.32,858893.55,46309
2026-07-26,KXEURUSD,1388.51,171.92,82
2026-07-26,KXGOLDD,32264.88,11382.22,814
2026-07-26,KXGOLDH,99798.91,43629.09,3846
2026-07-26,KXHYPE,55796.73,25952.58,1133
2026-07-26,KXHYPE15M,2562556.25,1287827.26,97702
2026-07-26,KXHYPED,68483.46,26909.7,1243
2026-07-26,KXINX,13848.17,2172.0,138
2026-07-26,KXINXU,84682.77,33519.73,1539
2026-07-26,KXNASDAQ100,588.0,59.19,19
2026-07-26,KXNASDAQ100U,16954.5,8013.49,514
2026-07-26,KXNATGASD,7905.06,1492.2,188
2026-07-26,KXNEAR15M,363616.17,202570.38,15599
2026-07-26,KXSHIBA,3925.21,64.03,14
2026-07-26,KXSILVERD,15703.77,6907.87,367
2026-07-26,KXSILVERH,72474.95,27005.89,2181
2026-07-26,KXSOL15M,2471244.18,1269637.36,103642
2026-07-26,KXSOLD,591190.76,277713.77,11781
2026-07-26,KXSOLE,215752.79,89143.84,4137
2026-07-26,KXUSDJPY,271.94,44.02,56
2026-07-26,KXUST10A,1273.89,609.41,23
2026-07-26,KXUST2A,981.02,368.25,28
2026-07-26,KXUST30A,371.35,199.14,14
2026-07-26,KXUST5A,593.65,197.05,29
2026-07-26,KXUST7A,809.97,292.55,37
2026-07-26,KXWTI,298678.01,96474.37,6206
2026-07-26,KXWTIH,94527.86,49615.94,3597
2026-07-26,KXXRP,62737.79,30446.55,2460
2026-07-26,KXXRP15M,2437260.3,1140627.9,107091
2026-07-26,KXXRPD,127138.81,61658.46,2854
2026-07-26,KXZEC15M,401248.15,205357.05,19601
2026-07-26,__TOTAL__,1049602248.94,338634840.36,8296477
2026-07-27,KXBNB,2836.35,967.42,414
2026-07-27,KXBNB15M,1862383.44,959076.84,81720
2026-07-27,KXBNBD,3122.05,1178.38,433
2026-07-27,KXBRENTD,168592.33,77001.78,3175
2026-07-27,KXBTC,855932.62,245780.92,20765
2026-07-27,KXBTC15M,158764294.64,75286136.55,2090826
2026-07-27,KXBTCD,43325608.74,21243395.83,451379
2026-07-27,KXCOPPERD,96484.41,69312.45,1469
2026-07-27,KXDJI,22150.04,19599.4,1231
2026-07-27,KXDOGE,30158.87,14696.38,730
2026-07-27,KXDOGE15M,3361948.74,1574761.45,139323
2026-07-27,KXDOGED,24251.96,13147.94,526
2026-07-27,KXETH,589533.16,173625.44,6828
2026-07-27,KXETH15M,10402417.6,5131923.17,319169
2026-07-27,KXETHD,2822215.52,1353022.35,54244
2026-07-27,KXEURUSD,4147.67,659.16,220
2026-07-27,KXGOLDD,117828.59,56625.13,2919
2026-07-27,KXGOLDH,456019.65,223334.92,14950
2026-07-27,KXHYPE,97621.35,43785.44,1329
2026-07-27,KXHYPE15M,2501173.67,1180439.04,90201
2026-07-27,KXHYPED,95929.09,54406.17,1249
2026-07-27,KXINX,77159.6,14679.45,731
2026-07-27,KXINXU,1676274.76,838600.45,15732
2026-07-27,KXNASDAQ100,55000.39,12257.77,317
2026-07-27,KXNASDAQ100U,1159138.27,520800.45,7150
2026-07-27,KXNATGASD,56050.19,21145.88,1631
2026-07-27,KXNEAR15M,497253.12,202685.5,16671
2026-07-27,KXSHIBA,19871.86,205.4,43
2026-07-27,KXSHIBAD,7.0,3.81,3
2026-07-27,KXSILVERD,62854.79,24763.15,2024
2026-07-27,KXSILVERH,332508.89,156376.51,10444
2026-07-27,KXSOL15M,2500207.86,1157696.17,112859
2026-07-27,KXSOLD,644251.72,286621.52,11983
2026-07-27,KXSOLE,226253.57,78675.53,3509
2026-07-27,KXUSDJPY,5151.51,712.91,304
2026-07-27,KXUST10A,1411.01,848.45,46
2026-07-27,KXUST2A,3079.31,1631.78,100
2026-07-27,KXUST30A,1963.0,963.11,41
2026-07-27,KXUST5A,798.0,579.06,21
2026-07-27,KXUST7A,477.0,138.48,12
2026-07-27,KXWTI,515245.97,165593.63,11781
2026-07-27,KXWTIH,594077.13,245095.8,17380
2026-07-27,KXXRP,50921.23,21222.55,1524
2026-07-27,KXXRP15M,2640730.41,1223993.42,112002
2026-07-27,KXXRPD,101964.08,43158.41,2118
2026-07-27,KXZEC15M,450590.26,201669.66,16994
2026-07-27,__TOTAL__,1050677644.23,319021475.04,7503443
2026-07-28,KXBNB,1540.37,608.33,260
2026-07-28,KXBNB15M,1749137.09,930812.66,80067
2026-07-28,KXBNBD,4463.79,2125.55,457
2026-07-28,KXBRENTD,190713.57,101409.75,3022
2026-07-28,KXBTC,762285.77,205988.0,15754
2026-07-28,KXBTC15M,158643218.24,80185814.8,1962717
2026-07-28,KXBTCD,37739624.76,18511413.22,402087
2026-07-28,KXCOPPERD,54103.96,32132.56,979
2026-07-28,KXDJI,35139.96,32468.56,4527
2026-07-28,KXDOGE,30934.97,14188.35,1281
2026-07-28,KXDOGE15M,3202106.86,1550163.47,139289
2026-07-28,KXDOGED,34398.61,18072.83,1007
2026-07-28,KXETH,523814.82,180303.45,5123
2026-07-28,KXETH15M,10096437.83,5375792.74,323279
2026-07-28,KXETHD,2653069.23,1281950.74,43802
2026-07-28,KXEURUSD,5149.98,693.98,241
2026-07-28,KXGOLDD,121734.36,51091.38,2584
2026-07-28,KXGOLDH,1032866.69,541349.84,15918
2026-07-28,KXHYPE,46121.99,20339.66,709
2026-07-28,KXHYPE15M,2327225.77,1169349.78,91468
2026-07-28,KXHYPED,59641.78,31913.85,971
2026-07-28,KXINX,80548.57,17283.96,687
2026-07-28,KXINXU,2004089.83,849180.85,12959
2026-07-28,KXNASDAQ100,49734.33,22023.13,297
2026-07-28,KXNASDAQ100U,1321255.01,625939.9,6637
2026-07-28,KXNATGASD,214994.37,85651.91,3551
2026-07-28,KXNEAR15M,443200.82,222017.67,14759
2026-07-28,KXSHIBA,5307.53,53.08,34
2026-07-28,KXSILVERD,71069.0,31230.12,2893
2026-07-28,KXSILVERH,624670.78,310316.64,9932
2026-07-28,KXSOL15M,2482950.77,1240622.99,120490
2026-07-28,KXSOLD,460320.23,194081.64,9368
2026-07-28,KXSOLE,150995.47,52931.81,2421
2026-07-28,KXUSDJPY,11020.5,1241.79,230
2026-07-28,KXUST10A,1547.94,742.5,77
2026-07-28,KXUST2A,2194.36,663.02,64
2026-07-28,KXUST30A,810.0,449.99,45
2026-07-28,KXUST5A,2043.0,471.31,77
2026-07-28,KXUST7A,480.68,169.84,12
2026-07-28,KXWTI,585622.25,258785.26,11526
2026-07-28,KXWTIH,767004.84,370094.84,12984
2026-07-28,KXXRP,41472.58,18279.27,1556
2026-07-28,KXXRP15M,3015116.71,1647924.73,128053
2026-07-28,KXXRPD,99892.86,37310.04,2314
2026-07-28,KXZEC15M,634573.51,325355.52,21658
2026-07-28,__TOTAL__,1201253075.3,381504307.89,8119377
2026-07-29,KXBNB,1768.72,422.25,307
2026-07-29,KXBNB15M,1672486.97,811078.5,87752
2026-07-29,KXBNBD,3840.89,2040.3,349
2026-07-29,KXBRENTD,157145.91,89222.54,3399
2026-07-29,KXBTC,718218.78,185392.95,17081
2026-07-29,KXBTC15M,155297016.07,78012549.36,1870451
2026-07-29,KXBTCD,47442009.0,24320712.4,473420
2026-07-29,KXCOPPERD,111802.93,66361.74,1294
2026-07-29,KXDJI,14427.33,3098.89,3244
2026-07-29,KXDOGE,28880.5,15318.07,974
2026-07-29,KXDOGE15M,2957519.34,1490963.39,128729
2026-07-29,KXDOGED,35522.02,17087.47,725
2026-07-29,KXETH,411884.91,137554.82,5002
2026-07-29,KXETH15M,9211213.56,4481665.34,304246
2026-07-29,KXETHD,2715481.08,1279533.51,50574
2026-07-29,KXEURUSD,4821.82,1660.39,236
2026-07-29,KXGOLDD,296525.07,163077.08,7290
2026-07-29,KXGOLDH,1026488.75,526427.6,13485
2026-07-29,KXHYPE,36269.94,17964.73,553
2026-07-29,KXHYPE15M,2711009.79,1361518.78,102453
2026-07-29,KXHYPED,56749.51,24248.28,757
2026-07-29,KXINX,112647.88,20090.49,798
2026-07-29,KXINXU,2276828.18,988323.84,15142
2026-07-29,KXNASDAQ100,10423.23,1023.06,176
2026-07-29,KXNASDAQ100U,448291.98,249255.77,5157
2026-07-29,KXNATGASD,63101.72,30642.2,1651
2026-07-29,KXNEAR15M,467960.39,240558.62,15569
2026-07-29,KXSHIBA,6081.47,60.81,28
2026-07-29,KXSHIBAD,437.73,433.35,3
2026-07-29,KXSILVERD,208552.15,99262.55,6824
2026-07-29,KXSILVERH,621339.24,300022.29,7987
2026-07-29,KXSOL15M,2165641.43,1029570.45,104878
2026-07-29,KXSOLD,624872.07,274147.69,10079
2026-07-29,KXSOLE,115364.31,38324.41,2016
2026-07-29,KXUSDJPY,1556.61,462.85,103
2026-07-29,KXUST10A,3144.63,1661.37,173
2026-07-29,KXUST2A,4291.47,1578.89,280
2026-07-29,KXUST30A,7448.8,4170.65,166
2026-07-29,KXUST5A,2091.36,1252.02,81
2026-07-29,KXUST7A,2573.22,1733.4,47
2026-07-29,KXWTI,662555.53,390684.83,10875
2026-07-29,KXWTIH,918736.27,456690.58,10538
2026-07-29,KXXRP,26505.48,11815.57,1237
2026-07-29,KXXRP15M,2866738.87,1390254.99,128016
2026-07-29,KXXRPD,85257.81,38364.24,1583
2026-07-29,KXZEC15M,531573.37,291325.32,21852
2026-07-29,__TOTAL__,1275235061.63,402083584.29,8216340
2026-07-30,KXBNB,2252.24,1146.4,259
2026-07-30,KXBNB15M,1899387.03,913249.37,85670
2026-07-30,KXBNBD,5121.23,2555.34,635
2026-07-30,KXBRENTD,95207.98,49252.05,1743
2026-07-30,KXBTC,742606.45,225061.77,16045
2026-07-30,KXBTC15M,149140297.62,68629394.01,1734968
2026-07-30,KXBTCD,39750351.6,19460066.17,365606
2026-07-30,KXCOPPERD,36245.3,22459.25,752
2026-07-30,KXDJI,27893.65,24744.05,3895
2026-07-30,KXDOGE,19335.37,9627.48,603
2026-07-30,KXDOGE15M,2805303.42,1298534.48,117884
2026-07-30,KXDOGED,25543.79,12311.15,555
2026-07-30,KXETH,309722.07,102567.87,3731
2026-07-30,KXETH15M,8463218.02,3954757.91,281213
2026-07-30,KXETHD,2048982.58,973819.82,34657
2026-07-30,KXEURUSD,5688.03,1140.18,238
2026-07-30,KXGOLDD,177101.66,106468.79,4891
2026-07-30,KXGOLDH,543633.23,262682.26,17568
2026-07-30,KXHYPE,36913.86,17764.85,830
2026-07-30,KXHYPE15M,2781882.89,1373004.3,103200
2026-07-30,KXHYPED,114292.08,56094.04,3304
2026-07-30,KXINX,66115.0,14579.11,693
2026-07-30,KXINXU,1837076.57,826784.21,14864
2026-07-30,KXNASDAQ100,77567.62,25221.97,501
2026-07-30,KXNASDAQ100U,1706607.74,936489.88,7911
2026-07-30,KXNATGASD,85011.95,43880.5,1740
2026-07-30,KXNEAR15M,435872.02,209452.58,13603
2026-07-30,KXSHIBA,3336.41,33.36,21
2026-07-30,KXSHIBAD,467.59,462.91,1
2026-07-30,KXSILVERD,71541.83,34440.35,2799
2026-07-30,KXSILVERH,348468.92,174024.44,10706
2026-07-30,KXSOL15M,2344311.66,1074292.92,100825
2026-07-30,KXSOLD,602357.73,282574.33,14367
2026-07-30,KXSOLE,106357.74,41345.84,2533
2026-07-30,KXUSDJPY,5166.46,1721.23,265
2026-07-30,KXUST10A,2979.45,1786.79,128
2026-07-30,KXUST2A,2541.13,1239.89,196
2026-07-30,KXUST30A,3584.57,1705.49,211
2026-07-30,KXUST5A,1642.17,1001.15,127
2026-07-30,KXUST7A,2820.12,1385.63,169
2026-07-30,KXWTI,526069.63,284330.34,9680
2026-07-30,KXWTIH,332552.43,168597.6,7420
2026-07-30,KXXRP,35465.16,16977.14,965
2026-07-30,KXXRP15M,2910457.43,1465480.22,122319
2026-07-30,KXXRPD,58483.15,26684.7,1592
2026-07-30,KXZEC15M,490771.73,227848.63,16133
2026-07-30,__TOTAL__,1087181685.4,335751799.78,7455991
2026-07-31,KXBNB,3865.14,1460.41,489
2026-07-31,KXBNB15M,2263460.68,1138033.22,106990
2026-07-31,KXBNBD,13150.43,5798.57,1584
2026-07-31,KXBRENTD,17009.41,8675.14,279
2026-07-31,KXBTC,991655.65,332286.11,18079
2026-07-31,KXBTC15M,171980495.61,82234903.2,2054067
2026-07-31,KXBTCD,41939853.96,19759165.45,389980
2026-07-31,KXCOPPERD,13559.03,1519.12,135
2026-07-31,KXDJI,26443.39,21583.8,3881
2026-07-31,KXDOGE,29883.01,14995.43,1022
2026-07-31,KXDOGE15M,2944314.1,1495807.27,138237
2026-07-31,KXDOGED,45689.14,20933.3,891
2026-07-31,KXETH,557224.05,199496.7,4720
2026-07-31,KXETH15M,10044991.08,4990563.41,309062
2026-07-31,KXETHD,2375682.43,1129203.76,40170
2026-07-31,KXEURUSD,5890.89,2039.74,171
2026-07-31,KXGOLD15M,80.97,35.06,13
2026-07-31,KXGOLDD,14488.4,7259.46,419
2026-07-31,KXGOLDH,852669.85,423813.91,26043
2026-07-31,KXHYPE,23500.35,10630.58,549
2026-07-31,KXHYPE15M,3303406.23,1626253.74,119834
2026-07-31,KXHYPED,57551.61,25856.41,1452
2026-07-31,KXINX,60178.8,15468.93,786
2026-07-31,KXINXU,1643091.01,909201.52,17250
2026-07-31,KXNASDAQ100,35539.09,9891.7,297
2026-07-31,KXNASDAQ100U,1223576.35,579991.0,9473
2026-07-31,KXNATGASD,10778.78,2564.68,150
2026-07-31,KXNEAR15M,673479.46,351769.32,23594
2026-07-31,KXSHIBA,2234.5,22.34,8
2026-07-31,KXSHIBAD,93.51,92.57,1
2026-07-31,KXSILVER15M,3734.27,1203.02,213
2026-07-31,KXSILVERD,12330.93,5326.23,374
2026-07-31,KXSILVERH,676308.77,336658.39,17137
2026-07-31,KXSOL15M,2845967.77,1364083.88,117066
2026-07-31,KXSOLD,719465.67,336611.31,16593
2026-07-31,KXSOLE,145970.78,55685.2,3182
2026-07-31,KXUSDJPY,18142.5,3700.23,479
2026-07-31,KXUST10A,7812.04,4263.77,577
2026-07-31,KXUST2A,2168.5,1369.47,158
2026-07-31,KXUST30A,5653.55,3237.87,501
2026-07-31,KXUST5A,2687.33,1709.03,173
2026-07-31,KXUST7A,9316.73,6488.57,470
2026-07-31,KXWTI,484245.73,260777.19,9778
2026-07-31,KXWTI15M,3511.23,3344.09,44
2026-07-31,KXWTIH,506927.82,254116.28,8595
2026-07-31,KXXRP,75372.92,32869.7,1837
2026-07-31,KXXRP15M,3560772.87,1846580.24,143034
2026-07-31,KXXRPD,138077.88,58373.57,3355
2026-07-31,KXZEC15M,641782.19,337731.78,22289
2026-07-31,__TOTAL__,1313919999.74,376207247.77,8344345
2026-08-01,KXBNB,5383.8,1206.15,536
2026-08-01,KXBNB15M,2680510.78,1272333.23,116500
2026-08-01,KXBNBD,21656.17,12117.18,2206
2026-08-01,KXBRENTD,35056.94,16829.02,551
2026-08-01,KXBTC,910581.94,320038.36,18782
2026-08-01,KXBTC15M,133197378.48,64756505.09,1820099
2026-08-01,KXBTCD,27997561.49,13544609.24,308585
2026-08-01,KXCOPPERD,930.36,405.64,59
2026-08-01,KXDJI,597.35,306.65,49
2026-08-01,KXDOGE,37066.59,17329.1,1009
2026-08-01,KXDOGE15M,3092700.62,1405496.84,136372
2026-08-01,KXDOGED,64000.2,28312.89,1135
2026-08-01,KXETH,282322.7,113481.02,4336
2026-08-01,KXETH15M,9474017.75,4669412.32,281215
2026-08-01,KXETHD,1365108.18,622581.83,24754
2026-08-01,KXEURUSD,461.06,41.08,51
2026-08-01,KXGOLDD,15773.16,10017.75,363
2026-08-01,KXHYPE,32021.28,15458.29,545
2026-08-01,KXHYPE15M,3489378.16,1778314.69,117143
2026-08-01,KXHYPED,71702.74,35999.15,1475
2026-08-01,KXINX,5815.85,753.43,91
2026-08-01,KXINXU,38291.91,19152.54,708
2026-08-01,KXNASDAQ100,1089.05,96.82,13
2026-08-01,KXNASDAQ100U,5141.26,2890.81,234
2026-08-01,KXNATGASD,6392.47,2162.62,260
2026-08-01,KXNEAR15M,668988.69,354174.92,26047
2026-08-01,KXSHIBA,13471.02,134.71,18
2026-08-01,KXSHIBAD,699.33,692.34,2
2026-08-01,KXSILVERD,7395.41,4239.46,110
2026-08-01,KXSOL15M,2656192.36,1394097.38,120058
2026-08-01,KXSOLD,499149.61,229921.02,10906
2026-08-01,KXSOLE,128886.09,59272.88,2967
2026-08-01,KXUSDJPY,1170.47,320.84,45
2026-08-01,KXUST10A,212.06,71.53,10
2026-08-01,KXUST30A,190.16,138.88,4
2026-08-01,KXUST5A,134.0,12.4,4
2026-08-01,KXWTI,151277.81,77473.27,2844
2026-08-01,KXXRP,45730.3,22302.05,1264
2026-08-01,KXXRP15M,2986772.97,1483651.26,126633
2026-08-01,KXXRPD,120270.87,54849.02,2649
2026-08-01,KXZEC15M,679405.76,354771.94,25437
2026-08-01,__TOTAL__,1383732613.13,394665722.34,8883463
2026-08-02,KXBNB,2977.59,1011.55,306
2026-08-02,KXBNB15M,2737361.09,1394146.56,113930
2026-08-02,KXBNBD,18205.97,7321.24,1471
2026-08-02,KXBRENTD,52956.77,21276.88,855
2026-08-02,KXBTC,718859.3,252894.14,13195
2026-08-02,KXBTC15M,145310519.74,66854843.21,1863103
2026-08-02,KXBTCD,30878748.74,15012041.3,319950
2026-08-02,KXCOPPERD,4788.79,1418.51,144
2026-08-02,KXDJI,1761.35,1027.47,178
2026-08-02,KXDOGE,29209.04,15031.27,885
2026-08-02,KXDOGE15M,3387152.22,1614535.0,137580
2026-08-02,KXDOGED,37663.12,15577.43,688
2026-08-02,KXETH,258855.6,91238.62,4065
2026-08-02,KXETH15M,10262424.46,4899303.87,283761
2026-08-02,KXETHD,1519751.7,715134.3,28249
2026-08-02,KXEURUSD,1157.91,93.07,109
2026-08-02,KXGOLDD,30483.23,16426.51,658
2026-08-02,KXGOLDH,78861.85,43614.87,3603
2026-08-02,KXHYPE,32604.91,14976.52,958
2026-08-02,KXHYPE15M,3708151.17,1721707.85,135431
2026-08-02,KXHYPED,64004.12,34232.56,2404
2026-08-02,KXINX,11081.75,1167.66,180
2026-08-02,KXINXU,122004.86,48789.62,1876
2026-08-02,KXNASDAQ100,685.39,55.68,12
2026-08-02,KXNASDAQ100U,91997.0,31739.0,3045
2026-08-02,KXNATGASD,7566.62,3063.75,512
2026-08-02,KXNEAR15M,844312.05,385193.87,31732
2026-08-02,KXSHIBA,28537.06,285.37,37
2026-08-02,KXSHIBAD,917.59,105.63,37
2026-08-02,KXSILVERD,16152.38,7115.65,380
2026-08-02,KXSILVERH,36109.49,19106.36,1539
2026-08-02,KXSOL15M,2985371.7,1436082.1,129182
2026-08-02,KXSOLD,443451.66,199768.02,12309
2026-08-02,KXSOLE,132678.93,46361.91,2478
2026-08-02,KXUSDJPY,10349.04,2314.32,339
2026-08-02,KXUST10A,231.0,78.55,3
2026-08-02,KXUST2A,1725.4,997.02,14
2026-08-02,KXUST30A,836.69,484.66,20
2026-08-02,KXUST5A,1709.0,1137.1,18
2026-08-02,KXUST7A,362.0,152.16,10
2026-08-02,KXWTI,334817.03,137992.62,6478
2026-08-02,KXWTIH,41989.6,21776.25,2535
2026-08-02,KXXRP,70801.63,34731.41,1695
2026-08-02,KXXRP15M,3832200.92,1941300.03,144653
2026-08-02,KXXRPD,163875.38,73215.76,3659
2026-08-02,KXZEC15M,934763.41,468950.74,26554
2026-08-02,__TOTAL__,1070009442.47,326606582.15,7986480
2026-08-03,KXBNB,1262.22,649.35,184
2026-08-03,KXBNB15M,2600309.01,1344595.58,119277
2026-08-03,KXBNBD,7473.57,3649.79,895
2026-08-03,KXBRENTD,140961.85,73582.11,2862
2026-08-03,KXBTC,888260.42,246189.37,14990
2026-08-03,KXBTC15M,172264973.58,87264288.21,2013278
2026-08-03,KXBTCD,47015209.05,23809036.8,421928
2026-08-03,KXCOPPERD,47819.35,17333.57,1042
2026-08-03,KXDJI,24459.14,21805.69,4383
2026-08-03,KXDOGE,16126.91,7901.94,796
2026-08-03,KXDOGE15M,3604847.82,1829628.2,151531
2026-08-03,KXDOGED,16361.45,7232.46,585
2026-08-03,KXETH,403619.22,130332.44,4311
2026-08-03,KXETH15M,10267364.62,4988630.75,301741
2026-08-03,KXETHD,2029429.62,987665.32,35373
2026-08-03,KXEURUSD,15081.3,1530.74,308
2026-08-03,KXGOLD15M,781795.51,420864.8,28322
2026-08-03,KXGOLDD,156314.06,81000.19,3803
2026-08-03,KXGOLDH,367728.61,188518.81,15231
2026-08-03,KXHYPE,34236.36,14681.82,1021
2026-08-03,KXHYPE15M,2962530.66,1490430.44,123926
2026-08-03,KXHYPED,118771.87,54862.82,4064
2026-08-03,KXINX,129740.6,41144.02,874
2026-08-03,KXINXU,2566612.1,1580236.22,23117
2026-08-03,KXNASDAQ100,36652.47,11183.27,275
2026-08-03,KXNASDAQ100U,1500898.67,777040.0,10495
2026-08-03,KXNATGASD,58306.23,30197.38,1739
2026-08-03,KXNEAR15M,873613.81,454406.65,35076
2026-08-03,KXSHIBA,8545.28,85.45,25
2026-08-03,KXSHIBAD,124.56,123.31,5
2026-08-03,KXSILVER15M,179937.4,97980.84,8823
2026-08-03,KXSILVERD,85227.72,38317.45,2469
2026-08-03,KXSILVERH,204229.19,110139.47,7161
2026-08-03,KXSOL15M,3085693.8,1554761.52,133952
2026-08-03,KXSOLD,635004.52,310613.48,16222
2026-08-03,KXSOLE,121209.27,49690.67,2054
2026-08-03,KXUSDJPY,12788.38,2024.95,551
2026-08-03,KXUST10A,2131.37,378.09,21
2026-08-03,KXUST2A,1484.54,347.88,16
2026-08-03,KXUST30A,806.01,426.83,16
2026-08-03,KXUST5A,935.0,315.37,12
2026-08-03,KXUST7A,552.0,156.24,72
2026-08-03,KXWTI,581926.38,242459.72,12576
2026-08-03,KXWTI15M,157708.52,89735.2,9341
2026-08-03,KXWTIH,243125.97,123276.06,7872
2026-08-03,KXXRP,40547.01,16670.61,1021
2026-08-03,KXXRP15M,3675052.83,1846346.57,153787
2026-08-03,KXXRPD,111610.86,35049.0,2395
2026-08-03,KXZEC15M,919642.68,416410.2,29026
2026-08-03,__TOTAL__,976841119.13,338074899.45,7548485
2026-08-04,KXBNB,3297.06,1330.73,692
2026-08-04,KXBNB15M,2350611.61,1162245.56,111880
2026-08-04,KXBNBD,15844.77,7231.47,1361
2026-08-04,KXBRENTD,158124.51,74802.42,2885
2026-08-04,KXBTC,835747.42,247380.57,54611
2026-08-04,KXBTC15M,170486730.87,85170163.42,1924340
2026-08-04,KXBTCD,47230329.98,23106140.11,476687
2026-08-04,KXCOPPERD,45983.09,21431.72,846
2026-08-04,KXDJI,21242.29,18272.59,3866
2026-08-04,KXDOGE,18515.69,9942.15,842
2026-08-04,KXDOGE15M,2989951.8,1525723.45,126156
2026-08-04,KXDOGED,37361.65,30352.49,597
2026-08-04,KXETH,336811.6,132250.35,3135
2026-08-04,KXETH15M,8173701.41,4247784.07,294473
2026-08-04,KXETHD,2015300.71,964056.49,29671
2026-08-04,KXEURUSD,21230.96,1287.35,378
2026-08-04,KXGOLD15M,2273693.34,1207489.34,69825
2026-08-04,KXGOLDD,188501.21,89152.73,5806
2026-08-04,KXGOLDH,523662.92,271390.38,26443
2026-08-04,KXHYPE,25638.24,10906.44,769
2026-08-04,KXHYPE15M,3270095.17,1683394.37,132041
2026-08-04,KXHYPED,88501.73,42336.86,2919
2026-08-04,KXINX,129960.12,43746.0,1213
2026-08-04,KXINXU,1654000.62,927721.69,16000
2026-08-04,KXNASDAQ100,6914.68,2798.33,177
2026-08-04,KXNASDAQ100U,934135.26,515515.11,4918
2026-08-04,KXNATGASD,66274.54,24480.14,1459
2026-08-04,KXNEAR15M,651254.62,306092.8,27826
2026-08-04,KXPALLADIUMH,50.0,25.0,4
2026-08-04,KXSHIBA,3131.28,32.33,10
2026-08-04,KXSHIBAD,1.0,0.99,1
2026-08-04,KXSILVER15M,850257.36,442292.3,29743
2026-08-04,KXSILVERD,66213.04,34682.0,2785
2026-08-04,KXSILVERH,403463.5,213824.28,17799
2026-08-04,KXSOL15M,2940973.36,1396077.56,132875
2026-08-04,KXSOLD,618821.65,301504.33,13955
2026-08-04,KXSOLE,128633.26,54050.92,1910
2026-08-04,KXUSDJPY,18232.66,1655.41,401
2026-08-04,KXUST10A,3752.71,886.65,95
2026-08-04,KXUST2A,3225.71,1286.6,63
2026-08-04,KXUST30A,2886.89,831.34,62
2026-08-04,KXUST5A,3832.43,1163.0,98
2026-08-04,KXUST7A,2411.08,908.85,42
2026-08-04,KXWTI,815972.61,279304.25,12556
2026-08-04,KXWTI15M,1302493.81,643604.24,27417
2026-08-04,KXWTIH,287728.53,141120.53,12859
2026-08-04,KXXRP,23547.54,10617.47,743
2026-08-04,KXXRP15M,3275546.93,1592221.28,140711
2026-08-04,KXXRPD,56225.18,18164.26,1531
2026-08-04,KXZEC15M,859663.16,440912.12,31323
2026-08-04,__TOTAL__,1177123270.94,377577556.77,8160370
2026-08-05,KXBNB,1723.27,1137.74,264
2026-08-05,KXBNB15M,2204003.61,1018241.16,104711
2026-08-05,KXBNBD,8717.67,3762.51,800
2026-08-05,KXBRENTD,146711.43,73664.21,3254
2026-08-05,KXBTC,900344.05,279480.22,40171
2026-08-05,KXBTC15M,180300182.65,85247602.66,1930215
2026-08-05,KXBTCD,42579986.72,20990469.31,410318
2026-08-05,KXCOPPERD,49296.1,16861.85,862
2026-08-05,KXDJI,14925.8,12142.47,4002
2026-08-05,KXDOGE,30296.38,13261.43,944
2026-08-05,KXDOGE15M,2680081.15,1302935.82,123139
2026-08-05,KXDOGED,42271.71,19755.56,924
2026-08-05,KXETH,445664.25,166882.46,3734
2026-08-05,KXETH15M,8250036.53,4114249.47,317420
2026-08-05,KXETHD,1892109.19,905871.01,30282
2026-08-05,KXEURUSD,12877.29,520.53,150
2026-08-05,KXGOLD15M,2814123.53,1479904.54,96645
2026-08-05,KXGOLDD,239672.28,149475.4,7010
2026-08-05,KXGOLDH,476559.06,251717.82,24244
2026-08-05,KXHYPE,29723.92,12957.36,771
2026-08-05,KXHYPE15M,3003118.27,1437195.15,122070
2026-08-05,KXHYPED,107912.37,53876.28,2939
2026-08-05,KXINX,41430.2,10737.96,505
2026-08-05,KXINXU,1457396.47,791013.0,14663
2026-08-05,KXNASDAQ100,13173.82,4714.79,261
2026-08-05,KXNASDAQ100U,882100.98,452332.58,5625
2026-08-05,KXNATGASD,46318.45,20709.73,1414
2026-08-05,KXNEAR15M,506052.96,247868.66,26735
2026-08-05,KXSHIBA,500.0,5.0,1
2026-08-05,KXSHIBAD,1297.89,12.98,5
2026-08-05,KXSILVER15M,1177070.33,601686.55,39970
2026-08-05,KXSILVERD,70039.71,38287.64,3170
2026-08-05,KXSILVERH,273653.49,141572.01,13465
2026-08-05,KXSOL15M,2379795.71,1093832.22,116500
2026-08-05,KXSOLD,613853.85,291774.02,13643
2026-08-05,KXSOLE,148016.73,59455.5,2354
2026-08-05,KXUSDJPY,18591.45,772.49,632
2026-08-05,KXUST10A,1860.96,611.44,59
2026-08-05,KXUST2A,1669.01,314.87,35
2026-08-05,KXUST30A,557.76,393.65,23
2026-08-05,KXUST5A,1233.95,57.46,12
2026-08-05,KXUST7A,2854.1,447.2,33
2026-08-05,KXWTI,492374.57,234011.2,10751
2026-08-05,KXWTI15M,2823116.6,1400251.46,49311
2026-08-05,KXWTIH,299284.91,148333.34,13058
2026-08-05,KXXRP,32626.24,13427.21,771
2026-08-05,KXXRP15M,3612183.52,1657638.3,153706
2026-08-05,KXXRPD,72241.95,38331.85,1577
2026-08-05,KXZEC15M,510318.7,257630.25,21954
2026-08-05,__TOTAL__,1286695741.97,386259555.0,8212500
2026-08-06,KXBNB,1306.99,346.72,69
2026-08-06,KXBNB15M,1879662.62,967174.05,89384
2026-08-06,KXBNBD,4352.68,2750.87,220
2026-08-06,KXBRENTD,135923.08,82155.61,2639
2026-08-06,KXBTC,763944.22,229207.27,10452
2026-08-06,KXBTC15M,183439241.15,87385338.06,2082565
2026-08-06,KXBTCD,35530554.64,17035675.7,300522
2026-08-06,KXCOPPERD,53929.27,25211.82,911
2026-08-06,KXDJI,29576.87,5990.24,3504
2026-08-06,KXDOGE,11101.16,5188.4,66
2026-08-06,KXDOGE15M,2251192.92,1130029.43,105466
2026-08-06,KXDOGED,11229.65,5732.4,109
2026-08-06,KXETH,295735.89,109301.64,2459
2026-08-06,KXETH15M,7494474.22,3694597.8,272091
2026-08-06,KXETHD,1607502.59,755269.1,21220
2026-08-06,KXEURUSD,15905.78,444.03,180
2026-08-06,KXGOLD15M,3649278.16,1790070.69,124164
2026-08-06,KXGOLDD,187029.78,104295.6,5067
2026-08-06,KXGOLDH,389534.24,199588.19,18084
2026-08-06,KXHYPE,40804.76,18767.13,665
2026-08-06,KXHYPE15M,2751022.72,1379447.03,106283
2026-08-06,KXHYPED,70780.15,36536.21,2050
2026-08-06,KXINX,44811.96,13077.26,586
2026-08-06,KXINXU,1687018.49,798664.53,13955
2026-08-06,KXNASDAQ100,20369.1,9408.03,206
2026-08-06,KXNASDAQ100U,1150354.85,554857.06,6836
2026-08-06,KXNATGASD,85734.88,43940.52,1547
2026-08-06,KXNEAR15M,516997.09,247227.57,25144
2026-08-06,KXPALLADIUMH,1634.0,817.0,2
2026-08-06,KXSHIBA,467.59,4.68,1
2026-08-06,KXSHIBAD,3360.74,2286.67,9
2026-08-06,KXSILVER15M,1455842.48,773040.12,49349
2026-08-06,KXSILVERD,49444.07,24513.78,2092
2026-08-06,KXSILVERH,262651.12,131014.32,11554
2026-08-06,KXSOL15M,2204229.36,1067324.11,103167
2026-08-06,KXSOLD,350517.02,155618.46,8120
2026-08-06,KXSOLE,98472.26,38271.12,1321
2026-08-06,KXUSDJPY,17712.4,1858.85,576
2026-08-06,KXUST10A,12185.15,9117.31,864
2026-08-06,KXUST2A,9651.18,6533.2,208
2026-08-06,KXUST30A,20670.33,10364.54,454
2026-08-06,KXUST5A,8725.1,6479.72,269
2026-08-06,KXUST7A,6447.45,4912.78,184
2026-08-06,KXWTI,687172.04,373519.99,10108
2026-08-06,KXWTI15M,1825061.1,915433.51,55069
2026-08-06,KXWTIH,300451.29,152547.23,11202
2026-08-06,KXXRP,22756.82,8780.49,521
2026-08-06,KXXRP15M,2987781.5,1419317.33,124343
2026-08-06,KXXRPD,57338.61,23937.73,1027
2026-08-06,KXZEC15M,522405.45,269599.7,21657
2026-08-06,__TOTAL__,1139680034.79,361060315.12,8069623
2026-08-07,KXBNB,635.52,451.46,75
2026-08-07,KXBNB15M,2098338.3,1064509.44,100364
2026-08-07,KXBNBD,5649.61,3070.64,300
2026-08-07,KXBRENTD,10858.15,5267.78,138
2026-08-07,KXBTC,1051433.24,356554.18,14907
2026-08-07,KXBTC15M,177061300.52,88603302.44,2167105
2026-08-07,KXBTCD,42331613.01,19612647.52,352934
2026-08-07,KXCOPPERD,16139.08,2200.62,134
2026-08-07,KXDJI,13656.9,6035.41,1515
2026-08-07,KXDOGE,21359.14,11196.37,395
2026-08-07,KXDOGE15M,2260199.11,1194739.07,113920
2026-08-07,KXDOGED,27815.08,12762.46,539
2026-08-07,KXETH,393412.26,168610.05,3519
2026-08-07,KXETH15M,8566523.52,4216182.64,302497
2026-08-07,KXETHD,1853738.82,879257.47,29910
2026-08-07,KXEURUSD,23975.22,1464.22,412
2026-08-07,KXGOLD15M,4344588.32,2209589.55,166037
2026-08-07,KXGOLDD,40148.52,21182.39,804
2026-08-07,KXGOLDH,445593.09,232351.79,18882
2026-08-07,KXHYPE,30460.22,15760.61,771
2026-08-07,KXHYPE15M,2962059.55,1427471.7,117571
2026-08-07,KXHYPED,97321.0,52236.89,3116
2026-08-07,KXINX,250538.16,104537.27,975
2026-08-07,KXINXU,1925131.37,934197.08,16875
2026-08-07,KXNASDAQ100,16816.54,11457.75,111
2026-08-07,KXNASDAQ100U,1061269.32,532650.41,7443
2026-08-07,KXNATGASD,5379.79,1103.02,104
2026-08-07,KXNEAR15M,663678.37,363061.04,26876
2026-08-07,KXSHIBA,4909.87,49.1,12
2026-08-07,KXSHIBAD,136.85,127.3,44
2026-08-07,KXSILVER15M,1733977.24,952185.2,63948
2026-08-07,KXSILVERD,14210.31,5975.13,526
2026-08-07,KXSILVERH,270143.24,143347.64,10388
2026-08-07,KXSOL15M,2622696.22,1382054.31,112133
2026-08-07,KXSOLD,452430.02,206946.42,6694
2026-08-07,KXSOLE,129490.4,53956.22,1676
2026-08-07,KXUSDJPY,36135.91,2654.13,689
2026-08-07,KXUST10A,23636.88,10043.09,814
2026-08-07,KXUST2A,13128.55,4662.53,423
2026-08-07,KXUST30A,9658.55,3719.04,396
2026-08-07,KXUST5A,20422.73,7459.34,789
2026-08-07,KXUST7A,13660.75,5747.51,353
2026-08-07,KXWTI,569803.54,287523.82,8841
2026-08-07,KXWTI15M,1702156.36,842381.6,59967
2026-08-07,KXWTIH,333989.48,166886.09,12131
2026-08-07,KXXRP,33318.2,16012.03,789
2026-08-07,KXXRP15M,3662123.08,1925667.52,152736
2026-08-07,KXXRPD,75255.16,34724.91,1827
2026-08-07,KXZEC15M,577838.2,280150.98,24614
2026-08-07,__TOTAL__,1193404840.25,352129706.62,8479926
2026-08-08,KXBNB,3650.97,1884.02,428
2026-08-08,KXBNB15M,2325666.3,1170648.48,113702
2026-08-08,KXBNBD,26981.39,12716.17,2140
2026-08-08,KXBRENTD,6340.51,3044.69,180
2026-08-08,KXBTC,797956.88,326335.22,14748
2026-08-08,KXBTC15M,144965847.38,70957294.04,2162776
2026-08-08,KXBTCD,20472414.19,9768533.4,202692
2026-08-08,KXCOPPERD,2357.31,505.12,98
2026-08-08,KXDJI,212.84,120.14,34
2026-08-08,KXDOGE,13504.79,6548.43,225
2026-08-08,KXDOGE15M,2510437.03,1204359.11,125442
2026-08-08,KXDOGED,25820.72,12946.72,495
2026-08-08,KXETH,249485.19,115553.26,3993
2026-08-08,KXETH15M,7633174.93,3720425.7,268332
2026-08-08,KXETHD,1106538.22,443268.44,20904
2026-08-08,KXEURUSD,2668.28,149.69,68
2026-08-08,KXGOLDD,16646.54,6998.64,490
2026-08-08,KXHYPE,24957.38,12105.84,722
2026-08-08,KXHYPE15M,3151907.88,1659280.41,127385
2026-08-08,KXHYPED,86174.65,39084.45,2373
2026-08-08,KXINX,7354.68,638.74,188
2026-08-08,KXINXU,33022.27,22785.0,1485
2026-08-08,KXNASDAQ100,32203.16,471.52,278
2026-08-08,KXNASDAQ100U,30922.34,23465.2,921
2026-08-08,KXNATGASD,2361.08,873.28,58
2026-08-08,KXNEAR15M,584000.79,315082.45,24879
2026-08-08,KXSHIBA,2435.74,24.36,21
2026-08-08,KXSHIBAD,1386.89,1373.02,3
2026-08-08,KXSILVERD,9106.82,3885.41,421
2026-08-08,KXSOL15M,3237056.41,1667207.83,150901
2026-08-08,KXSOLD,448649.75,218376.89,6153
2026-08-08,KXSOLE,82759.69,34887.3,1511
2026-08-08,KXUSDJPY,281.73,23.59,23
2026-08-08,KXUST10A,334.02,124.29,10
2026-08-08,KXUST2A,204.0,155.25,4
2026-08-08,KXUST30A,412.0,78.81,6
2026-08-08,KXUST5A,564.73,277.53,15
2026-08-08,KXUST7A,550.0,150.93,13
2026-08-08,KXWTI,34760.85,14719.54,1102
2026-08-08,KXXRP,16213.94,5356.24,464
2026-08-08,KXXRP15M,3758285.19,1752771.88,161354
2026-08-08,KXXRPD,80478.33,29202.33,1284
2026-08-08,KXZEC15M,644219.36,347134.65,28146
2026-08-08,__TOTAL__,1270044087.66,345288592.94,8925492
2026-08-09,KXBNB,2367.22,1236.59,235
2026-08-09,KXBNB15M,2226375.97,1198119.08,119334
2026-08-09,KXBNBD,17105.48,7798.8,1431
2026-08-09,KXBRENTD,15420.21,9170.72,451
2026-08-09,KXBTC,768267.09,309689.76,16090
2026-08-09,KXBTC15M,153942946.61,72486343.63,2169467
2026-08-09,KXBTCD,27434982.71,13256336.67,266240
2026-08-09,KXCOPPERD,4593.24,1796.55,102
2026-08-09,KXDJI,313.81,173.64,48
2026-08-09,KXDOGE,18644.28,7474.12,411
2026-08-09,KXDOGE15M,2592260.52,1257071.41,137266
2026-08-09,KXDOGED,27204.07,16177.58,629
2026-08-09,KXETH,255693.47,102943.03,4021
2026-08-09,KXETH15M,9380080.86,4690756.58,320020
2026-08-09,KXETHD,1388986.38,667150.15,29110
2026-08-09,KXEURUSD,20693.68,689.27,597
2026-08-09,KXGOLDD,61408.07,30012.56,1658
2026-08-09,KXGOLDH,147837.72,71228.43,6534
2026-08-09,KXHYPE,13268.34,5829.34,463
2026-08-09,KXHYPE15M,3360654.0,1600316.79,140867
2026-08-09,KXHYPED,51991.73,25046.65,1684
2026-08-09,KXINX,15179.13,2207.62,290
2026-08-09,KXINXU,41920.79,17867.77,2536
2026-08-09,KXNASDAQ100,2818.46,220.23,85
2026-08-09,KXNASDAQ100U,8610.96,5343.78,706
2026-08-09,KXNATGASD,18658.82,7666.06,400
2026-08-09,KXNEAR15M,459267.68,222093.9,26734
2026-08-09,KXSHIBA,2048.45,22.4,6
2026-08-09,KXSHIBAD,266.33,263.67,2
2026-08-09,KXSILVERD,10796.19,4619.78,473
2026-08-09,KXSILVERH,109715.3,54225.45,4477
2026-08-09,KXSOL15M,2909517.73,1406429.61,146404
2026-08-09,KXSOLD,369233.16,154477.8,6310
2026-08-09,KXSOLE,77714.69,29102.44,1296
2026-08-09,KXUSDJPY,19261.89,849.68,254
2026-08-09,KXUST10A,137.05,36.68,6
2026-08-09,KXUST2A,5.0,4.05,1
2026-08-09,KXUST30A,10.97,2.94,4
2026-08-09,KXUST5A,154.67,32.42,10
2026-08-09,KXUST7A,200.0,156.0,2
2026-08-09,KXWTI,129452.35,62113.0,3039
2026-08-09,KXWTIH,63780.19,32467.82,2085
2026-08-09,KXXRP,33820.57,15117.21,939
2026-08-09,KXXRP15M,3025756.83,1506654.23,141057
2026-08-09,KXXRPD,113970.27,49984.18,2194
2026-08-09,KXZEC15M,590179.96,286776.93,30005
2026-08-09,__TOTAL__,1067472215.54,320788044.84,8138111
2026-08-10,KXBNB,1674.38,1019.28,170
2026-08-10,KXBNB15M,2075209.82,1063538.64,118936
2026-08-10,KXBNBD,11067.42,5528.96,908
2026-08-10,KXBRENTD,98303.36,63656.96,2558
2026-08-10,KXBTC,707822.58,236419.36,15739
2026-08-10,KXBTC15M,191290807.92,93101206.9,2489634
2026-08-10,KXBTCD,37685709.51,18134069.57,344109
2026-08-10,KXCOPPERD,34075.25,8479.62,810
2026-08-10,KXDJI,21407.51,6089.02,1777
2026-08-10,KXDOGE,28717.75,12776.9,563
2026-08-10,KXDOGE15M,2512813.59,1263197.95,149273
2026-08-10,KXDOGED,42688.17,16509.89,737
2026-08-10,KXETH,362288.53,148231.59,4258
2026-08-10,KXETH15M,9740533.29,4742525.18,391699
2026-08-10,KXETHD,1709184.48,831166.48,30529
2026-08-10,KXEURUSD,31303.46,1072.69,707
2026-08-10,KXGOLD15M,3299311.4,1737993.98,103997
2026-08-10,KXGOLDD,252541.78,153252.02,5886
2026-08-10,KXGOLDH,613633.96,328983.27,29288
2026-08-10,KXHYPE,29035.17,13286.0,826
2026-08-10,KXHYPE15M,3289162.61,1623947.09,147241
2026-08-10,KXHYPED,111451.86,55341.24,3219
2026-08-10,KXINX,227998.64,74073.72,1067
2026-08-10,KXINXU,1388084.53,794670.91,20050
2026-08-10,KXNASDAQ100,27971.83,13334.18,204
2026-08-10,KXNASDAQ100U,962441.5,575661.67,8877
2026-08-10,KXNATGASD,133460.45,75063.36,2547
2026-08-10,KXNEAR15M,622343.87,296198.89,28905
2026-08-10,KXSHIBA,234.78,3.31,5
2026-08-10,KXSHIBAD,2209.35,445.96,14
2026-08-10,KXSILVER15M,1199265.05,615670.51,38099
2026-08-10,KXSILVERD,48921.4,26180.77,1870
2026-08-10,KXSILVERH,367431.86,197787.24,14410
2026-08-10,KXSOL15M,3004522.07,1399377.17,156898
2026-08-10,KXSOLD,326695.39,169699.26,5286
2026-08-10,KXSOLE,63881.53,27086.63,3621
2026-08-10,KXUSDJPY,30605.58,1927.64,7026
2026-08-10,KXUST10A,1210.19,847.87,91
2026-08-10,KXUST2A,1140.0,694.24,105
2026-08-10,KXUST30A,692.0,494.6,23
2026-08-10,KXUST5A,1024.43,728.51,105
2026-08-10,KXUST7A,1164.25,1022.49,47
2026-08-10,KXWTI,565930.05,343873.98,12095
2026-08-10,KXWTI15M,1738450.02,911097.51,43699
2026-08-10,KXWTIH,245981.67,128720.9,8214
2026-08-10,KXXRP,12472.3,5149.5,560
2026-08-10,KXXRP15M,3465144.72,1729984.71,168900
2026-08-10,KXXRPD,53617.77,13675.11,1015
2026-08-10,KXZEC15M,589686.53,269606.31,28067
2026-08-10,__TOTAL__,956401810.47,291224999.85,7736753
2026-08-11,KXBNB,1252.45,863.18,124
2026-08-11,KXBNB15M,1987805.03,1049122.19,103401
2026-08-11,KXBNBD,10998.73,5399.42,848
2026-08-11,KXBRENTD,123588.0,73232.19,2547
2026-08-11,KXBTC,904080.56,274932.0,13251
2026-08-11,KXBTC15M,169729083.4,84260656.81,2257642
2026-08-11,KXBTCD,32575077.0,15934201.74,293143
2026-08-11,KXCOPPERD,63272.87,16711.95,830
2026-08-11,KXDJI,19321.38,5859.76,1562
2026-08-11,KXDOGE,15316.71,7481.53,256
2026-08-11,KXDOGE15M,2212040.13,1124622.55,112239
2026-08-11,KXDOGED,19326.69,10022.78,289
2026-08-11,KXETH,357392.78,137373.94,2796
2026-08-11,KXETH15M,8403485.28,4256147.71,312663
2026-08-11,KXETHD,1509944.64,713897.76,26997
2026-08-11,KXEURUSD,10650.44,865.71,491
2026-08-11,KXGOLD15M,4865200.8,2308763.97,166373
2026-08-11,KXGOLDD,185678.9,84953.09,4098
2026-08-11,KXGOLDH,527420.5,272878.28,23738
2026-08-11,KXHYPE,19391.45,9059.72,509
2026-08-11,KXHYPE15M,2745691.76,1381932.62,115471
2026-08-11,KXHYPED,72374.68,37683.39,2103
2026-08-11,KXINX,256154.4,92142.85,929
2026-08-11,KXINXU,1052712.58,494513.56,14546
2026-08-11,KXNASDAQ100,126854.34,43495.59,322
2026-08-11,KXNASDAQ100U,406359.33,211799.72,6068
2026-08-11,KXNATGASD,99679.41,41892.44,2177
2026-08-11,KXNEAR15M,546557.22,294724.59,27924
2026-08-11,KXNKY,3.0,2.97,3
2026-08-11,KXSHIBA,3505.93,1645.85,35
2026-08-11,KXSHIBAD,4247.97,782.34,60
2026-08-11,KXSILVER15M,2014875.26,996907.01,55728
2026-08-11,KXSILVERD,61760.26,19381.53,1054
2026-08-11,KXSILVERH,153525.38,80671.65,4649
2026-08-11,KXSOL15M,2545826.44,1270698.81,142086
2026-08-11,KXSOLD,472734.04,228432.82,5924
2026-08-11,KXSOLE,101193.1,37307.16,1551
2026-08-11,KXUSDJPY,12483.04,790.79,736
2026-08-11,KXUST10A,737.47,442.36,26
2026-08-11,KXUST2A,941.15,530.34,23
2026-08-11,KXUST30A,1317.42,969.72,44
2026-08-11,KXUST5A,503.0,147.93,6
2026-08-11,KXUST7A,1137.87,250.3,22
2026-08-11,KXWTI,598262.44,363974.0,11621
2026-08-11,KXWTI15M,2504327.33,1433336.55,65848
2026-08-11,KXWTIH,177900.69,107201.88,5433
2026-08-11,KXXRP,28734.1,11132.64,707
2026-08-11,KXXRP15M,2957932.17,1524351.39,145254
2026-08-11,KXXRPD,109761.27,46933.63,1791
2026-08-11,KXZEC15M,613140.32,278826.05,27409
2026-08-11,__TOTAL__,1269501542.51,364355010.99,8333244
2026-08-12,KXBNB,1227.71,528.29,95
2026-08-12,KXBNB15M,1785004.38,899184.03,99189
2026-08-12,KXBNBD,14413.99,6924.73,1187
2026-08-12,KXBRENTD,68956.84,33054.31,1692
2026-08-12,KXBTC,620104.23,198681.59,11792
2026-08-12,KXBTC15M,153421462.65,81079876.54,2378779
2026-08-12,KXBTCD,32639950.14,15632897.03,311171
2026-08-12,KXCOPPERD,41562.73,16310.54,780
2026-08-12,KXDJI,13113.63,7587.79,1428
2026-08-12,KXDOGE,16022.88,5651.84,223
2026-08-12,KXDOGE15M,2247730.09,1058624.54,134726
2026-08-12,KXDOGED,18411.73,7592.13,330
2026-08-12,KXETH,330109.25,137269.55,2770
2026-08-12,KXETH15M,7979927.35,4030537.3,287288
2026-08-12,KXETHD,1841450.53,882842.25,31031
2026-08-12,KXEURUSD,13446.95,623.36,159
2026-08-12,KXGOLD15M,5507808.78,2808994.98,183049
2026-08-12,KXGOLDD,172439.25,89408.96,4128
2026-08-12,KXGOLDH,450219.74,233489.71,15656
2026-08-12,KXHYPE,18145.29,8320.25,395
2026-08-12,KXHYPE15M,2316529.66,1225266.08,106856
2026-08-12,KXHYPED,53309.42,24235.92,1449
2026-08-12,KXINX,208407.66,80349.1,775
2026-08-12,KXINXU,1018424.99,491060.5,11293
2026-08-12,KXNASDAQ100,41138.43,17561.53,176
2026-08-12,KXNASDAQ100U,301511.21,148270.11,6068
2026-08-12,KXNATGASD,105614.78,36558.01,1837
2026-08-12,KXNEAR15M,611081.33,311922.03,27119
2026-08-12,KXSHIBA,8537.85,2965.98,36
2026-08-12,KXSHIBAD,1970.59,1109.34,22
2026-08-12,KXSILVER15M,2177044.07,1121956.81,59031
2026-08-12,KXSILVERD,49079.91,25229.01,1064
2026-08-12,KXSILVERH,195048.07,104473.21,5772
2026-08-12,KXSOL15M,2522652.38,1285267.44,145438
2026-08-12,KXSOLD,284023.51,139722.04,4925
2026-08-12,KXSOLE,87801.68,37487.53,952
2026-08-12,KXUSDJPY,14811.9,1158.25,190
2026-08-12,KXUST10A,1265.25,280.88,24
2026-08-12,KXUST2A,1716.0,609.02,25
2026-08-12,KXUST30A,522.76,442.2,22
2026-08-12,KXUST5A,562.0,284.53,16
2026-08-12,KXUST7A,227.49,113.36,6
2026-08-12,KXWTI,503699.9,295466.97,8886
2026-08-12,KXWTI15M,3113520.64,1452535.6,81969
2026-08-12,KXWTIH,155598.84,84915.64,4697
2026-08-12,KXXRP,23306.66,10129.1,413
2026-08-12,KXXRP15M,2569247.29,1301285.15,144378
2026-08-12,KXXRPD,56812.4,24419.69,1243
2026-08-12,KXZEC15M,765366.19,349841.72,29439
2026-08-12,__TOTAL__,1257383551.12,363587960.2,8590334
2026-08-13,KXBNB,2323.01,1124.11,137
2026-08-13,KXBNB15M,1832541.76,958986.63,94839
2026-08-13,KXBNBD,7197.64,3965.89,421
2026-08-13,KXBRENTD,96095.91,38640.32,1946
2026-08-13,KXBTC,526223.13,172954.29,9797
2026-08-13,KXBTC15M,145604195.54,74958139.28,2270434
2026-08-13,KXBTCD,30216576.14,14610992.48,303784
2026-08-13,KXCOPPERD,25857.42,11392.83,612
2026-08-13,KXDJI,11428.91,5530.85,1421
2026-08-13,KXDOGE,33526.98,15077.65,336
2026-08-13,KXDOGE15M,1982520.56,1083425.88,114172
2026-08-13,KXDOGED,34484.52,18447.57,362
2026-08-13,KXETH,554978.46,193307.71,2259
2026-08-13,KXETH15M,6497882.83,3282432.81,279751
2026-08-13,KXETHD,1388073.13,676702.23,21923
2026-08-13,KXEURUSD,14236.66,798.67,372
2026-08-13,KXGOLD15M,8054691.8,3900168.39,242713
2026-08-13,KXGOLDD,106369.15,50349.2,2148
2026-08-13,KXGOLDH,467670.5,236325.06,20471
2026-08-13,KXHYPE,14517.28,7490.85,227
2026-08-13,KXHYPE15M,2591652.75,1203117.99,112231
2026-08-13,KXHYPED,12446.44,5936.81,291
2026-08-13,KXINX,136137.19,48468.66,766
2026-08-13,KXINXU,1325544.16,790523.68,14878
2026-08-13,KXNASDAQ100,192930.28,57197.94,510
2026-08-13,KXNASDAQ100U,500229.42,301097.31,5296
2026-08-13,KXNATGASD,90906.57,39497.04,1865
2026-08-13,KXNEAR15M,409586.74,180396.92,25164
2026-08-13,KXNKY,50.0,49.5,2
2026-08-13,KXPALLADIUMH,2.01,0.02,1
2026-08-13,KXSHIBA,2963.1,29.63,8
2026-08-13,KXSILVER15M,2894424.18,1392681.95,93122
2026-08-13,KXSILVERD,24813.14,10081.65,670
2026-08-13,KXSILVERH,214530.35,112766.47,5735
2026-08-13,KXSOL15M,2451294.39,1200999.31,131872
2026-08-13,KXSOLD,341689.13,152070.87,4597
2026-08-13,KXSOLE,82552.55,32493.49,1105
2026-08-13,KXUSDJPY,14063.94,663.67,162
2026-08-13,KXUST10A,5016.82,2905.16,175
2026-08-13,KXUST2A,3731.92,1733.02,143
2026-08-13,KXUST30A,4392.46,1860.07,128
2026-08-13,KXUST5A,2261.26,924.45,84
2026-08-13,KXUST7A,3431.94,1664.19,78
2026-08-13,KXWTI,652082.44,302719.08,11936
2026-08-13,KXWTI15M,3278921.55,1641835.69,98775
2026-08-13,KXWTIH,110497.4,62587.62,3613
2026-08-13,KXXRP,13854.53,7078.45,165
2026-08-13,KXXRP15M,3106578.2,1562935.86,153234
2026-08-13,KXXRPD,17958.44,6631.55,343
2026-08-13,KXZEC15M,524362.83,258441.94,25512
2026-08-13,__TOTAL__,1180624154.19,352171518.21,8439016
2026-08-14,KXBNB,1081.83,497.07,76
2026-08-14,KXBNB15M,2067684.89,1017548.3,112494
2026-08-14,KXBNBD,5219.0,2793.59,300
2026-08-14,KXBRENTD,8526.97,3250.16,94
2026-08-14,KXBTC,757452.18,290573.61,15761
2026-08-14,KXBTC15M,170960172.8,87555159.73,2434886
2026-08-14,KXBTCD,32772667.83,15898719.5,317191
2026-08-14,KXCOPPERD,7374.53,397.64,106
2026-08-14,KXDJI,14821.4,3797.11,1911
2026-08-14,KXDOGE,15440.77,7514.67,261
2026-08-14,KXDOGE15M,2586506.92,1282790.79,145763
2026-08-14,KXDOGED,31691.12,11242.51,432
2026-08-14,KXETH,283434.36,119133.76,3043
2026-08-14,KXETH15M,8328543.47,4135942.14,341737
2026-08-14,KXETHD,1458834.94,720342.32,22397
2026-08-14,KXEURUSD,19215.79,1055.84,251
2026-08-14,KXGOLD15M,7869981.85,4184055.67,319983
2026-08-14,KXGOLDD,6022.53,2233.05,138
2026-08-14,KXGOLDH,363209.48,188256.13,18259
2026-08-14,KXHYPE,13561.72,6152.9,209
2026-08-14,KXHYPE15M,2169862.67,1066025.68,107228
2026-08-14,KXHYPED,23521.58,11670.19,391
2026-08-14,KXINX,115066.2,49149.49,803
2026-08-14,KXINXU,959364.65,464293.49,11546
2026-08-14,KXNASDAQ100,68026.14,28549.84,222
2026-08-14,KXNASDAQ100U,420532.82,196119.17,5770
2026-08-14,KXNATGASD,8461.24,1903.83,129
2026-08-14,KXNEAR15M,389201.66,199585.26,27913
2026-08-14,KXNKY,50.0,30.0,2
2026-08-14,KXSHIBA,11483.76,114.84,4
2026-08-14,KXSHIBAD,12.0,10.02,2
2026-08-14,KXSILVER15M,3173366.26,1508111.05,118695
2026-08-14,KXSILVERD,6265.99,1779.07,103
2026-08-14,KXSILVERH,107308.03,56825.73,3368
2026-08-14,KXSOL15M,2650038.72,1338828.61,152367
2026-08-14,KXSOLD,370222.46,192720.77,5217
2026-08-14,KXSOLE,120419.48,50443.63,1727
2026-08-14,KXUSDJPY,21540.16,1317.61,360
2026-08-14,KXUST10A,10216.61,6317.04,202
2026-08-14,KXUST2A,4286.74,2038.31,195
2026-08-14,KXUST30A,7510.0,2891.62,177
2026-08-14,KXUST5A,4441.32,2780.99,209
2026-08-14,KXUST7A,3198.37,1602.35,200
2026-08-14,KXWTI,416483.66,221017.69,8449
2026-08-14,KXWTI15M,2986692.99,1598999.86,113412
2026-08-14,KXWTIH,88930.64,47896.28,3281
2026-08-14,KXXRP,54405.89,26287.45,840
2026-08-14,KXXRP15M,3334685.54,1632567.1,187727
2026-08-14,KXXRPD,128826.12,64427.47,2143
2026-08-14,KXZEC15M,436342.45,204991.13,24878
2026-08-14,__TOTAL__,1234359724.67,380640387.5,8857740
2026-08-15,KXBNB,1844.27,952.63,178
2026-08-15,KXBNB15M,1867712.33,845731.27,103294
2026-08-15,KXBNBD,9356.23,5543.09,596
2026-08-15,KXBRENTD,3277.05,1704.01,118
2026-08-15,KXBTC,682229.94,290757.95,13768
2026-08-15,KXBTC15M,143657346.63,70500312.37,2181403
2026-08-15,KXBTCD,18798435.54,8694420.3,191871
2026-08-15,KXCOPPERD,7782.63,1029.74,128
2026-08-15,KXDJI,25.23,15.57,3
2026-08-15,KXDOGE,41560.46,20942.59,563
2026-08-15,KXDOGE15M,2197324.74,980990.66,117212
2026-08-15,KXDOGED,59323.78,25331.84,835
2026-08-15,KXETH,192230.4,92057.32,2522
2026-08-15,KXETH15M,9089750.25,4590153.67,337738
2026-08-15,KXETHD,617388.4,273879.04,10652
2026-08-15,KXEURUSD,716.84,69.43,20
2026-08-15,KXGOLDD,8889.24,4326.79,329
2026-08-15,KXHYPE,36364.0,18935.98,366
2026-08-15,KXHYPE15M,2315057.48,1149218.57,112236
2026-08-15,KXHYPED,86792.85,46192.75,763
2026-08-15,KXINX,548.11,95.16,14
2026-08-15,KXINXU,6634.33,3271.84,236
2026-08-15,KXNASDAQ100,2887.3,538.11,21
2026-08-15,KXNASDAQ100U,1108.91,570.59,71
2026-08-15,KXNATGASD,737.23,214.5,40
2026-08-15,KXNEAR15M,367731.12,178726.64,26178
2026-08-15,KXSHIBA,2988.61,29.93,8
2026-08-15,KXSHIBAD,2.0,1.89,2
2026-08-15,KXSILVERD,1381.18,550.68,67
2026-08-15,KXSOL15M,2599203.75,1245621.3,157334
2026-08-15,KXSOLD,381795.2,171218.14,6169
2026-08-15,KXSOLE,103595.55,49736.17,1743
2026-08-15,KXUSDJPY,301.87,29.19,12
2026-08-15,KXUST10A,100.0,97.0,1
2026-08-15,KXUST2A,100.0,21.0,1
2026-08-15,KXUST30A,7.73,4.87,1
2026-08-15,KXWTI,48082.4,22814.33,928
2026-08-15,KXXRP,32671.3,14163.69,651
2026-08-15,KXXRP15M,3004984.28,1485085.11,172860
2026-08-15,KXXRPD,96697.76,54484.32,1679
2026-08-15,KXZEC15M,518603.47,248945.53,30493
2026-08-15,__TOTAL__,1577562359.92,401322546.77,9544495
2026-08-16,KXBNB,1998.43,811.79,206
2026-08-16,KXBNB15M,1608751.98,805289.13,96416
2026-08-16,KXBNBD,12572.31,6526.89,826
2026-08-16,KXBRENTD,9405.68,5636.12,217
2026-08-16,KXBTC,931770.71,374304.21,17339
2026-08-16,KXBTC15M,161973801.9,79914435.07,2292103
2026-08-16,KXBTCD,29143193.26,14113711.22,277272
2026-08-16,KXCOPPERD,11088.19,2951.01,249
2026-08-16,KXDJI,70.27,28.18,5
2026-08-16,KXDOGE,21866.72,11123.21,392
2026-08-16,KXDOGE15M,2144851.86,1103932.26,138284
2026-08-16,KXDOGED,25393.84,7677.19,570
2026-08-16,KXETH,222975.57,92710.23,3920
2026-08-16,KXETH15M,9118998.88,4801282.98,345932
2026-08-16,KXETHD,884162.57,407637.45,21239
2026-08-16,KXEURUSD,5082.77,486.48,133
2026-08-16,KXGOLD15M,1479990.69,712952.96,53758
2026-08-16,KXGOLDD,29576.05,13622.4,682
2026-08-16,KXGOLDH,119412.62,63720.64,6413
2026-08-16,KXHYPE,15736.15,8319.88,227
2026-08-16,KXHYPE15M,2341166.48,1266795.3,122162
2026-08-16,KXHYPED,37843.46,20572.23,552
2026-08-16,KXINX,1291.33,302.91,54
2026-08-16,KXINXU,30774.34,15325.94,956
2026-08-16,KXNASDAQ100,2322.33,111.51,9
2026-08-16,KXNASDAQ100U,18395.15,1898.04,348
2026-08-16,KXNATGASD,9167.86,2225.72,204
2026-08-16,KXNEAR15M,296673.21,157661.12,22660
2026-08-16,KXNKY,8.0,7.92,4
2026-08-16,KXPALLADIUMH,5.0,4.95,1
2026-08-16,KXSHIBA,3176.09,31.76,20
2026-08-16,KXSILVER15M,472386.45,249523.49,13525
2026-08-16,KXSILVERD,13477.36,6112.5,267
2026-08-16,KXSILVERH,49596.48,25845.12,1300
2026-08-16,KXSOL15M,2078315.78,1022752.38,149759
2026-08-16,KXSOLD,323811.08,153036.07,6710
2026-08-16,KXSOLE,70752.1,28741.17,1652
2026-08-16,KXUSDJPY,2370.58,305.01,53
2026-08-16,KXUST10A,6.02,1.08,1
2026-08-16,KXUST2A,101.0,98.24,2
2026-08-16,KXUST30A,244.02,137.34,22
2026-08-16,KXUST5A,27.0,8.64,1
2026-08-16,KXUST7A,0.01,0.01,1
2026-08-16,KXWTI,103645.8,46634.93,2009
2026-08-16,KXWTI15M,514797.13,241634.68,13052
2026-08-16,KXWTIH,29234.16,13912.49,794
2026-08-16,KXXRP,71664.75,36078.1,1419
2026-08-16,KXXRP15M,2740613.16,1465296.29,175547
2026-08-16,KXXRPD,238744.14,103937.37,4101
2026-08-16,KXZEC15M,614408.03,317959.87,35315
2026-08-16,__TOTAL__,1208519953.31,367421584.72,8506288
2026-08-17,KXBNB,1831.38,891.19,199
2026-08-17,KXBNB15M,1589610.13,733138.81,95008
2026-08-17,KXBNBD,9730.21,5712.92,659
2026-08-17,KXBRENTD,96202.76,62960.09,2191
2026-08-17,KXBTC,783717.15,243796.8,15919
2026-08-17,KXBTC15M,162289542.61,81463172.36,2414747
2026-08-17,KXBTCD,41979101.81,20652777.09,387914
2026-08-17,KXCOPPERD,37085.02,12385.44,737
2026-08-17,KXDJI,17560.34,1379.52,1849
2026-08-17,KXDOGE,10711.03,5141.15,325
2026-08-17,KXDOGE15M,2040402.37,943283.8,139378
2026-08-17,KXDOGED,20817.63,14358.94,457
2026-08-17,KXETH,257749.23,103587.46,3155
2026-08-17,KXETH15M,8563840.73,3799977.62,344445
2026-08-17,KXETHD,1392653.21,652855.63,26463
2026-08-17,KXEURUSD,25792.21,2585.38,455
2026-08-17,KXGOLD15M,7525554.02,3438386.34,260229
2026-08-17,KXGOLDD,99667.14,49680.27,3394
2026-08-17,KXGOLDH,334094.17,177620.06,19149
2026-08-17,KXHYPE,9881.01,4300.63,204
2026-08-17,KXHYPE15M,2515156.36,1237138.45,126508
2026-08-17,KXHYPED,21308.29,9305.2,475
2026-08-17,KXINX,357148.01,154633.04,1123
2026-08-17,KXINXU,943120.95,343713.36,13552
2026-08-17,KXNASDAQ100,87785.77,32937.46,238
2026-08-17,KXNASDAQ100U,589636.27,336720.04,7077
2026-08-17,KXNATGASD,60119.32,33013.96,1410
2026-08-17,KXNEAR15M,380687.15,205280.54,21389
2026-08-17,KXNKY,2.0,1.98,2
2026-08-17,KXSHIBA,471.93,4.72,6
2026-08-17,KXSILVER15M,2487947.77,1130150.9,62576
2026-08-17,KXSILVERD,38919.67,16317.69,984
2026-08-17,KXSILVERH,268181.45,139703.97,9449
2026-08-17,KXSOL15M,2004942.07,914666.16,144084
2026-08-17,KXSOLD,503467.77,221381.16,8528
2026-08-17,KXSOLE,62339.18,26585.88,1448
2026-08-17,KXUSDJPY,19373.0,2018.02,362
2026-08-17,KXUST10A,554.0,241.46,10
2026-08-17,KXUST2A,15.0,5.35,3
2026-08-17,KXUST30A,66.26,62.02,4
2026-08-17,KXUST5A,27.24,26.97,2
2026-08-17,KXUST7A,26.22,25.96,3
2026-08-17,KXWTI,647996.94,377436.73,11000
2026-08-17,KXWTI15M,3253604.01,1725923.33,85245
2026-08-17,KXWTIH,210635.99,110780.51,8617
2026-08-17,KXXRP,35508.1,15898.62,986
2026-08-17,KXXRP15M,2887183.25,1341754.4,181615
2026-08-17,KXXRPD,188364.01,85928.8,3546
2026-08-17,KXZEC15M,576439.87,267865.41,33799
2026-08-17,__TOTAL__,994118130.07,311831531.49,7875054
2026-08-18,KXBNB,783.25,472.61,63
2026-08-18,KXBNB15M,1289963.18,611471.85,81351
2026-08-18,KXBNBD,4202.74,2351.61,183
2026-08-18,KXBRENTD,101172.59,57437.37,2183
2026-08-18,KXBTC,722224.16,265738.6,17516
2026-08-18,KXBTC15M,152683741.51,70176825.39,2314619
2026-08-18,KXBTCD,36517287.61,17903286.55,333907
2026-08-18,KXCOPPERD,84107.82,23878.71,1094
2026-08-18,KXDJI,17319.32,1760.7,1520
2026-08-18,KXDOGE,10404.99,4113.03,381
2026-08-18,KXDOGE15M,1728751.94,756249.38,132502
2026-08-18,KXDOGED,20005.63,9007.17,491
2026-08-18,KXETH,381849.79,156802.23,3045
2026-08-18,KXETH15M,8103277.76,3829318.98,329566
2026-08-18,KXETHD,1534551.67,737118.85,24361
2026-08-18,KXEURUSD,7909.22,2558.93,180
2026-08-18,KXGOLD15M,12204365.05,5735454.47,323705
2026-08-18,KXGOLDD,125939.15,53221.35,3494
2026-08-18,KXGOLDH,241188.8,123369.23,12424
2026-08-18,KXHYPE,7208.93,3664.54,207
2026-08-18,KXHYPE15M,2131671.36,1004514.64,115856
2026-08-18,KXHYPED,16259.87,7919.3,554
2026-08-18,KXINX,65885.84,10444.89,618
2026-08-18,KXINXU,1156432.58,489901.29,12042
2026-08-18,KXNASDAQ100,4810.96,683.43,106
2026-08-18,KXNASDAQ100U,195916.47,81963.88,1990
2026-08-18,KXNATGASD,98722.91,39200.98,1414
2026-08-18,KXNEAR15M,371295.48,173528.23,26099
2026-08-18,KXNKY,1.0,0.99,1
2026-08-18,KXSHIBA,1267.51,12.68,4
2026-08-18,KXSHIBAD,536.59,528.7,4
2026-08-18,KXSILVER15M,3563184.24,1577760.88,86659
2026-08-18,KXSILVERD,42994.31,20153.83,1308
2026-08-18,KXSILVERH,112783.89,57584.62,5171
2026-08-18,KXSOL15M,2096350.14,1087573.55,158192
2026-08-18,KXSOLD,307510.49,140080.99,6273
2026-08-18,KXSOLE,33631.06,12799.17,1126
2026-08-18,KXUSDJPY,6229.76,1246.49,201
2026-08-18,KXUST10A,326.45,175.15,13
2026-08-18,KXUST2A,324.18,130.31,7
2026-08-18,KXUST30A,779.73,524.75,15
2026-08-18,KXUST5A,311.76,294.78,6
2026-08-18,KXUST7A,259.8,256.2,6
2026-08-18,KXWTI,446031.5,261517.02,8022
2026-08-18,KXWTI15M,4115899.59,2170584.57,102260
2026-08-18,KXWTIH,22238.28,13089.98,1032
2026-08-18,KXXRP,29349.97,13820.47,862
2026-08-18,KXXRP15M,2635249.75,1257813.53,173261
2026-08-18,KXXRPD,171520.25,70680.37,3287
2026-08-18,KXZEC15M,521070.65,249456.52,30981
2026-08-18,__TOTAL__,1179610027.81,329511423.82,8308690
2026-08-19,KXBNB,803.42,446.98,125
2026-08-19,KXBNB15M,1076572.21,570559.51,86522
2026-08-19,KXBNBD,4626.08,2106.89,412
2026-08-19,KXBRENTD,108258.06,65472.42,2016
2026-08-19,KXBTC,1099779.47,262184.07,32590
2026-08-19,KXBTC15M,179212212.0,94890583.12,2608607
2026-08-19,KXBTCD,62431455.34,30652466.82,615919
2026-08-19,KXCOPPERD,26519.34,12022.6,805
2026-08-19,KXDJI,11885.96,6147.62,1442
2026-08-19,KXDOGE,16424.82,8572.51,385
2026-08-19,KXDOGE15M,1918086.95,1041408.85,150349
2026-08-19,KXDOGED,28805.6,12571.94,715
2026-08-19,KXETH,460656.61,139997.11,5838
2026-08-19,KXETH15M,8674034.32,4879525.38,349643
2026-08-19,KXETHD,3240071.88,1614344.13,57035
2026-08-19,KXEURUSD,9556.37,2103.14,258
2026-08-19,KXGOLD15M,13318226.44,6807080.38,294311
2026-08-19,KXGOLDD,180380.92,106118.67,5889
2026-08-19,KXGOLDH,264727.0,143082.23,13121
2026-08-19,KXHYPE,95475.99,15745.76,510
2026-08-19,KXHYPE15M,1831073.56,919505.86,116182
2026-08-19,KXHYPED,109693.69,28021.07,1098
2026-08-19,KXINX,13888.52,3178.22,581
2026-08-19,KXINXU,1362799.92,676693.44,13094
2026-08-19,KXNASDAQ100,2543.01,557.44,208
2026-08-19,KXNASDAQ100U,600315.41,322943.88,2961
2026-08-19,KXNATGASD,131251.56,56203.79,1708
2026-08-19,KXNEAR15M,316297.62,158506.07,23460
2026-08-19,KXSHIBA,3374.63,33.75,16
2026-08-19,KXSILVER15M,3478759.89,1796669.55,91729
2026-08-19,KXSILVERD,70355.71,36558.12,2954
2026-08-19,KXSILVERH,102122.07,57584.36,4349
2026-08-19,KXSOL15M,2229621.3,1231780.77,190736
2026-08-19,KXSOLD,619085.24,311275.93,10730
2026-08-19,KXSOLE,50539.61,12236.56,1598
2026-08-19,KXUSDJPY,4572.31,804.11,161
2026-08-19,KXUST10A,2586.6,632.29,40
2026-08-19,KXUST2A,209.0,10.89,3
2026-08-19,KXUST30A,4078.98,1534.78,95
2026-08-19,KXUST5A,222.0,12.45,5
2026-08-19,KXUST7A,310.0,31.7,4
2026-08-19,KXWTI,387457.79,225099.79,8452
2026-08-19,KXWTI15M,3936512.82,1925636.51,105491
2026-08-19,KXWTIH,37215.08,20890.3,1769
2026-08-19,KXXRP,48623.07,18437.35,1176
2026-08-19,KXXRP15M,2784433.84,1564760.09,205723
2026-08-19,KXXRPD,217258.33,88762.24,4141
2026-08-19,KXZEC15M,578810.02,296526.1,33274
2026-08-19,__TOTAL__,1417878830.03,400277512.7,9522049
2026-08-20,KXBNB,859.85,399.48,139
2026-08-20,KXBNB15M,1149664.52,602585.16,87248
2026-08-20,KXBNBD,11435.8,5723.18,785
2026-08-20,KXBRENTD,104248.08,81330.7,1520
2026-08-20,KXBTC,862892.2,208776.73,23254
2026-08-20,KXBTC15M,191192733.27,99397625.12,2414753
2026-08-20,KXBTCD,58477503.51,29774250.85,594538
2026-08-20,KXCOPPERD,40032.39,20314.56,547
2026-08-20,KXDJI,16507.04,908.81,1476
2026-08-20,KXDOGE,10876.27,5530.95,217
2026-08-20,KXDOGE15M,1984568.45,1044446.76,157301
2026-08-20,KXDOGED,37187.31,8266.71,613
2026-08-20,KXETH,333202.54,99692.56,4202
2026-08-20,KXETH15M,8419301.46,4576222.75,341186
2026-08-20,KXETHD,2545361.66,1239888.37,48874
2026-08-20,KXEURUSD,5825.33,715.96,134
2026-08-20,KXGOLD15M,16451275.88,8734719.29,345076
2026-08-20,KXGOLDD,177789.73,122073.93,4913
2026-08-20,KXGOLDH,286902.66,149874.91,15504
2026-08-20,KXHYPE,7491.64,2247.94,280
2026-08-20,KXHYPE15M,2378034.31,1332606.45,132533
2026-08-20,KXHYPED,47822.38,19311.25,1091
2026-08-20,KXINX,19908.97,5672.82,575
2026-08-20,KXINXU,1291825.51,655442.48,14037
2026-08-20,KXNASDAQ100,951.64,393.48,81
2026-08-20,KXNASDAQ100U,273722.44,138625.46,2886
2026-08-20,KXNATGASD,83618.33,40381.08,1110
2026-08-20,KXNEAR15M,391186.19,217202.97,21653
2026-08-20,KXPALLADIUMH,99.28,89.89,10
2026-08-20,KXSHIBA,1848.51,18.49,8
2026-08-20,KXSHIBAD,333.0,329.67,1
2026-08-20,KXSILVER15M,5507915.57,2683328.2,122839
2026-08-20,KXSILVERD,38234.26,26185.89,1836
2026-08-20,KXSILVERH,95681.21,52801.66,4359
2026-08-20,KXSOL15M,2581202.12,1473023.34,207683
2026-08-20,KXSOLD,374264.8,186727.99,7609
2026-08-20,KXSOLE,19725.62,5555.75,866
2026-08-20,KXUSDJPY,3980.45,656.42,175
2026-08-20,KXUST10A,3855.38,3366.59,44
2026-08-20,KXUST2A,1057.13,908.28,33
2026-08-20,KXUST30A,7187.51,4796.94,158
2026-08-20,KXUST5A,2296.73,1919.68,47
2026-08-20,KXUST7A,747.53,371.64,30
2026-08-20,KXWTI,444585.5,270707.25,8371
2026-08-20,KXWTI15M,5153180.95,2608647.89,125826
2026-08-20,KXWTIH,24565.87,14012.22,1206
2026-08-20,KXXRP,70586.9,19647.91,1881
2026-08-20,KXXRP15M,3917201.92,2173776.34,240997
2026-08-20,KXXRPD,411641.3,155179.37,7022
2026-08-20,KXZEC15M,558974.96,275904.52,27575
2026-08-20,__TOTAL__,1130908729.57,367735211.61,8804933
2026-08-21,KXBNB,3599.05,822.06,184
2026-08-21,KXBNB15M,1225518.48,682382.85,94796
2026-08-21,KXBNBD,16713.25,8765.8,1323
2026-08-21,KXBRENTD,9581.22,4733.07,105
2026-08-21,KXBTC,1074999.27,283712.09,28065
2026-08-21,KXBTC15M,236953459.45,124261044.83,3015693
2026-08-21,KXBTCD,68130035.08,33288749.83,693674
2026-08-21,KXCOPPERD,6531.31,598.37,46
2026-08-21,KXDJI,9040.31,8357.14,1810
2026-08-21,KXDOGE,30429.38,6761.85,413
2026-08-21,KXDOGE15M,2260912.82,1245831.32,156439
2026-08-21,KXDOGED,63705.69,13965.29,1038
2026-08-21,KXETH,277459.81,72604.64,3905
2026-08-21,KXETH15M,10858436.88,5409046.88,407347
2026-08-21,KXETHD,2610943.49,1157301.45,48382
2026-08-21,KXEURUSD,3221.51,479.7,93
2026-08-21,KXGOLD15M,13849497.99,7273712.02,367441
2026-08-21,KXGOLDD,7517.37,4140.63,141
2026-08-21,KXGOLDH,180169.97,95922.26,10571
2026-08-21,KXHYPE,13193.88,4236.8,368
2026-08-21,KXHYPE15M,2522592.39,1263066.56,130401
2026-08-21,KXHYPED,80386.48,32661.48,1287
2026-08-21,KXINX,22688.42,6924.81,635
2026-08-21,KXINXU,965898.38,501008.69,9789
2026-08-21,KXNASDAQ100,2198.26,693.41,116
2026-08-21,KXNASDAQ100U,332631.02,158623.52,1780
2026-08-21,KXNATGASD,11102.48,768.52,134
2026-08-21,KXNEAR15M,435044.85,233437.03,22578
2026-08-21,KXPALLADIUMH,2.0,1.98,1
2026-08-21,KXSHIBA,33.0,0.33,1
2026-08-21,KXSHIBAD,5351.28,63.34,11
2026-08-21,KXSILVER15M,4721728.12,2385257.3,121103
2026-08-21,KXSILVERD,5623.62,1938.48,100
2026-08-21,KXSILVERH,62978.65,32220.48,3232
2026-08-21,KXSOL15M,3191743.97,1780045.5,236039
2026-08-21,KXSOLD,378893.34,172248.46,9396
2026-08-21,KXSOLE,19544.45,4321.54,860
2026-08-21,KXUSDJPY,3193.54,660.7,139
2026-08-21,KXUST10A,5583.11,3663.13,113
2026-08-21,KXUST2A,2894.08,1858.24,108
2026-08-21,KXUST30A,2833.27,1682.03,98
2026-08-21,KXUST5A,4039.54,2169.58,79
2026-08-21,KXUST7A,2061.41,1162.22,49
2026-08-21,KXWTI,333213.78,198925.63,6360
2026-08-21,KXWTI15M,4649763.75,2406016.49,136921
2026-08-21,KXWTIH,30133.68,15934.99,1938
2026-08-21,KXXRP,48991.2,14801.06,1347
2026-08-21,KXXRP15M,4662146.53,2640201.16,265542
2026-08-21,KXXRPD,333902.81,131092.94,5552
2026-08-21,KXZEC15M,989737.3,605199.66,41662
2026-08-21,__TOTAL__,1339980854.1,409958533.27,9985747
2026-08-22,KXBNB,1670.3,625.47,198
2026-08-22,KXBNB15M,1357678.37,637314.35,94317
2026-08-22,KXBNBD,19632.87,9522.48,1464
2026-08-22,KXBRENTD,6291.63,3147.67,144
2026-08-22,KXBTC,1135438.52,345038.92,32487
2026-08-22,KXBTC15M,200317157.87,95025203.62,2630386
2026-08-22,KXBTCD,38675306.24,18487389.23,417256
2026-08-22,KXCOPPERD,6521.36,1383.04,103
2026-08-22,KXDJI,49.79,33.05,3
2026-08-22,KXDOGE,20990.23,8431.25,640
2026-08-22,KXDOGE15M,2956107.92,1374852.67,156925
2026-08-22,KXDOGED,43545.39,15207.78,1378
2026-08-22,KXETH,273462.69,76999.13,4064
2026-08-22,KXETH15M,9692658.84,4551736.38,369966
2026-08-22,KXETHD,1979659.57,936952.28,46974
2026-08-22,KXEURUSD,151.14,30.43,5
2026-08-22,KXGOLDD,26337.93,10959.6,694
2026-08-22,KXHYPE,14312.35,3645.13,317
2026-08-22,KXHYPE15M,2430415.0,1124614.0,109647
2026-08-22,KXHYPED,69607.8,29930.4,1009
2026-08-22,KXINX,1380.44,23.14,11
2026-08-22,KXINXU,6765.07,3422.17,473
2026-08-22,KXNASDAQ100U,172.91,106.69,9
2026-08-22,KXNATGASD,2628.4,852.32,66
2026-08-22,KXNEAR15M,539985.38,266390.72,27602
2026-08-22,KXSHIBA,95.38,0.95,1
2026-08-22,KXSHIBAD,10.0,0.1,2
2026-08-22,KXSILVERD,6068.92,2844.51,288
2026-08-22,KXSOL15M,3532769.14,1681554.18,211843
2026-08-22,KXSOLD,401406.33,181575.46,10710
2026-08-22,KXSOLE,24988.01,4094.79,1262
2026-08-22,KXUSDJPY,944.51,79.51,14
2026-08-22,KXUST10A,2.27,1.14,2
2026-08-22,KXUST2A,35.69,30.69,33
2026-08-22,KXUST30A,3.38,2.15,2
2026-08-22,KXUST5A,75.25,50.59,3
2026-08-22,KXUST7A,2.25,1.12,2
2026-08-22,KXWTI,24169.77,11692.19,659
2026-08-22,KXXRP,87117.69,25377.86,2617
2026-08-22,KXXRP15M,5703345.49,2753509.91,286897
2026-08-22,KXXRPD,537643.77,231999.58,10743
2026-08-22,KXZEC15M,825467.9,404165.12,38993
2026-08-22,__TOTAL__,1711152949.03,435525411.24,10411083
2026-08-23,KXBNB,2119.84,989.73,288
2026-08-23,KXBNB15M,1430732.67,720287.26,102615
2026-08-23,KXBNBD,15301.71,6403.53,1352
2026-08-23,KXBRENTD,25092.37,11016.99,405
2026-08-23,KXBTC,1120208.96,310953.19,32534
2026-08-23,KXBTC15M,200062779.38,96960435.65,2585597
2026-08-23,KXBTCD,46445232.62,22653506.53,476343
2026-08-23,KXCOPPERD,2306.82,1021.34,118
2026-08-23,KXDJI,104.79,45.37,14
2026-08-23,KXDOGE,14872.02,5435.43,244
2026-08-23,KXDOGE15M,2759678.4,1361193.94,161843
2026-08-23,KXDOGED,25088.11,8671.51,486
2026-08-23,KXETH,174276.65,43578.74,3756
2026-08-23,KXETH15M,9392186.16,4426843.66,380522
2026-08-23,KXETHD,1815071.28,878300.33,45592
2026-08-23,KXEURUSD,1241.64,196.53,31
2026-08-23,KXGOLD15M,2757905.75,1556220.68,61661
2026-08-23,KXGOLDD,62411.22,29918.41,2229
2026-08-23,KXGOLDH,91116.52,49440.87,4833
2026-08-23,KXHYPE,15375.84,6566.19,463
2026-08-23,KXHYPE15M,2363239.25,1160219.83,112166
2026-08-23,KXHYPED,56290.72,23972.9,1105
2026-08-23,KXINX,950.12,78.78,34
2026-08-23,KXINXU,15326.66,6688.02,725
2026-08-23,KXNASDAQ100U,1227.8,177.43,69
2026-08-23,KXNATGASD,1581.84,645.21,60
2026-08-23,KXNEAR15M,700728.66,372740.51,31973
2026-08-23,KXPALLADIUMH,74.78,60.47,5
2026-08-23,KXSHIBA,520.0,5.2,2
2026-08-23,KXSILVER15M,827735.02,450508.81,16605
2026-08-23,KXSILVERD,26692.12,11503.95,1145
2026-08-23,KXSILVERH,20934.71,11400.29,1075
2026-08-23,KXSOL15M,3503505.37,1694604.52,226196
2026-08-23,KXSOLD,279444.86,138467.92,9296
2026-08-23,KXSOLE,24552.23,6734.65,1341
2026-08-23,KXUSDJPY,2950.41,286.35,61
2026-08-23,KXUST2A,6.0,5.47,6
2026-08-23,KXUST30A,200.0,101.0,2
2026-08-23,KXUST5A,71.91,38.11,1
2026-08-23,KXWTI,70982.17,37234.31,1588
2026-08-23,KXWTI15M,752204.72,363758.99,17120
2026-08-23,KXWTIH,34852.27,16393.48,1427
2026-08-23,KXXRP,54481.48,21080.78,1789
2026-08-23,KXXRP15M,5422092.64,2713033.66,290603
2026-08-23,KXXRPD,303741.94,130246.3,6859
2026-08-23,KXZEC15M,799672.61,387543.2,35685
2026-08-23,__TOTAL__,1326517768.65,383790522.53,9352076
2026-08-24,KXBNB,1871.3,864.19,239
2026-08-24,KXBNB15M,1139749.43,564126.45,89106
2026-08-24,KXBNBD,14349.38,7077.62,1440
2026-08-24,KXBRENTD,66204.55,32091.97,1584
2026-08-24,KXBTC,1048802.54,238698.21,24881
2026-08-24,KXBTC15M,221646189.33,115107640.19,2634797
2026-08-24,KXBTCD,56107003.81,27784889.92,561545
2026-08-24,KXCOPPERD,60799.88,12442.09,794
2026-08-24,KXDJI,11993.52,8793.81,1105
2026-08-24,KXDOGE,28574.57,14601.51,276
2026-08-24,KXDOGE15M,2294629.4,1076553.91,140439
2026-08-24,KXDOGED,21736.08,8085.55,378
2026-08-24,KXETH,206096.08,58791.04,3318
2026-08-24,KXETH15M,9779142.24,4811321.51,358605
2026-08-24,KXETHD,2855082.66,1327848.9,55203
2026-08-24,KXEURUSD,5921.54,884.45,116
2026-08-24,KXGOLD15M,15861407.21,8149006.34,381317
2026-08-24,KXGOLDD,164031.26,87207.11,5570
2026-08-24,KXGOLDH,191847.99,101338.26,11693
2026-08-24,KXHYPE,8049.85,3172.94,338
2026-08-24,KXHYPE15M,1914954.77,1007946.95,100889
2026-08-24,KXHYPED,29400.33,12453.73,781
2026-08-24,KXINX,18954.12,4450.81,402
2026-08-24,KXINXU,1110220.41,615100.86,9984
2026-08-24,KXNASDAQ100,3351.23,1798.19,91
2026-08-24,KXNASDAQ100U,241478.85,116441.43,1893
2026-08-24,KXNATGASD,106511.4,42330.51,1651
2026-08-24,KXNEAR15M,603730.02,302220.88,27680
2026-08-24,KXPALLADIUMH,89.99,47.91,31
2026-08-24,KXSHIBA,6876.88,3184.11,37
2026-08-24,KXSHIBAD,1994.0,156.76,9
2026-08-24,KXSILVER15M,5426614.65,2819399.22,122607
2026-08-24,KXSILVERD,48017.41,22361.28,2331
2026-08-24,KXSILVERH,50814.29,26245.47,3324
2026-08-24,KXSOL15M,3221841.71,1664345.46,200916
2026-08-24,KXSOLD,442555.34,232805.6,9491
2026-08-24,KXSOLE,17900.49,3719.28,926
2026-08-24,KXUSDJPY,4066.27,1063.23,122
2026-08-24,KXUST10A,103.19,82.95,2
2026-08-24,KXUST30A,1400.33,611.35,37
2026-08-24,KXUST7A,93.0,75.33,1
2026-08-24,KXWTI,540046.57,220145.06,9554
2026-08-24,KXWTI15M,5768774.49,2910690.94,162346
2026-08-24,KXWTIH,40577.12,21745.44,1993
2026-08-24,KXXRP,36224.25,11243.74,1142
2026-08-24,KXXRP15M,4613772.46,2355082.48,249762
2026-08-24,KXXRPD,203846.49,72941.52,4136
2026-08-24,KXZEC15M,657531.57,350480.02,29542
2026-08-24,__TOTAL__,1184578710.29,365061431.89,8701754
2026-08-25,KXBNB,1285.49,522.11,162
2026-08-25,KXBNB15M,715219.71,326857.88,62087
2026-08-25,KXBNBD,8435.06,4259.87,761
2026-08-25,KXBRENTD,78458.1,26503.56,1514
2026-08-25,KXBTC,1014469.36,297286.18,21057
2026-08-25,KXBTC15M,190583653.46,92165609.31,2119300
2026-08-25,KXBTCD,46246028.97,22550950.0,471973
2026-08-25,KXCOPPERD,83942.57,36083.14,1481
2026-08-25,KXDJI,17583.15,11642.42,1301
2026-08-25,KXDOGE,13175.89,6287.21,167
2026-08-25,KXDOGE15M,1609356.4,700053.67,93029
2026-08-25,KXDOGED,22995.95,4542.74,526
2026-08-25,KXETH,238350.67,76803.98,2272
2026-08-25,KXETH15M,6744783.58,3307305.89,298046
2026-08-25,KXETHD,1657276.2,785239.84,33383
2026-08-25,KXEURUSD,5243.78,1092.95,119
2026-08-25,KXGOLD15M,17811817.83,8855780.52,426765
2026-08-25,KXGOLDD,118247.73,68810.81,2947
2026-08-25,KXGOLDH,131894.63,70316.25,8170
2026-08-25,KXHYPE,9034.63,3476.16,353
2026-08-25,KXHYPE15M,1681844.22,856545.79,86707
2026-08-25,KXHYPED,57965.88,17587.87,1083
2026-08-25,KXINX,22475.0,7877.01,827
2026-08-25,KXINXU,979615.41,518875.9,10449
2026-08-25,KXNASDAQ100,3865.62,1115.71,112
2026-08-25,KXNASDAQ100U,209934.41,99602.02,1687
2026-08-25,KXNATGASD,74440.35,40192.15,1151
2026-08-25,KXNEAR15M,414869.77,190550.67,20401
2026-08-25,KXNKY,6000.0,5940.0,123
2026-08-25,KXPALLADIUMH,29.45,8.43,8
2026-08-25,KXSHIBA,1285.0,574.52,5
2026-08-25,KXSHIBAD,650.0,171.12,7
2026-08-25,KXSILVER15M,5705102.34,2936388.33,134187
2026-08-25,KXSILVERD,36619.98,16963.41,1034
2026-08-25,KXSILVERH,43012.09,21458.91,2891
2026-08-25,KXSOL15M,2583084.79,1235327.55,157421
2026-08-25,KXSOLD,347280.63,148236.85,7905
2026-08-25,KXSOLE,10969.81,3832.48,647
2026-08-25,KXUSDJPY,3064.16,844.22,76
2026-08-25,KXUST10A,867.89,231.75,34
2026-08-25,KXUST2A,1262.22,537.71,29
2026-08-25,KXUST30A,2030.21,895.46,74
2026-08-25,KXUST5A,414.81,202.97,14
2026-08-25,KXUST7A,412.46,101.39,10
2026-08-25,KXWTI,408561.36,203925.25,8095
2026-08-25,KXWTI15M,6097790.45,2974367.93,187068
2026-08-25,KXWTIH,9200.94,4752.5,647
2026-08-25,KXXRP,22448.85,8614.68,730
2026-08-25,KXXRP15M,3506799.75,1587816.09,194180
2026-08-25,KXXRPD,116130.62,44423.71,2536
2026-08-25,KXZEC15M,552565.6,242572.31,22520
2026-08-25,__TOTAL__,1359374715.67,359876349.73,8320835
2026-08-26,KXAUDUSDAD,600.0,594.0,6
2026-08-26,KXBNB,646.8,359.46,91
2026-08-26,KXBNB15M,910383.39,445882.13,70792
2026-08-26,KXBNBD,22762.54,13171.72,477
2026-08-26,KXBRENTD,68370.09,34398.85,1565
2026-08-26,KXBTC,676902.86,200918.83,15615
2026-08-26,KXBTC15M,192842839.04,93067268.7,2607281
2026-08-26,KXBTCD,37255566.58,18345061.44,382387
2026-08-26,KXCOPPERD,103851.32,35074.16,1271
2026-08-26,KXDJI,16850.23,2398.87,1634
2026-08-26,KXDOGE,30196.46,15768.72,241
2026-08-26,KXDOGE15M,1635992.9,819532.58,93654
2026-08-26,KXDOGED,41946.23,17720.74,412
2026-08-26,KXETH,145209.91,46781.78,1852
2026-08-26,KXETH15M,8326522.85,4142574.97,339336
2026-08-26,KXETHD,1682903.9,821852.38,32426
2026-08-26,KXEURUSD,7981.34,1222.22,126
2026-08-26,KXGBPUSDAD,500.0,495.0,5
2026-08-26,KXGOLD15M,18326085.08,9088220.8,387662
2026-08-26,KXGOLDD,136087.34,60092.68,4093
2026-08-26,KXGOLDH,158936.65,80649.39,9155
2026-08-26,KXHYPE,6870.67,3120.71,237
2026-08-26,KXHYPE15M,1876457.56,893186.13,95795
2026-08-26,KXHYPED,43273.68,15655.83,682
2026-08-26,KXINX,10462.24,2942.48,618
2026-08-26,KXINXU,1158683.08,688285.62,11248
2026-08-26,KXNASDAQ100,2772.09,962.8,167
2026-08-26,KXNASDAQ100U,297581.13,160951.96,3110
2026-08-26,KXNATGASD,79964.52,39621.8,1348
2026-08-26,KXNEAR15M,527321.65,232999.91,28524
2026-08-26,KXNKY,2200.0,2178.0,46
2026-08-26,KXNZDUSDAD,800.0,792.0,8
2026-08-26,KXPALLADIUMH,323.78,180.13,32
2026-08-26,KXSHIBA,36388.75,424.13,14
2026-08-26,KXSILVER15M,6307615.88,3187010.42,127172
2026-08-26,KXSILVERD,54320.41,25244.59,1742
2026-08-26,KXSILVERH,130428.27,65336.51,6528
2026-08-26,KXSOL15M,2727311.92,1427847.96,156584
2026-08-26,KXSOLD,218789.98,111593.96,5827
2026-08-26,KXSOLE,5840.02,1367.11,382
2026-08-26,KXUSDCADAD,600.0,594.0,6
2026-08-26,KXUSDCHFAD,600.0,594.0,6
2026-08-26,KXUSDJPY,5091.83,746.61,84
2026-08-26,KXUST10A,437.22,79.37,6
2026-08-26,KXUST2A,81.59,36.48,20
2026-08-26,KXUST30A,15.0,11.9,5
2026-08-26,KXUST5A,30.0,12.4,9
2026-08-26,KXWTI,400026.95,253640.29,7341
2026-08-26,KXWTI15M,5220672.68,2664534.5,169308
2026-08-26,KXWTIH,13631.2,7437.16,986
2026-08-26,KXXRP,15597.31,6212.67,575
2026-08-26,KXXRP15M,4041712.79,1898740.35,209471
2026-08-26,KXXRPD,130298.3,53380.0,2772
2026-08-26,KXZEC15M,723124.77,347350.46,37188
2026-08-26,__TOTAL__,1354611222.66,380499091.66,9030279
2026-08-27,KXBNB,827.56,493.93,117
2026-08-27,KXBNB15M,1016251.5,495866.6,65243
2026-08-27,KXBNBD,4625.39,2555.95,639
2026-08-27,KXBRENTD,44094.19,27609.7,1004
2026-08-27,KXBTC,810892.75,220576.86,20727
2026-08-27,KXBTC15M,190943994.95,94867915.9,2325942
2026-08-27,KXBTCD,38972672.92,19153870.7,398930
2026-08-27,KXCOPPER15M,117109.0,60613.3,10301
2026-08-27,KXCOPPERD,187104.17,64912.33,2260
2026-08-27,KXDJI,11769.89,8275.67,1875
2026-08-27,KXDOGE,5838.5,3985.57,93
2026-08-27,KXDOGE15M,1627600.94,797417.29,80479
2026-08-27,KXDOGED,5470.64,1803.78,303
2026-08-27,KXETH,202665.85,63492.29,2171
2026-08-27,KXETH15M,7484007.28,3623490.85,272043
2026-08-27,KXETHD,1706480.0,820977.22,35243
2026-08-27,KXEURUSD,7863.55,1090.63,132
2026-08-27,KXGBPUSDAD,27.24,26.97,1
2026-08-27,KXGOLD15M,16887962.32,8032080.42,368521
2026-08-27,KXGOLDD,81248.64,44436.03,2713
2026-08-27,KXGOLDH,157797.68,79146.04,9130
2026-08-27,KXHYPE,9496.59,3817.99,270
2026-08-27,KXHYPE15M,1761162.65,868256.15,75660
2026-08-27,KXHYPED,48340.19,23119.57,977
2026-08-27,KXINX,19881.24,6105.95,668
2026-08-27,KXINXU,905742.37,482212.9,11560
2026-08-27,KXNASDAQ100,113004.71,8880.66,173
2026-08-27,KXNASDAQ100U,442113.99,168581.17,17410
2026-08-27,KXNATGAS15M,80375.28,50367.43,7437
2026-08-27,KXNATGASD,45396.35,25327.36,1017
2026-08-27,KXNEAR15M,370732.42,178782.25,23541
2026-08-27,KXNZDUSDAD,27.24,26.97,1
2026-08-27,KXPALLADIUMH,258.1,213.51,28
2026-08-27,KXSHIBA,2851.46,959.25,18
2026-08-27,KXSHIBAD,801.0,157.19,9
2026-08-27,KXSILVER15M,5567605.35,2743856.67,133390
2026-08-27,KXSILVERD,40374.57,21603.1,1352
2026-08-27,KXSILVERH,89955.74,46582.2,4737
2026-08-27,KXSOL15M,3821373.3,1828328.93,171339
2026-08-27,KXSOLD,230780.09,120419.74,6704
2026-08-27,KXSOLE,7825.9,2259.96,469
2026-08-27,KXUSDBRLAD,27.24,26.97,1
2026-08-27,KXUSDJPY,5877.77,1353.88,126
2026-08-27,KXUSDJPYAD,27.24,26.97,1
2026-08-27,KXUST10A,317.07,177.9,26
2026-08-27,KXUST2A,864.69,529.7,22
2026-08-27,KXUST30A,471.25,208.88,12
2026-08-27,KXUST5A,535.34,273.58,32
2026-08-27,KXUST7A,277.04,97.04,11
2026-08-27,KXWTI,262794.33,153383.14,5872
2026-08-27,KXWTI15M,5868382.48,2820480.26,175873
2026-08-27,KXWTIH,12856.25,7303.62,784
2026-08-27,KXXRP,26118.09,10272.0,1013
2026-08-27,KXXRP15M,4271620.77,2158612.0,195491
2026-08-27,KXXRPD,161649.1,71111.38,4514
2026-08-27,KXZEC15M,503360.13,241877.44,30064
2026-08-27,__TOTAL__,1205501488.63,337655257.43,8211746
2026-08-28,KXBNB,725.97,405.18,141
2026-08-28,KXBNB15M,980329.77,474403.02,67563
2026-08-28,KXBNBD,6862.81,3677.37,1347
2026-08-28,KXBRENTD,3697.07,1945.16,24
2026-08-28,KXBTC,1267528.12,377081.51,31634
2026-08-28,KXBTC15M,194803215.94,89252972.45,2304717
2026-08-28,KXBTCD,45094865.12,22053511.86,454123
2026-08-28,KXCOPPER15M,699913.08,342526.99,41730
2026-08-28,KXCOPPERD,4095.43,2075.48,41
2026-08-28,KXDJI,17641.07,12762.63,1666
2026-08-28,KXDOGE,23946.41,10459.63,275
2026-08-28,KXDOGE15M,1912890.93,919438.27,106721
2026-08-28,KXDOGED,20490.7,8150.18,850
2026-08-28,KXETH,247413.4,85211.54,3274
2026-08-28,KXETH15M,8061658.89,3860071.33,322924
2026-08-28,KXETHD,2071162.91,985872.66,37083
2026-08-28,KXEURUSD,6047.25,1500.66,162
2026-08-28,KXGOLD15M,17553233.86,8579641.49,359746
2026-08-28,KXGOLDD,5520.32,2987.62,202
2026-08-28,KXGOLDH,118303.51,62607.11,6246
2026-08-28,KXHYPE,12634.89,5472.7,284
2026-08-28,KXHYPE15M,2135021.34,1013504.73,98842
2026-08-28,KXHYPED,64084.26,32783.17,2121
2026-08-28,KXINX,12901.41,5049.07,663
2026-08-28,KXINXU,1169619.83,680834.44,11172
2026-08-28,KXNASDAQ100,94463.75,2795.51,162
2026-08-28,KXNASDAQ100U,331264.73,142494.95,4938
2026-08-28,KXNATGAS15M,477277.68,223209.3,32684
2026-08-28,KXNATGASD,958.64,433.9,19
2026-08-28,KXNEAR15M,474726.34,242159.77,30278
2026-08-28,KXPALLADIUMH,133.8,92.61,24
2026-08-28,KXSHIBA,6753.64,2230.84,11
2026-08-28,KXSHIBAD,118.0,24.79,13
2026-08-28,KXSILVER15M,5151674.74,2484879.17,126903
2026-08-28,KXSILVERD,5713.94,3118.82,194
2026-08-28,KXSILVERH,7681.5,4705.41,845
2026-08-28,KXSOL15M,4054838.41,1936860.95,212102
2026-08-28,KXSOLD,246005.17,122250.67,9191
2026-08-28,KXSOLE,10462.86,4421.13,557
2026-08-28,KXUSDJPY,3638.35,840.16,85
2026-08-28,KXUST10A,5678.59,2885.84,129
2026-08-28,KXUST2A,17347.68,13461.75,128
2026-08-28,KXUST30A,8322.44,3443.33,199
2026-08-28,KXUST5A,5580.24,4192.58,143
2026-08-28,KXUST7A,3602.06,1510.83,87
2026-08-28,KXWTI,284462.78,173121.29,4672
2026-08-28,KXWTI15M,5684378.93,2889508.08,139959
2026-08-28,KXWTIH,14625.68,8334.2,1064
2026-08-28,KXXRP,28656.21,11184.76,1175
2026-08-28,KXXRP15M,4136307.87,1941190.52,225014
2026-08-28,KXXRPD,149747.22,70920.68,4900
2026-08-28,KXZEC15M,733975.16,344872.83,36780
2026-08-28,__TOTAL__,1573726594.7,395865690.53,9463316
2026-08-29,KXBNB,526.6,221.26,126
2026-08-29,KXBNB15M,1700950.13,899683.85,90463
2026-08-29,KXBNBD,13641.09,7951.78,246
2026-08-29,KXBRENTD,782.79,405.92,50
2026-08-29,KXBTC,877647.32,297738.04,29171
2026-08-29,KXBTC15M,187481333.4,102585052.1,2466327
2026-08-29,KXBTCD,28044613.12,13680230.29,326119
2026-08-29,KXCOPPERD,334.83,214.8,79
2026-08-29,KXDJI,454.85,340.91,10
2026-08-29,KXDOGE,3258.85,1238.06,254
2026-08-29,KXDOGE15M,3022947.97,1587157.61,144577
2026-08-29,KXDOGED,14942.53,7425.68,484
2026-08-29,KXETH,130549.92,58169.45,3774
2026-08-29,KXETH15M,9740961.5,5064396.22,334885
2026-08-29,KXETHD,1008091.25,513448.68,22994
2026-08-29,KXEURUSD,275.58,51.93,9
2026-08-29,KXGOLDD,3478.45,1248.8,182
2026-08-29,KXHYPE,3997.78,2224.16,313
2026-08-29,KXHYPE15M,2997012.01,1479841.42,121306
2026-08-29,KXHYPED,40550.51,20589.1,726
2026-08-29,KXINXU,574.74,374.46,40
2026-08-29,KXNASDAQ100,13.57,4.78,2
2026-08-29,KXNASDAQ100U,53.61,35.73,12
2026-08-29,KXNATGASD,460.01,243.46,24
2026-08-29,KXNEAR15M,648182.04,354637.69,37534
2026-08-29,KXSHIBA,4685.95,47.84,3
2026-08-29,KXSHIBAD,10.0,9.9,10
2026-08-29,KXSILVERD,10245.34,3210.56,270
2026-08-29,KXSOL15M,4620246.71,2401990.12,233425
2026-08-29,KXSOLD,240754.84,121251.95,6062
2026-08-29,KXSOLE,6465.43,2141.15,666
2026-08-29,KXUSDJPY,711.6,148.08,14
2026-08-29,KXWTI,13856.91,7573.06,426
2026-08-29,KXXRP,11144.19,4976.92,425
2026-08-29,KXXRP15M,5371973.91,2941287.17,264026
2026-08-29,KXXRPD,84344.2,29977.88,1707
2026-08-29,KXZEC15M,1077369.67,556434.53,48093
2026-08-29,__TOTAL__,1878247040.73,417630820.22,10176645
2026-08-30,KXBNB,584.22,255.15,141
2026-08-30,KXBNB15M,1363445.05,666364.12,84573
2026-08-30,KXBNBD,4317.34,1806.63,417
2026-08-30,KXBRENTD,27794.71,10144.96,334
2026-08-30,KXBTC,805173.99,233989.94,29137
2026-08-30,KXBTC15M,197550366.5,95793728.53,2466816
2026-08-30,KXBTCD,35498974.13,17598371.08,420810
2026-08-30,KXCOPPER15M,208376.47,100505.93,11387
2026-08-30,KXCOPPERD,1447.15,526.47,82
2026-08-30,KXDJI,1057.2,629.31,60
2026-08-30,KXDOGE,2662.28,1711.69,219
2026-08-30,KXDOGE15M,2324746.65,1032249.34,124391
2026-08-30,KXDOGED,14860.55,6607.73,359
2026-08-30,KXETH,124807.81,45439.87,4187
2026-08-30,KXETH15M,9844272.84,4675649.56,336320
2026-08-30,KXETHD,1284182.46,632148.85,31622
2026-08-30,KXEURUSD,641.1,98.52,23
2026-08-30,KXGOLD15M,3537664.21,1535260.17,71048
2026-08-30,KXGOLDD,34485.16,14867.05,1098
2026-08-30,KXGOLDH,48895.92,24198.78,3062
2026-08-30,KXHYPE,4790.06,2195.21,291
2026-08-30,KXHYPE15M,2666732.31,1247477.29,117844
2026-08-30,KXHYPED,25310.26,13606.01,812
2026-08-30,KXINX,74.64,18.23,11
2026-08-30,KXINXU,20818.0,10588.02,482
2026-08-30,KXNASDAQ100U,1570.68,548.19,535
2026-08-30,KXNATGAS15M,111369.09,56706.11,7098
2026-08-30,KXNATGASD,9433.64,4499.69,174
2026-08-30,KXNEAR15M,604643.21,296236.91,37520
2026-08-30,KXNKY,525.0,519.75,21
2026-08-30,KXPALLADIUMH,89.0,79.0,80
2026-08-30,KXSHIBA,1.0,0.99,1
2026-08-30,KXSHIBAD,9.0,8.91,9
2026-08-30,KXSILVER15M,978145.98,444870.17,21609
2026-08-30,KXSILVERD,33026.22,14700.4,1082
2026-08-30,KXSILVERH,2085.44,1370.57,355
2026-08-30,KXSOL15M,4144663.38,2079829.25,211329
2026-08-30,KXSOLD,197113.83,101676.29,7137
2026-08-30,KXSOLE,7741.92,2644.94,860
2026-08-30,KXUSDJPY,1650.94,269.45,76
2026-08-30,KXWTI,153886.61,63667.69,1845
2026-08-30,KXWTI15M,1169059.65,541875.7,22739
2026-08-30,KXWTIH,4498.01,2567.71,381
2026-08-30,KXXRP,11128.16,4170.98,638
2026-08-30,KXXRP15M,5392882.81,2494968.86,256414
2026-08-30,KXXRPD,82135.62,26536.13,2502
2026-08-30,KXZEC15M,1014655.05,515568.44,45481
2026-08-30,__TOTAL__,1625344515.62,416903006.31,9410205
2026-08-31,KXAUDUSDAD,800.0,792.0,8
2026-08-31,KXBNB,360.32,247.03,105
2026-08-31,KXBNB15M,1159892.46,597795.49,81215
2026-08-31,KXBNBD,3387.47,1568.85,350
2026-08-31,KXBRENTD,69749.13,38108.76,1376
2026-08-31,KXBTC,612527.17,161520.74,19737
2026-08-31,KXBTC15M,209933048.0,101606119.14,2531959
2026-08-31,KXBTCD,41041542.14,20460094.8,440632
2026-08-31,KXCOPPER15M,924991.89,470748.83,45628
2026-08-31,KXCOPPERD,48936.78,22830.58,613
2026-08-31,KXDJI,9403.21,2029.75,508
2026-08-31,KXDOGE,4520.23,2040.01,51
2026-08-31,KXDOGE15M,2323807.09,1157305.33,112962
2026-08-31,KXDOGED,8179.95,4959.13,82
2026-08-31,KXETH,479641.54,219914.08,2792
2026-08-31,KXETH15M,9213202.41,4679393.62,325166
2026-08-31,KXETHD,2207120.17,1125592.31,38295
2026-08-31,KXEURUSD,5443.5,836.14,117
2026-08-31,KXGBPUSDAD,600.0,594.0,9
2026-08-31,KXGOLD15M,16016240.27,7949888.16,275474
2026-08-31,KXGOLDD,100202.7,39941.28,2430
2026-08-31,KXGOLDH,83318.32,49362.75,5582
2026-08-31,KXHYPE,10415.79,5486.07,405
2026-08-31,KXHYPE15M,2828123.14,1403330.4,123731
2026-08-31,KXHYPED,44989.19,20223.75,949
2026-08-31,KXINX,13526.35,4590.82,620
2026-08-31,KXINXU,1393131.14,725429.05,12045
2026-08-31,KXNASDAQ100,1013.83,649.97,105
2026-08-31,KXNASDAQ100U,437829.03,212790.33,8184
2026-08-31,KXNATGAS15M,516855.02,260500.61,32251
2026-08-31,KXNATGASD,95891.17,55193.72,1232
2026-08-31,KXNEAR15M,757678.53,396963.18,39253
2026-08-31,KXNKY,1425.0,1410.75,57
2026-08-31,KXNZDUSDAD,675.0,668.25,10
2026-08-31,KXPALLADIUMH,371.98,313.37,325
2026-08-31,KXSHIBA,1586.0,796.3,5
2026-08-31,KXSHIBAD,767.33,620.78,14
2026-08-31,KXSILVER15M,4425780.79,2164845.41,95366
2026-08-31,KXSILVERD,41674.38,21501.94,1095
2026-08-31,KXSILVERH,17309.36,13995.52,1897
2026-08-31,KXSOL15M,3834034.95,1805680.4,191909
2026-08-31,KXSOLD,288969.8,135727.16,6191
2026-08-31,KXSOLE,4980.6,1365.98,529
2026-08-31,KXUSDBRLAD,135.1,133.75,2
2026-08-31,KXUSDCADAD,600.0,594.0,7
2026-08-31,KXUSDCHFAD,700.0,693.0,8
2026-08-31,KXUSDJPY,4045.88,683.67,155
2026-08-31,KXWTI,308133.76,182220.7,6544
2026-08-31,KXWTI15M,5503702.44,3093355.32,104075
2026-08-31,KXWTIH,19244.35,11225.99,1925
2026-08-31,KXXRP,5903.52,2724.43,521
2026-08-31,KXXRP15M,4733459.83,2368757.93,217760
2026-08-31,KXXRPD,78598.22,25572.78,2061
2026-08-31,KXZEC15M,898262.17,465450.41,40988
2026-08-31,__TOTAL__,1495473930.21,397785661.32,8808347
2026-09-01,KXAUDUSDAD,375.0,371.25,5
2026-09-01,KXBNB,449.8,322.07,143
2026-09-01,KXBNB15M,1041586.04,509084.66,67994
2026-09-01,KXBNBD,3505.37,1614.6,372
2026-09-01,KXBRENTD,146049.2,82710.25,2945
2026-09-01,KXBTC,834432.51,219723.97,23583
2026-09-01,KXBTC15M,201259733.27,96129715.28,2463253
2026-09-01,KXBTCD,44294530.56,22195890.51,463909
2026-09-01,KXCOPPER15M,907014.24,433053.1,39133
2026-09-01,KXCOPPERD,192682.01,86453.4,1722
2026-09-01,KXDJI,4387.25,920.29,143
2026-09-01,KXDOGE,607.87,204.89,48
2026-09-01,KXDOGE15M,1910301.66,942540.18,101109
2026-09-01,KXDOGED,3372.77,802.88,119
2026-09-01,KXETH,240189.67,87144.35,2931
2026-09-01,KXETH15M,8044746.41,4037804.27,298323
2026-09-01,KXETHD,1888580.88,882970.62,30348
2026-09-01,KXEURUSD,5928.12,1065.24,120
2026-09-01,KXGBPUSDAD,607.28,600.52,9
2026-09-01,KXGOLD15M,20182662.72,8741153.16,308096
2026-09-01,KXGOLDD,143299.72,59491.35,2960
2026-09-01,KXGOLDH,32914.54,22364.52,2827
2026-09-01,KXHYPE,6890.45,3861.06,356
2026-09-01,KXHYPE15M,2560177.26,1257831.73,116433
2026-09-01,KXHYPED,22565.03,13294.35,837
2026-09-01,KXINX,13095.19,4633.5,516
2026-09-01,KXINXU,817225.73,389369.83,10650
2026-09-01,KXNASDAQ100,701.07,321.55,119
2026-09-01,KXNASDAQ100U,372369.45,180327.35,5540
2026-09-01,KXNATGAS15M,706874.72,357599.9,34774
2026-09-01,KXNATGASD,92324.19,44160.32,1299
2026-09-01,KXNEAR15M,773939.94,353191.69,37404
2026-09-01,KXNKY,30.0,29.7,30
2026-09-01,KXNZDUSDAD,375.0,371.25,5
2026-09-01,KXPALLADIUMH,1196.21,718.6,347
2026-09-01,KXSHIBA,34.0,1.32,2
2026-09-01,KXSHIBAD,43.0,42.57,11
2026-09-01,KXSILVER15M,5279683.93,2273527.91,117503
2026-09-01,KXSILVERD,34114.85,13672.48,866
2026-09-01,KXSILVERH,15815.22,9343.12,1426
2026-09-01,KXSOL15M,3789400.05,1852348.82,184269
2026-09-01,KXSOLD,227806.55,114790.45,6495
2026-09-01,KXSOLE,6301.7,1655.89,556
2026-09-01,KXUSDCADAD,450.0,445.5,6
2026-09-01,KXUSDCHFAD,469.0,464.31,9
2026-09-01,KXUSDJPY,5430.1,1366.32,126
2026-09-01,KXWTI,450295.97,288871.59,7654
2026-09-01,KXWTI15M,7510348.56,4002310.0,138422
2026-09-01,KXWTIH,25573.38,15611.49,2029
2026-09-01,KXXRP,7713.35,3128.16,683
2026-09-01,KXXRP15M,4051778.87,1972870.75,192258
2026-09-01,KXXRPD,65407.49,25058.39,2124
2026-09-01,KXZEC15M,817799.82,363839.93,40907
2026-09-01,__TOTAL__,1531004762.9,385817425.07,8901713
2026-09-02,KXAUDUSDAD,880.55,871.74,9
2026-09-02,KXBNB,2842.93,1465.06,137
2026-09-02,KXBNB15M,1118985.49,513674.25,63505
2026-09-02,KXBNBD,3145.24,1407.6,256
2026-09-02,KXBRENTD,80155.18,45168.6,1962
2026-09-02,KXBTC,876680.08,245677.91,22916
2026-09-02,KXBTC15M,212134516.6,100731041.4,2373325
2026-09-02,KXBTCD,41213708.56,20478861.97,444539
2026-09-02,KXCOPPER15M,1075585.73,563794.1,46748
2026-09-02,KXCOPPERD,246875.25,75258.06,2278
2026-09-02,KXDJI,6834.35,5501.06,1591
2026-09-02,KXDOGE,5764.98,613.75,71
2026-09-02,KXDOGE15M,1834851.28,901582.11,96667
2026-09-02,KXDOGED,31941.48,25707.29,193
2026-09-02,KXETH,232801.0,85942.89,3089
2026-09-02,KXETH15M,8360161.07,3949776.62,302701
2026-09-02,KXETHD,1957777.04,957452.14,34485
2026-09-02,KXEURUSD,8055.5,1186.14,116
2026-09-02,KXGBPUSDAD,250.0,247.5,5
2026-09-02,KXGOLD15M,18453639.33,10227300.46,317511
2026-09-02,KXGOLDD,89306.18,46637.64,2352
2026-09-02,KXGOLDH,45611.32,36630.84,2633
2026-09-02,KXHYPE,3358.12,1549.99,279
2026-09-02,KXHYPE15M,2029641.39,1006870.1,99639
2026-09-02,KXHYPED,19605.94,11764.1,883
2026-09-02,KXINX,40322.24,5620.94,448
2026-09-02,KXINXU,1055698.39,615726.23,13341
2026-09-02,KXNASDAQ100,1748.04,855.06,90
2026-09-02,KXNASDAQ100U,240587.5,163844.85,4917
2026-09-02,KXNATGAS15M,952583.78,515868.76,40802
2026-09-02,KXNATGASD,77920.95,37817.09,1167
2026-09-02,KXNEAR15M,884818.28,465674.5,38502
2026-09-02,KXNKY,33.0,32.67,33
2026-09-02,KXNZDUSDAD,400.0,396.0,8
2026-09-02,KXPALLADIUMH,1075.79,876.58,584
2026-09-02,KXSHIBA,2.0,1.94,2
2026-09-02,KXSHIBAD,14060.19,11319.63,19
2026-09-02,KXSILVER15M,4604161.12,2423727.34,119457
2026-09-02,KXSILVERD,24033.16,14345.88,682
2026-09-02,KXSILVERH,12411.73,7894.44,1352
2026-09-02,KXSOL15M,3820441.65,1877010.82,174527
2026-09-02,KXSOLD,270968.4,137293.54,7588
2026-09-02,KXSOLE,5901.12,1454.81,647
2026-09-02,KXUSDCADAD,225.0,222.75,3
2026-09-02,KXUSDCHFAD,450.0,445.5,6
2026-09-02,KXUSDJPY,9492.24,1742.39,198
2026-09-02,KXWTI,234689.75,163327.39,4409
2026-09-02,KXWTI15M,5364550.07,2683701.96,119539
2026-09-02,KXWTIH,26597.89,14395.26,1960
2026-09-02,KXXRP,8967.65,3959.52,599
2026-09-02,KXXRP15M,4106236.96,2067007.55,199985
2026-09-02,KXXRPD,91052.24,32645.53,2013
2026-09-02,KXZEC15M,743288.2,342916.99,41114
2026-09-02,__TOTAL__,1565606174.48,405225024.78,8867493
2026-09-03,KXAUDUSDAD,360.0,346.6,8
2026-09-03,KXBNB,14339.76,7324.99,244
2026-09-03,KXBNB15M,1094293.86,592166.56,60203
2026-09-03,KXBNBD,7648.5,3465.38,557
2026-09-03,KXBRENTD,68028.26,39115.39,1287
2026-09-03,KXBTC,965621.07,208074.99,22656
2026-09-03,KXBTC15M,220217567.14,116857365.21,2501024
2026-09-03,KXBTCD,46279905.66,23524449.66,505782
2026-09-03,KXCOPPER15M,1191195.83,619792.99,47364
2026-09-03,KXCOPPERD,66898.29,34176.94,1028
2026-09-03,KXDJI,12675.17,11615.0,1855
2026-09-03,KXDOGE,14377.2,5691.86,128
2026-09-03,KXDOGE15M,1860372.45,881492.43,96653
2026-09-03,KXDOGED,18275.75,5673.08,392
2026-09-03,KXETH,196908.54,66109.07,2769
2026-09-03,KXETH15M,9475032.77,4921931.87,318140
2026-09-03,KXETHD,1824053.39,888506.51,33401
2026-09-03,KXEURUSD,6418.22,1595.1,180
2026-09-03,KXGBPUSDAD,400.0,396.0,8
2026-09-03,KXGOLD15M,22590087.14,10391577.53,371428
2026-09-03,KXGOLDD,98457.23,60278.41,2405
2026-09-03,KXGOLDH,43932.39,28766.51,2789
2026-09-03,KXHYPE,4239.59,1583.37,204
2026-09-03,KXHYPE15M,2094773.96,1119257.63,106085
2026-09-03,KXHYPED,26728.23,13347.63,857
2026-09-03,KXINX,24694.19,6028.51,693
2026-09-03,KXINXU,1135395.0,646167.12,12691
2026-09-03,KXNASDAQ100,4144.15,1028.19,196
2026-09-03,KXNASDAQ100U,338960.71,201663.23,5056
2026-09-03,KXNATGAS15M,832327.63,407879.4,37377
2026-09-03,KXNATGASD,44101.8,23684.87,1024
2026-09-03,KXNEAR15M,637332.56,362895.05,31740
2026-09-03,KXNKY,1.0,0.99,1
2026-09-03,KXNZDUSDAD,370.0,366.3,8
2026-09-03,KXPALLADIUMH,788.34,708.26,421
2026-09-03,KXSHIBA,2204.35,1343.02,5
2026-09-03,KXSHIBAD,3163.93,2822.36,18
2026-09-03,KXSILVER15M,4727377.71,2357787.66,112867
2026-09-03,KXSILVERD,12814.31,5786.32,423
2026-09-03,KXSILVERH,18564.81,11872.4,1374
2026-09-03,KXSOL15M,4333882.99,2085985.49,171878
2026-09-03,KXSOLD,307512.89,139508.34,6686
2026-09-03,KXSOLE,6566.69,2303.43,414
2026-09-03,KXUSDCADAD,300.0,297.0,9
2026-09-03,KXUSDCHFAD,400.0,396.0,8
2026-09-03,KXUSDJPY,7755.16,1697.02,81
2026-09-03,KXWTI,368664.24,185460.3,6323
2026-09-03,KXWTI15M,4628771.0,2321558.48,112035
2026-09-03,KXWTIH,33311.95,17686.86,2101
2026-09-03,KXXRP,29199.69,10144.83,718
2026-09-03,KXXRP15M,4542012.4,2210601.82,206168
2026-09-03,KXXRPD,113648.29,40197.6,2456
2026-09-03,KXZEC15M,869751.75,485051.06,43742
2026-09-03,__TOTAL__,1572325465.25,447224479.41,9281237
2026-09-04,KXBNB,2168.1,796.97,490
2026-09-04,KXBNB15M,1176115.18,610109.46,67461
2026-09-04,KXBNBD,10083.28,5244.2,782
2026-09-04,KXBTC,1063761.27,306574.44,25861
2026-09-04,KXBTC15M,207600640.06,103617391.01,2547306
2026-09-04,KXBTCD,40534466.87,19935996.14,456102
2026-09-04,KXCOPPER15M,1312367.84,682252.58,61865
2026-09-04,KXDJI,4269.42,355.26,91
2026-09-04,KXDOGE,43050.96,20096.13,642
2026-09-04,KXDOGE15M,2278590.82,1181468.72,109350
2026-09-04,KXDOGED,31987.62,11053.4,812
2026-09-04,KXETH,311836.73,102844.05,4414
2026-09-04,KXETH15M,9493852.38,4606188.46,346959
2026-09-04,KXETHD,1563750.2,785024.62,30009
2026-09-04,KXEURUSD,3087.6,695.56,88
2026-09-04,KXGOLD15M,19800771.61,9989111.7,358608
2026-09-04,KXGOLDH,52548.6,25002.25,3206
2026-09-04,KXHYPE,5796.62,2635.66,520
2026-09-04,KXHYPE15M,2288444.31,987060.52,112322
2026-09-04,KXHYPED,62431.31,28797.69,1576
2026-09-04,KXINX,40412.28,9478.91,386
2026-09-04,KXINXU,1010469.72,510192.58,9904
2026-09-04,KXNASDAQ100,2073.62,482.39,103
2026-09-04,KXNASDAQ100U,300857.48,113526.2,3280
2026-09-04,KXNATGAS15M,1075113.04,571743.2,46954
2026-09-04,KXNEAR15M,718719.42,408529.31,39515
2026-09-04,KXPALLADIUMH,914.6,479.34,280
2026-09-04,KXSHIBA,2371.87,54.66,7
2026-09-04,KXSHIBAD,104.51,10.88,12
2026-09-04,KXSILVER15M,4301673.82,2269218.39,121616
2026-09-04,KXSILVERH,25760.95,13687.48,1604
2026-09-04,KXSOL15M,4606235.54,2392522.94,194730
2026-09-04,KXSOLD,229104.75,104771.98,6798
2026-09-04,KXSOLE,13672.66,4536.52,1292
2026-09-04,KXUSDJPY,6428.08,921.24,158
2026-09-04,KXUST10A,300.0,66.0,3
2026-09-04,KXUST2A,401.0,282.07,5
2026-09-04,KXUST30A,938.09,259.4,14
2026-09-04,KXUST5A,505.0,123.21,7
2026-09-04,KXUST7A,700.0,185.0,7
2026-09-04,KXWTI,578195.9,319044.24,6199
2026-09-04,KXWTI15M,5042410.68,2540940.0,127618
2026-09-04,KXWTIH,38707.81,20351.71,2081
2026-09-04,KXXRP,16610.34,6417.98,1046
2026-09-04,KXXRP15M,4929806.42,2552831.97,222448
2026-09-04,KXXRPD,126676.86,51635.7,2955
2026-09-04,KXZEC15M,1086525.25,585543.73,53517
2026-09-04,__TOTAL__,1830661705.68,433937131.34,9821081
2026-09-05,KXBNB,10477.88,3797.53,2080
2026-09-05,KXBNB15M,1859241.67,1002350.34,93632
2026-09-05,KXBNBD,23195.17,11351.54,2249
2026-09-05,KXBTC,1293060.31,391674.31,33424
2026-09-05,KXBTC15M,184297870.71,97778551.09,2919290
2026-09-05,KXBTCD,28957201.1,14024501.71,346013
2026-09-05,KXDOGE,9986.68,4627.98,1116
2026-09-05,KXDOGE15M,2777065.0,1374330.13,140735
2026-09-05,KXDOGED,30795.07,13171.12,1047
2026-09-05,KXETH,128455.78,48157.76,6329
2026-09-05,KXETH15M,9715845.73,5166389.09,382639
2026-09-05,KXETHD,967614.99,465561.19,25472
2026-09-05,KXHYPE,8571.89,3476.61,1199
2026-09-05,KXHYPE15M,2366637.57,1167095.28,123792
2026-09-05,KXHYPED,66183.36,27206.98,1615
2026-09-05,KXINX,31.52,6.05,3
2026-09-05,KXNASDAQ100,5652.5,1526.2,61
2026-09-05,KXNEAR15M,917310.38,458574.28,49220
2026-09-05,KXSHIBA,406.33,5.6,17
2026-09-05,KXSHIBAD,10.46,10.35,11
2026-09-05,KXSOL15M,4175551.78,2225696.02,206120
2026-09-05,KXSOLD,282887.04,131060.51,8753
2026-09-05,KXSOLE,15860.48,4622.31,2298
2026-09-05,KXUST10A,186.65,151.92,3
2026-09-05,KXUST2A,192.0,166.44,2
2026-09-05,KXUST30A,155.98,120.66,7
2026-09-05,KXUST5A,1.2,0.22,1
2026-09-05,KXUST7A,104.0,76.31,2
2026-09-05,KXWTI,76750.66,40327.39,1109
2026-09-05,KXXRP,34061.22,10856.06,1727
2026-09-05,KXXRP15M,5199332.5,2736328.14,269227
2026-09-05,KXXRPD,121779.47,37723.94,2923
2026-09-05,KXZEC15M,1457216.01,738453.05,66173
2026-09-05,__TOTAL__,2293058785.95,508582468.11,11811693
2026-09-06,KXBNB,8752.22,4683.5,409
2026-09-06,KXBNB15M,1638408.3,799287.9,82293
2026-09-06,KXBNBD,5858.64,2921.68,764
2026-09-06,KXBTC,1036976.08,318746.9,28860
2026-09-06,KXBTC15M,182215985.24,83619609.59,2811000
2026-09-06,KXBTCD,29834438.49,14542081.94,357346
2026-09-06,KXCOPPER15M,319598.62,135859.64,12948
2026-09-06,KXDOGE,5148.59,3060.0,601
2026-09-06,KXDOGE15M,2633795.79,1388234.37,132569
2026-09-06,KXDOGED,22908.17,10566.8,909
2026-09-06,KXETH,156305.25,48754.58,5867
2026-09-06,KXETH15M,9969081.81,4981163.67,384002
2026-09-06,KXETHD,1220022.85,606338.88,30290
2026-09-06,KXGOLD15M,3543349.16,1771650.6,70523
2026-09-06,KXGOLDH,20330.37,9277.77,1487
2026-09-06,KXHYPE,6115.38,3377.07,741
2026-09-06,KXHYPE15M,2562216.01,1283988.71,130300
2026-09-06,KXHYPED,54677.52,28221.73,1789
2026-09-06,KXINX,4.73,0.14,1
2026-09-06,KXNASDAQ100,24.84,4.87,6
2026-09-06,KXNATGAS15M,194655.67,98080.11,9197
2026-09-06,KXNEAR15M,787796.44,418347.16,48014
2026-09-06,KXNKY,1.0,0.99,1
2026-09-06,KXPALLADIUMH,190.3,56.89,67
2026-09-06,KXSHIBA,94.51,1.93,2
2026-09-06,KXSHIBAD,10.0,9.9,10
2026-09-06,KXSILVER15M,723514.86,350994.66,24932
2026-09-06,KXSILVERH,5949.9,3002.05,578
2026-09-06,KXSOL15M,4350782.93,2063030.43,204285
2026-09-06,KXSOLD,259637.17,130650.02,8500
2026-09-06,KXSOLE,8033.49,2985.82,948
2026-09-06,KXUST10A,115.95,97.51,15
2026-09-06,KXUST2A,200.08,189.06,3
2026-09-06,KXUST30A,100.28,5.22,2
2026-09-06,KXUST5A,95.0,75.05,1
2026-09-06,KXWTI,54995.16,32845.76,1158
2026-09-06,KXWTI15M,916747.95,434712.59,26127
2026-09-06,KXWTIH,9923.13,5263.17,679
2026-09-06,KXXRP,20041.84,8856.26,1476
2026-09-06,KXXRP15M,4681729.63,2422419.18,241298
2026-09-06,KXXRPD,107483.12,45518.99,2641
2026-09-06,KXZEC15M,1541460.3,858929.13,68212
2026-09-06,__TOTAL__,1605762289.48,399894439.25,10197347
2026-09-07,KXBNB,2068.19,1279.81,616
2026-09-07,KXBNB15M,1266202.23,613051.32,71114
2026-09-07,KXBNBD,15392.36,6854.97,1570
2026-09-07,KXBRENTD,14047.1,6592.02,258
2026-09-07,KXBTC,893824.27,269616.76,23986
2026-09-07,KXBTC15M,176639247.04,86017911.91,2509877
2026-09-07,KXBTCD,32845513.11,16021829.48,368736
2026-09-07,KXCOPPER15M,1415777.99,763307.41,58577
2026-09-07,KXCOPPERD,22046.24,1147.45,188
2026-09-07,KXDJI,1479.48,681.02,47
2026-09-07,KXDOGE,4932.15,3323.27,602
2026-09-07,KXDOGE15M,2283638.32,1181549.52,116172
2026-09-07,KXDOGED,17808.47,7400.79,853
2026-09-07,KXETH,131861.27,34967.2,5011
2026-09-07,KXETH15M,9252329.98,4338035.86,344146
2026-09-07,KXETHD,1376830.61,662411.75,34549
2026-09-07,KXEURUSD,5021.75,141.81,44
2026-09-07,KXGOLD15M,15712222.39,7571863.45,268271
2026-09-07,KXGOLDD,18769.1,10466.58,252
2026-09-07,KXGOLDH,27468.48,15624.38,1783
2026-09-07,KXHYPE,4267.29,2728.99,455
2026-09-07,KXHYPE15M,2077648.87,963003.74,104988
2026-09-07,KXHYPED,36737.06,17605.87,1450
2026-09-07,KXINX,116.16,9.89,10
2026-09-07,KXINXU,13847.08,8640.77,1230
2026-09-07,KXNASDAQ100,271.38,61.72,20
2026-09-07,KXNASDAQ100U,11345.01,5534.52,1445
2026-09-07,KXNATGAS15M,991064.82,495528.38,43304
2026-09-07,KXNATGASD,59224.02,21886.3,606
2026-09-07,KXNEAR15M,873337.72,414581.24,42738
2026-09-07,KXNKY,135.0,133.41,88
2026-09-07,KXPALLADIUMH,910.97,606.07,157
2026-09-07,KXSHIBA,10.35,1.08,2
2026-09-07,KXSHIBAD,82.0,81.18,18
2026-09-07,KXSILVER15M,2610558.05,1365560.52,95551
2026-09-07,KXSILVERD,3086.6,2119.51,97
2026-09-07,KXSILVERH,18557.85,10071.66,1359
2026-09-07,KXSOL15M,3574110.13,1681797.54,161239
2026-09-07,KXSOLD,344310.0,173510.34,8611
2026-09-07,KXSOLE,11064.0,3503.72,842
2026-09-07,KXUSDJPY,3495.53,144.75,53
2026-09-07,KXUST10A,207.89,80.09,5
2026-09-07,KXUST2A,801.08,43.84,6
2026-09-07,KXUST30A,509.7,359.96,12
2026-09-07,KXWTI,178378.26,108076.92,2562
2026-09-07,KXWTI15M,3564842.18,1830476.96,102873
2026-09-07,KXWTIH,13447.81,7442.02,935
2026-09-07,KXXRP,23456.9,8090.29,999
2026-09-07,KXXRP15M,4231131.52,2057687.63,206591
2026-09-07,KXXRPD,95874.84,36491.22,2602
2026-09-07,KXZEC15M,1268714.82,598050.9,59337
2026-09-07,__TOTAL__,1381031198.95,345758937.18,8886830
2026-09-08,KXAUDUSDAD,10511.84,1750.73,77
2026-09-08,KXBNB,35196.21,17470.53,577
2026-09-08,KXBNB15M,1293486.34,650454.82,78058
2026-09-08,KXBNBD,11473.64,6086.76,1033
2026-09-08,KXBRENTD,170633.79,87233.15,2916
2026-09-08,KXBTC,720423.44,198977.13,21038
2026-09-08,KXBTC15M,191331226.8,89753372.92,2568275
2026-09-08,KXBTCD,36007663.41,18100003.39,421025
2026-09-08,KXCOPPER15M,1589005.44,782511.64,65796
2026-09-08,KXCOPPERD,99157.3,34531.41,1202
2026-09-08,KXDJI,962.47,320.41,27
2026-09-08,KXDOGE,12872.13,5008.33,922
2026-09-08,KXDOGE15M,2089764.35,1009935.91,119209
2026-09-08,KXDOGED,37016.36,15838.85,859
2026-09-08,KXETH,201883.82,61527.09,4747
2026-09-08,KXETH15M,9211827.66,4493188.84,358535
2026-09-08,KXETHD,1695542.42,821938.49,33932
2026-09-08,KXEURUSD,4219.64,878.65,120
2026-09-08,KXGBPUSDAD,418.6,414.41,17
2026-09-08,KXGOLD15M,18516198.34,8027070.63,311829
2026-09-08,KXGOLDD,75599.08,28291.28,1742
2026-09-08,KXGOLDH,113124.46,59772.73,6513
2026-09-08,KXHYPE,5759.48,2745.7,590
2026-09-08,KXHYPE15M,2281130.6,1113474.3,116321
2026-09-08,KXHYPED,36846.67,15623.56,1209
2026-09-08,KXINX,10348.51,3037.19,348
2026-09-08,KXINXU,830245.44,429114.22,10676
2026-09-08,KXNASDAQ100,1298.84,521.2,155
2026-09-08,KXNASDAQ100U,347451.81,160338.42,6907
2026-09-08,KXNATGAS15M,1131139.42,596057.39,49610
2026-09-08,KXNATGASD,88775.22,52814.27,2175
2026-09-08,KXNEAR15M,866744.14,392011.67,45817
2026-09-08,KXNKY,132.0,80.84,11
2026-09-08,KXNZDUSDAD,454.4,449.86,16
2026-09-08,KXPALLADIUMH,3251.57,1693.3,421
2026-09-08,KXSHIBA,4899.0,2702.77,11
2026-09-08,KXSHIBAD,987.68,353.44,10
2026-09-08,KXSILVER15M,3724140.67,1777590.55,113164
2026-09-08,KXSILVERD,28110.41,13765.71,764
2026-09-08,KXSILVERH,69436.15,36880.23,3922
2026-09-08,KXSOL15M,3655619.61,1762529.75,158476
2026-09-08,KXSOLD,242750.85,119040.64,7740
2026-09-08,KXSOLE,8453.34,2855.97,842
2026-09-08,KXUSDCADAD,944.79,445.09,14
2026-09-08,KXUSDCHFAD,400.0,396.0,8
2026-09-08,KXUSDJPY,10178.77,1394.44,179
2026-09-08,KXUSDJPYAD,2919.08,2882.83,60
2026-09-08,KXUSDNOKAD,20.16,19.96,2
2026-09-08,KXUST10A,677.9,615.68,8
2026-09-08,KXUST2A,1747.3,1519.33,20
2026-09-08,KXUST30A,1531.0,662.74,19
2026-09-08,KXUST5A,110.0,99.5,2
2026-09-08,KXUST7A,100.54,93.53,2
2026-09-08,KXWTI,401185.01,207353.24,8164
2026-09-08,KXWTI15M,5921327.07,3070118.81,135698
2026-09-08,KXWTIH,76748.8,37415.31,4560
2026-09-08,KXXRP,26909.39,9842.49,1152
2026-09-08,KXXRP15M,4199555.93,2025381.54,205134
2026-09-08,KXXRPD,87504.1,33085.88,2393
2026-09-08,KXZEC15M,1176498.83,595295.69,57738
2026-09-08,__TOTAL__,1631502004.24,369242694.73,9562500
2026-09-09,KXAUDUSDAD,321.8,259.78,12
2026-09-09,KXBNB,1662.95,1143.17,561
2026-09-09,KXBNB15M,1162363.07,535949.22,80761
2026-09-09,KXBNBD,12648.33,5554.71,1416
2026-09-09,KXBRENTD,142072.62,85947.01,3428
2026-09-09,KXBTC,900484.49,227006.17,22170
2026-09-09,KXBTC15M,201386630.73,96585414.07,2647953
2026-09-09,KXBTCD,40124290.22,20171934.52,465729
2026-09-09,KXCOPPER15M,1760881.25,924544.36,76222
2026-09-09,KXCOPPERD,84753.67,31972.96,1061
2026-09-09,KXDJI,5851.5,2756.34,178
2026-09-09,KXDOGE,15405.21,9319.28,486
2026-09-09,KXDOGE15M,2016280.33,971128.72,124304
2026-09-09,KXDOGED,23541.47,9967.57,540
2026-09-09,KXETH,180896.88,58959.06,4233
2026-09-09,KXETH15M,8682659.65,4333199.99,372715
2026-09-09,KXETHD,1528853.69,755993.02,36361
2026-09-09,KXEURUSD,11154.7,2972.49,117
2026-09-09,KXGBPUSDAD,270.8,238.64,12
2026-09-09,KXGOLD15M,17503154.97,8688332.88,316042
2026-09-09,KXGOLDD,68792.58,37425.05,1859
2026-09-09,KXGOLDH,101204.47,54907.22,6182
2026-09-09,KXHYPE,7937.33,3018.88,530
2026-09-09,KXHYPE15M,2076550.12,963844.26,125744
2026-09-09,KXHYPED,38252.62,18106.68,1682
2026-09-09,KXINX,7026.79,1381.13,248
2026-09-09,KXINXU,728262.47,390564.83,10680
2026-09-09,KXNASDAQ100,6311.21,3278.45,191
2026-09-09,KXNASDAQ100U,345689.55,194762.33,5697
2026-09-09,KXNATGAS15M,1316272.85,596217.49,62209
2026-09-09,KXNATGASD,62578.7,29487.29,1068
2026-09-09,KXNEAR15M,837169.09,464426.58,50627
2026-09-09,KXNZDUSDAD,175.0,173.25,7
2026-09-09,KXPALLADIUMH,4838.08,3481.91,758
2026-09-09,KXSHIBA,542.0,421.94,3
2026-09-09,KXSHIBAD,105.51,11.91,13
2026-09-09,KXSILVER15M,4253946.96,2151319.21,121074
2026-09-09,KXSILVERD,21672.05,10994.0,844
2026-09-09,KXSILVERH,40698.58,22334.96,2909
2026-09-09,KXSOL15M,3681277.68,1697405.64,173804
2026-09-09,KXSOLD,202471.07,101623.95,8065
2026-09-09,KXSOLE,4849.29,1806.74,683
2026-09-09,KXUSDBRLAD,488.7,483.81,8
2026-09-09,KXUSDCADAD,735.1,727.45,24
2026-09-09,KXUSDCHFAD,225.0,222.75,9
2026-09-09,KXUSDINRAD,2000.0,1980.0,20
2026-09-09,KXUSDJPY,10204.0,1578.42,134
2026-09-09,KXUSDJPYAD,1500.0,1485.0,20
2026-09-09,KXUSDNOKAD,1100.0,1089.0,11
2026-09-09,KXUST10A,1212.12,615.4,23
2026-09-09,KXUST2A,1764.06,1449.62,24
2026-09-09,KXUST30A,1002.0,533.98,13
2026-09-09,KXUST5A,1011.2,430.37,17
2026-09-09,KXUST7A,701.0,436.99,8
2026-09-09,KXWTI,440503.49,259358.53,8528
2026-09-09,KXWTI15M,5384708.46,2651955.75,133609
2026-09-09,KXWTIH,33616.5,18134.97,2240
2026-09-09,KXXRP,25087.46,7600.51,1006
2026-09-09,KXXRP15M,3861464.8,1812063.43,224263
2026-09-09,KXXRPD,77550.45,33845.92,2178
2026-09-09,KXZEC15M,1321975.64,691932.94,71081
2026-09-09,__TOTAL__,1900797170.77,433518326.65,10917278
2026-09-10,KXAUDUSDAD,417.6,323.26,17
2026-09-10,KXBNB,27868.01,13713.58,567
2026-09-10,KXBNB15M,1262368.77,588725.32,81197
2026-09-10,KXBNBD,7849.05,3871.15,1053
2026-09-10,KXBRENTD,146471.81,91150.46,3743
2026-09-10,KXBTC,962178.33,259357.23,22883
2026-09-10,KXBTC15M,211864505.65,102859951.44,2821704
2026-09-10,KXBTCD,35369608.5,17860597.54,405399
2026-09-10,KXCOPPER15M,1769457.67,844306.82,77443
2026-09-10,KXCOPPERD,30091.69,13108.59,890
2026-09-10,KXDJI,19610.38,3189.54,810
2026-09-10,KXDOGE,8602.1,4274.48,303
2026-09-10,KXDOGE15M,2117157.27,1017610.01,136873
2026-09-10,KXDOGED,24155.76,6905.83,436
2026-09-10,KXETH,160380.74,60960.88,3474
2026-09-10,KXETH15M,8028919.81,3931147.92,377957
2026-09-10,KXETHD,1393247.09,705929.9,31460
2026-09-10,KXEURUSD,6592.74,1156.89,150
2026-09-10,KXGBPUSDAD,6.0,5.94,6
2026-09-10,KXGOLD15M,18389926.67,8249696.49,404570
2026-09-10,KXGOLDD,90447.86,32110.15,2682
2026-09-10,KXGOLDH,81841.19,39747.55,5403
2026-09-10,KXHYPE,5468.97,2184.62,605
2026-09-10,KXHYPE15M,1802219.94,805133.01,115110
2026-09-10,KXHYPED,45529.32,23754.48,1486
2026-09-10,KXINX,7927.34,2118.09,498
2026-09-10,KXINXU,1378127.1,699246.84,12037
2026-09-10,KXNASDAQ100,1516.22,494.58,265
2026-09-10,KXNASDAQ100U,380154.02,166536.58,5650
2026-09-10,KXNATGAS15M,1280155.73,649678.76,69604
2026-09-10,KXNATGASD,83415.44,38877.4,1206
2026-09-10,KXNEAR15M,839845.51,377647.88,55339
2026-09-10,KXNKY,61.0,43.11,46
2026-09-10,KXNZDUSDAD,8.0,6.94,8
2026-09-10,KXPALLADIUMH,5002.61,2773.96,422
2026-09-10,KXSHIBA,3790.3,1918.96,21
2026-09-10,KXSHIBAD,1275.65,946.83,32
2026-09-10,KXSILVER15M,4509161.99,2076468.51,128945
2026-09-10,KXSILVERD,21414.49,9187.9,768
2026-09-10,KXSILVERH,24309.32,11880.94,2005
2026-09-10,KXSOL15M,3808368.41,1875645.8,190076
2026-09-10,KXSOLD,207142.25,101912.56,7675
2026-09-10,KXSOLE,7725.1,2665.79,875
2026-09-10,KXUSDCADAD,2111.5,2089.11,57
2026-09-10,KXUSDCHFAD,515.0,508.87,19
2026-09-10,KXUSDINRAD,2050.0,2029.5,24
2026-09-10,KXUSDJPY,11095.57,1619.37,259
2026-09-10,KXUSDJPYAD,1500.0,1485.0,20
2026-09-10,KXUSDNOKAD,512.8,507.67,8
2026-09-10,KXUST10A,10238.54,7398.24,180
2026-09-10,KXUST2A,16785.74,14744.74,210
2026-09-10,KXUST30A,3736.6,2929.24,79
2026-09-10,KXUST5A,2616.57,1679.55,53
2026-09-10,KXUST7A,6116.15,4309.37,120
2026-09-10,KXWTI,613711.16,358463.88,10646
2026-09-10,KXWTI15M,5666223.27,2826843.98,137450
2026-09-10,KXWTIH,44499.0,22765.29,3051
2026-09-10,KXXRP,14506.42,4303.09,745
2026-09-10,KXXRP15M,3636361.59,1653227.57,220009
2026-09-10,KXXRPD,63126.75,22370.79,2037
2026-09-10,KXZEC15M,1060467.99,463994.8,65976
2026-09-10,__TOTAL__,1550463193.6,379207044.69,10362667
2026-09-11,KXBNB,2764.05,1507.19,660
2026-09-11,KXBNB15M,1210358.18,638311.0,88752
2026-09-11,KXBNBD,13705.3,7119.21,1378
2026-09-11,KXBRENTD,8792.94,3738.15,149
2026-09-11,KXBTC,967699.91,270865.2,25494
2026-09-11,KXBTC15M,210274799.89,108178796.5,2982899
2026-09-11,KXBTCD,43427976.66,21762318.62,491239
2026-09-11,KXCOPPER15M,1171044.6,520421.7,61592
2026-09-11,KXCOPPERD,2125.13,227.82,24
2026-09-11,KXDJI,6463.94,3834.58,527
2026-09-11,KXDOGE,18361.55,6666.1,449
2026-09-11,KXDOGE15M,2217314.09,1090013.26,139331
2026-09-11,KXDOGED,25366.26,8801.21,696
2026-09-11,KXETH,288962.25,65165.75,4237
2026-09-11,KXETH15M,9516044.24,4756955.23,423181
2026-09-11,KXETHD,1998212.66,988317.81,42723
2026-09-11,KXEURUSD,8685.64,1328.35,119
2026-09-11,KXGOLD15M,16136022.86,8063389.58,330121
2026-09-11,KXGOLDD,17510.85,9352.84,552
2026-09-11,KXGOLDH,55907.18,30225.66,3802
2026-09-11,KXHYPE,11867.34,4084.09,823
2026-09-11,KXHYPE15M,1805702.21,869383.52,99269
2026-09-11,KXHYPED,88297.15,38620.02,3000
2026-09-11,KXINX,13978.54,4504.57,287
2026-09-11,KXINXU,783209.41,349022.5,11881
2026-09-11,KXNASDAQ100,1457.41,573.94,111
2026-09-11,KXNASDAQ100U,695280.16,343878.12,5883
2026-09-11,KXNATGAS15M,1165442.0,579840.12,64292
2026-09-11,KXNATGASD,654.27,105.65,18
2026-09-11,KXNEAR15M,905678.95,414212.62,60267
2026-09-11,KXPALLADIUMH,4295.17,4154.96,789
2026-09-11,KXSHIBA,678.84,64.75,4
2026-09-11,KXSHIBAD,36.0,10.46,12
2026-09-11,KXSILVER15M,3421428.36,1793825.01,113983
2026-09-11,KXSILVERD,7321.87,3358.7,270
2026-09-11,KXSILVERH,16617.8,9387.95,1478
2026-09-11,KXSOL15M,3836625.39,1849967.49,195586
2026-09-11,KXSOLD,280658.82,135059.21,8790
2026-09-11,KXSOLE,17837.54,5508.95,849
2026-09-11,KXUSDJPY,8191.8,860.36,121
2026-09-11,KXUST10A,5909.28,3326.22,124
2026-09-11,KXUST2A,6610.25,4110.05,122
2026-09-11,KXUST30A,9212.15,5741.11,153
2026-09-11,KXUST5A,1939.14,1240.08,46
2026-09-11,KXUST7A,1677.34,1026.09,54
2026-09-11,KXWTI,541999.58,214892.89,10314
2026-09-11,KXWTI15M,4688775.66,1923365.92,123320
2026-09-11,KXWTIH,23012.32,11270.49,1768
2026-09-11,KXXRP,36120.59,8042.2,1217
2026-09-11,KXXRP15M,4023767.6,2032188.26,236149
2026-09-11,KXXRPD,135478.69,54004.27,2795
2026-09-11,KXZEC15M,1224582.46,620228.3,67891
2026-09-11,__TOTAL__,1731467466.02,399828756.64,10675451
2026-09-12,KXBNB,1704.82,1011.08,449
2026-09-12,KXBNB15M,1412319.04,653533.98,100919
2026-09-12,KXBNBD,8317.67,4106.87,854
2026-09-12,KXBRENTD,19739.12,8943.61,373
2026-09-12,KXBTC,963044.42,382796.56,26480
2026-09-12,KXBTC15M,159023699.65,76516477.24,2736425
2026-09-12,KXBTCD,21858812.31,10492131.49,250632
2026-09-12,KXCOPPERD,323.4,114.84,39
2026-09-12,KXDJI,207.08,156.13,8
2026-09-12,KXDOGE,16004.05,7177.18,761
2026-09-12,KXDOGE15M,2406736.18,1220059.21,164977
2026-09-12,KXDOGED,32960.86,12833.74,1504
2026-09-12,KXETH,190954.98,84589.4,4932
2026-09-12,KXETH15M,9935375.11,4640070.46,414497
2026-09-12,KXETHD,1101198.37,543839.46,26916
2026-09-12,KXGOLDD,10730.01,5058.43,478
2026-09-12,KXHYPE,7365.08,3544.55,564
2026-09-12,KXHYPE15M,2121072.02,1016792.0,119535
2026-09-12,KXHYPED,36749.76,19388.26,1638
2026-09-12,KXINX,7272.72,95.45,6
2026-09-12,KXINXU,869.63,659.75,41
2026-09-12,KXNASDAQ100,17198.92,637.77,38
2026-09-12,KXNASDAQ100U,7172.85,6415.88,65
2026-09-12,KXNATGASD,193.26,77.14,19
2026-09-12,KXNEAR15M,1006215.58,455931.79,62406
2026-09-12,KXSHIBA,997.0,9.97,5
2026-09-12,KXSHIBAD,2255.82,675.24,3
2026-09-12,KXSILVERD,3055.11,1296.83,224
2026-09-12,KXSOL15M,4673147.45,2443100.99,235581
2026-09-12,KXSOLD,389687.41,196824.71,10745
2026-09-12,KXSOLE,10958.29,4174.6,1332
2026-09-12,KXUST10A,1.0,0.9,1
2026-09-12,KXUST2A,35.0,33.32,3
2026-09-12,KXUST30A,500.0,261.0,5
2026-09-12,KXUST5A,200.0,33.0,2
2026-09-12,KXUST7A,300.0,114.0,3
2026-09-12,KXWTI,81669.76,35481.75,1414
2026-09-12,KXXRP,13057.08,3562.68,366
2026-09-12,KXXRP15M,4390657.99,2259667.31,263080
2026-09-12,KXXRPD,59853.17,19839.3,1128
2026-09-12,KXZEC15M,1292543.58,644519.74,79090
2026-09-12,__TOTAL__,2426166225.84,506763265.92,12948602
2026-09-13,KXBNB,2107.54,1059.5,986
2026-09-13,KXBNB15M,1382372.65,698343.32,104800
2026-09-13,KXBNBD,3466.06,1940.89,1430
2026-09-13,KXBRENTD,63430.87,37829.91,1035
2026-09-13,KXBTC,1035176.11,335768.25,32106
2026-09-13,KXBTC15M,175578700.41,94440501.77,2807128
2026-09-13,KXBTCD,33588208.01,16678681.19,422511
2026-09-13,KXCOPPER15M,364902.39,164034.56,18648
2026-09-13,KXCOPPERD,12666.84,474.09,89
2026-09-13,KXDJI,99.0,18.77,2
2026-09-13,KXDOGE,4852.39,1859.52,607
2026-09-13,KXDOGE15M,2348365.32,1222788.94,165515
2026-09-13,KXDOGED,25033.29,11685.28,520
2026-09-13,KXETH,153619.06,52007.91,5492
2026-09-13,KXETH15M,10540466.77,5770509.63,415721
2026-09-13,KXETHD,1023446.52,496518.37,34216
2026-09-13,KXEURUSD,1612.11,21.55,16
2026-09-13,KXGOLD15M,4103444.23,1912294.1,84095
2026-09-13,KXGOLDD,21749.34,10184.22,710
2026-09-13,KXGOLDH,16404.9,8804.85,1151
2026-09-13,KXHYPE,11991.11,4913.53,1404
2026-09-13,KXHYPE15M,1959178.83,981249.68,113403
2026-09-13,KXHYPED,57987.41,28251.05,3600
2026-09-13,KXINX,1367.31,586.15,156
2026-09-13,KXINXU,30848.6,23601.27,493
2026-09-13,KXNASDAQ100,3300.54,156.66,42
2026-09-13,KXNASDAQ100U,16977.9,11314.07,757
2026-09-13,KXNATGAS15M,299416.78,159248.51,17875
2026-09-13,KXNATGASD,3283.46,1028.77,93
2026-09-13,KXNEAR15M,888118.61,459484.44,64823
2026-09-13,KXPALLADIUMH,648.0,68.2,71
2026-09-13,KXSILVER15M,725385.92,368644.05,27958
2026-09-13,KXSILVERD,7797.17,3746.11,443
2026-09-13,KXSILVERH,6021.94,2842.94,469
2026-09-13,KXSOL15M,4397004.66,2260970.42,225926
2026-09-13,KXSOLD,282196.3,142780.46,12904
2026-09-13,KXSOLE,12037.43,3801.29,1642
2026-09-13,KXUSDJPY,720.06,37.45,15
2026-09-13,KXUST10A,270.31,138.25,8
2026-09-13,KXUST2A,264.42,211.86,8
2026-09-13,KXUST30A,59.62,30.6,7
2026-09-13,KXUST5A,762.47,627.21,15
2026-09-13,KXUST7A,56.01,29.29,4
2026-09-13,KXWTI,160928.56,90233.22,3523
2026-09-13,KXWTI15M,932938.51,488421.37,33236
2026-09-13,KXWTIH,8449.35,3846.11,536
2026-09-13,KXXRP,18376.14,6985.94,1573
2026-09-13,KXXRP15M,4386059.98,2284574.45,255445
2026-09-13,KXXRPD,87301.54,33599.84,3811
2026-09-13,KXZEC15M,1366028.02,673935.19,89819
2026-09-13,__TOTAL__,2460251123.25,547255515.76,13360951
2026-09-14,KXAUDUSDAD,1299.0,19.85,22
2026-09-14,KXBNB,3392.15,1744.7,1493
2026-09-14,KXBNB15M,1222738.32,568657.19,97535
2026-09-14,KXBNBD,4967.36,3142.85,2453
2026-09-14,KXBRENTD,170125.39,99939.88,3361
2026-09-14,KXBTC,884447.62,246305.57,26353
2026-09-14,KXBTC15M,221788634.12,106999770.14,3124882
2026-09-14,KXBTCD,43389061.09,21626512.74,523279
2026-09-14,KXCOPPER15M,1354660.83,663942.81,65662
2026-09-14,KXCOPPERD,41062.51,7417.03,660
2026-09-14,KXDJI,32045.76,13129.71,1177
2026-09-14,KXDOGE,13760.5,6299.39,967
2026-09-14,KXDOGE15M,2589979.35,1228250.98,160371
2026-09-14,KXDOGED,16563.17,3756.72,1140
2026-09-14,KXETH,157190.59,49071.94,5397
2026-09-14,KXETH15M,10189682.45,4927403.19,412590
2026-09-14,KXETHD,1069201.87,502310.97,37906
2026-09-14,KXEURUSD,14118.45,1848.14,180
2026-09-14,KXGBPUSDAD,844.67,14.33,18
2026-09-14,KXGOLD15M,18150111.85,8800828.03,323826
2026-09-14,KXGOLDD,120621.35,54321.25,3634
2026-09-14,KXGOLDH,62750.04,30788.92,4326
2026-09-14,KXHYPE,13863.92,5654.47,1658
2026-09-14,KXHYPE15M,2301127.43,1104377.97,120346
2026-09-14,KXHYPED,36749.15,19035.71,4121
2026-09-14,KXINX,6694.29,2498.67,475
2026-09-14,KXINXU,1090689.18,554872.12,11037
2026-09-14,KXNASDAQ100,3801.53,812.3,172
2026-09-14,KXNASDAQ100U,578851.96,345250.56,6901
2026-09-14,KXNATGAS15M,1069854.63,555287.7,63448
2026-09-14,KXNATGASD,31049.25,20629.15,650
2026-09-14,KXNEAR15M,817680.76,377945.02,61168
2026-09-14,KXNZDUSDAD,8.0,7.92,9
2026-09-14,KXPALLADIUMH,5964.01,1087.66,327
2026-09-14,KXSHIBA,4098.82,48.93,11
2026-09-14,KXSHIBAD,66.0,65.34,2
2026-09-14,KXSILVER15M,4008908.72,1911778.61,113926
2026-09-14,KXSILVERD,37419.64,15639.42,1907
2026-09-14,KXSILVERH,23169.03,10726.97,1813
2026-09-14,KXSOL15M,4265540.41,2095135.5,235132
2026-09-14,KXSOLD,142453.12,69599.52,10576
2026-09-14,KXSOLE,7901.31,2446.96,1665
2026-09-14,KXUSDBRLAD,75.0,74.25,1
2026-09-14,KXUSDCADAD,676.7,669.93,20
2026-09-14,KXUSDCHFAD,9.8,7.55,11
2026-09-14,KXUSDJPY,14760.83,1897.47,217
2026-09-14,KXUSDNOKAD,300.0,297.0,5
2026-09-14,KXUST10A,150.24,48.14,2
2026-09-14,KXUST30A,300.0,111.0,3
2026-09-14,KXUST5A,510.26,83.04,8
2026-09-14,KXUST7A,400.0,145.0,4
2026-09-14,KXWTI,530926.23,289084.94,9901
2026-09-14,KXWTI15M,6110342.32,2943397.86,120983
2026-09-14,KXWTIH,35678.42,17314.7,2303
2026-09-14,KXXRP,30713.97,10701.84,2016
2026-09-14,KXXRP15M,5280865.14,2710870.87,275792
2026-09-14,KXXRPD,183001.39,73967.32,6256
2026-09-14,KXZEC15M,1086414.72,534484.34,82911
2026-09-14,__TOTAL__,1647809482.57,386429978.0,10885420
2026-09-15,KXAUDUSDAD,67.0,7.53,9
2026-09-15,KXBNB,3287.93,1713.52,1399
2026-09-15,KXBNB15M,1067134.59,540787.84,94325
2026-09-15,KXBNBD,5601.13,3248.26,2341
2026-09-15,KXBRENTD,164990.09,84390.96,2878
2026-09-15,KXBTC,1057403.15,243664.03,28514
2026-09-15,KXBTC15M,252943597.49,121070243.1,3290404
2026-09-15,KXBTCD,45521629.91,22101410.31,540876
2026-09-15,KXCOPPER15M,1878751.62,933578.17,76864
2026-09-15,KXCOPPERD,87288.56,50381.64,1159
2026-09-15,KXDJI,30664.12,14241.34,1779
2026-09-15,KXDOGE,15975.08,5617.76,1145
2026-09-15,KXDOGE15M,2220819.87,1048434.39,153796
2026-09-15,KXDOGED,22218.14,12468.05,1529
2026-09-15,KXETH,179208.08,57744.7,4878
2026-09-15,KXETH15M,9604581.07,4602546.57,392523
2026-09-15,KXETHD,1502357.84,693166.42,36099
2026-09-15,KXEURUSD,20684.45,3436.39,279
2026-09-15,KXGBPUSDAD,34.0,4.26,5
2026-09-15,KXGOLD15M,22340679.12,10926402.94,371166
2026-09-15,KXGOLDD,69814.65,28739.66,1896
2026-09-15,KXGOLDH,69946.16,34082.21,4274
2026-09-15,KXHYPE,14572.89,6357.77,1973
2026-09-15,KXHYPE15M,1728659.92,825208.6,104481
2026-09-15,KXHYPED,45863.72,23463.92,4820
2026-09-15,KXINX,4270.25,1203.14,308
2026-09-15,KXINXU,861507.75,483430.05,8450
2026-09-15,KXNASDAQ100,1812.87,909.9,146
2026-09-15,KXNASDAQ100U,577414.02,226741.77,7386
2026-09-15,KXNATGAS15M,1197147.49,623841.32,63865
2026-09-15,KXNATGASD,39440.11,22363.87,597
2026-09-15,KXNEAR15M,773361.1,395202.69,56774
2026-09-15,KXNZDUSDAD,6.0,5.94,6
2026-09-15,KXPALLADIUMH,5736.37,2327.02,388
2026-09-15,KXSHIBA,6505.82,1041.09,15
2026-09-15,KXSHIBAD,2436.33,2242.78,13
2026-09-15,KXSILVER15M,4750472.8,2464446.78,121703
2026-09-15,KXSILVERD,10977.82,5796.14,523
2026-09-15,KXSILVERH,21393.5,10553.44,1560
2026-09-15,KXSOL15M,4101565.86,1944608.47,242894
2026-09-15,KXSOLD,187344.47,82448.95,14051
2026-09-15,KXSOLE,10452.11,3626.95,1848
2026-09-15,KXUSDBRLAD,500.0,495.0,11
2026-09-15,KXUSDCADAD,269.38,265.86,19
2026-09-15,KXUSDCHFAD,6.0,5.94,6
2026-09-15,KXUSDINRAD,1500.0,1485.0,20
2026-09-15,KXUSDJPY,9903.27,799.89,104
2026-09-15,KXUSDJPYAD,1000.0,990.0,20
2026-09-15,KXUSDNOKAD,350.0,346.5,7
2026-09-15,KXUST10A,406.04,302.31,21
2026-09-15,KXUST30A,2499.14,1613.35,42
2026-09-15,KXUST5A,768.99,409.65,16
2026-09-15,KXUST7A,126.73,58.39,2
2026-09-15,KXWTI,500329.99,288765.37,8139
2026-09-15,KXWTI15M,6095709.56,2848120.03,124600
2026-09-15,KXWTIH,84007.62,42419.19,4482
2026-09-15,KXXRP,36139.2,13241.03,2270
2026-09-15,KXXRP15M,5447368.06,2599746.65,273614
2026-09-15,KXXRPD,257088.48,112004.92,8253
2026-09-15,KXZEC15M,1139273.29,562035.35,87615
2026-09-15,__TOTAL__,1876358822.11,422776116.08,11236601
2026-09-16,KXAUDUSDAD,96.0,6.84,9
2026-09-16,KXBNB,4708.25,1619.95,1401
2026-09-16,KXBNB15M,1285183.88,610126.37,93062
2026-09-16,KXBNBD,6018.49,3495.57,2085
2026-09-16,KXBRENTD,91143.31,37348.94,1562
2026-09-16,KXBTC,876953.67,225097.09,25962
2026-09-16,KXBTC15M,229155051.94,114472353.88,3018644
2026-09-16,KXBTCD,40111486.0,20421723.64,478158
2026-09-16,KXCOPPER15M,1966432.73,1008968.76,85900
2026-09-16,KXCOPPERD,60194.01,30590.17,455
2026-09-16,KXDJI,54639.82,19579.61,2333
2026-09-16,KXDOGE,10501.08,6372.85,960
2026-09-16,KXDOGE15M,2423663.72,1196284.71,147584
2026-09-16,KXDOGED,22343.85,8384.82,1697
2026-09-16,KXETH,228326.96,77798.09,4741
2026-09-16,KXETH15M,10088689.59,4973403.33,382157
2026-09-16,KXETHD,1518765.0,761588.42,36050
2026-09-16,KXEURUSD,34587.45,3923.96,527
2026-09-16,KXGBPUSDAD,68.03,3.62,6
2026-09-16,KXGOLD15M,24264024.35,11682197.66,353246
2026-09-16,KXGOLDD,168641.69,77235.35,3889
2026-09-16,KXGOLDH,91815.47,47758.74,5579
2026-09-16,KXHYPE,15408.24,5569.88,1797
2026-09-16,KXHYPE15M,2055089.49,1006723.96,110044
2026-09-16,KXHYPED,35331.42,18377.12,3681
2026-09-16,KXINX,33779.54,6017.6,548
2026-09-16,KXINXU,904926.07,438559.3,10378
2026-09-16,KXNASDAQ100,3085.62,565.08,163
2026-09-16,KXNASDAQ100U,589952.19,280740.2,5568
2026-09-16,KXNATGAS15M,1248458.75,629079.61,70611
2026-09-16,KXNATGASD,28285.73,17962.05,394
2026-09-16,KXNEAR15M,993840.6,560487.59,57182
2026-09-16,KXNZDUSDAD,6.0,5.94,6
2026-09-16,KXPALLADIUMH,4679.24,1190.14,287
2026-09-16,KXSHIBA,2.33,0.02,1
2026-09-16,KXSILVER15M,4890289.35,2391183.23,123351
2026-09-16,KXSILVERD,113891.17,51998.09,2157
2026-09-16,KXSILVERH,27035.18,13385.61,1829
2026-09-16,KXSOL15M,4179693.6,2101178.57,215512
2026-09-16,KXSOLD,193445.16,103257.71,12137
2026-09-16,KXSOLE,10902.65,3325.9,1657
2026-09-16,KXUSDBRLAD,150.0,148.5,3
2026-09-16,KXUSDCADAD,97.0,96.03,10
2026-09-16,KXUSDCHFAD,15.03,9.95,11
2026-09-16,KXUSDINRAD,1500.0,1485.0,20
2026-09-16,KXUSDJPY,3436.31,693.59,98
2026-09-16,KXUSDJPYAD,1000.0,990.0,20
2026-09-16,KXUSDNOKAD,1000.0,990.0,20
2026-09-16,KXUST10A,1946.63,1267.3,88
2026-09-16,KXUST2A,924.54,765.74,25
2026-09-16,KXUST30A,1026.37,683.84,21
2026-09-16,KXUST5A,1221.0,613.85,32
2026-09-16,KXUST7A,631.17,230.14,10
2026-09-16,KXWTI,543053.21,216495.87,10124
2026-09-16,KXWTI15M,6345478.55,2893573.75,127144
2026-09-16,KXWTIH,36621.72,17260.72,2176
2026-09-16,KXXRP,30988.39,10549.69,1656
2026-09-16,KXXRP15M,5133973.09,2448258.07,252288
2026-09-16,KXXRPD,95980.5,40551.29,4341
2026-09-16,KXZEC15M,1737920.55,943203.0,103987
2026-09-16,__TOTAL__,1930171782.76,419702674.49,10850948
2026-09-17,KXAUDUSDAD,440.0,10.28,9
2026-09-17,KXBNB,2457.07,1249.18,1129
2026-09-17,KXBNB15M,1124882.9,596459.23,80213
2026-09-17,KXBNBD,6489.76,3587.57,2032
2026-09-17,KXBRENTD,62743.68,27550.03,1298
2026-09-17,KXBTC,659609.05,181331.26,19999
2026-09-17,KXBTC15M,223546992.19,112184272.94,2813177
2026-09-17,KXBTCD,34794244.38,17575432.56,413275
2026-09-17,KXCOPPER15M,1912503.76,982936.43,91246
2026-09-17,KXCOPPERD,27231.58,13958.55,494
2026-09-17,KXDJI,82141.34,37634.44,1649
2026-09-17,KXDOGE,6110.21,3339.85,608
2026-09-17,KXDOGE15M,2077518.77,1106235.1,128530
2026-09-17,KXDOGED,8333.41,3327.06,577
2026-09-17,KXETH,153310.2,51580.96,3749
2026-09-17,KXETH15M,8950153.3,4324948.62,381164
2026-09-17,KXETHD,1246632.32,639004.49,31570
2026-09-17,KXEURUSD,40250.17,3456.94,408
2026-09-17,KXGBPUSDAD,1216.0,15.1,18
2026-09-17,KXGOLD15M,23566426.51,11774365.14,368201
2026-09-17,KXGOLDD,78435.9,34586.19,1814
2026-09-17,KXGOLDH,88506.74,46848.31,5216
2026-09-17,KXHYPE,3819.56,2039.08,149
2026-09-17,KXHYPE15M,2177549.21,1084915.96,123769
2026-09-17,KXHYPED,57006.24,27243.44,8163
2026-09-17,KXINX,22088.92,2701.01,388
2026-09-17,KXINXU,1037009.4,536726.21,12315
2026-09-17,KXNASDAQ100,1228.67,185.26,118
2026-09-17,KXNASDAQ100U,868289.18,375916.82,4912
2026-09-17,KXNATGAS15M,1211436.33,638031.39,60747
2026-09-17,KXNATGASD,49672.3,27210.43,777
2026-09-17,KXNEAR15M,1298586.68,732462.73,66514
2026-09-17,KXNZDUSDAD,6.0,5.94,6
2026-09-17,KXPALLADIUM15M,71689.07,36450.02,4867
2026-09-17,KXPALLADIUMH,4365.37,2703.96,418
2026-09-17,KXPLATINUM15M,60998.6,30028.99,4331
2026-09-17,KXSHIBA,1211.56,581.64,5
2026-09-17,KXSHIBAD,396.0,293.24,3
2026-09-17,KXSILVER15M,4735127.68,2570593.39,130906
2026-09-17,KXSILVERD,15790.98,4555.86,667
2026-09-17,KXSILVERH,21112.59,11191.39,1613
2026-09-17,KXSOL15M,4236120.19,2202954.75,222922
2026-09-17,KXSOLD,259883.26,131022.65,13724
2026-09-17,KXSOLE,8965.08,2786.82,1556
2026-09-17,KXUSDCADAD,214.0,211.86,9
2026-09-17,KXUSDCHFAD,5.0,4.95,5
2026-09-17,KXUSDINRAD,1000.0,990.0,20
2026-09-17,KXUSDJPY,5732.36,680.56,128
2026-09-17,KXUSDJPYAD,500.0,495.0,20
2026-09-17,KXUSDNOKAD,175.0,173.25,7
2026-09-17,KXUST10A,421.51,271.55,36
2026-09-17,KXUST2A,5777.42,2852.81,89
2026-09-17,KXUST30A,733.7,424.26,41
2026-09-17,KXUST5A,1085.99,645.52,42
2026-09-17,KXUST7A,1940.35,892.31,69
2026-09-17,KXWTI,393954.11,141358.18,7399
2026-09-17,KXWTI15M,4895811.47,2374319.23,115318
2026-09-17,KXWTIH,33354.26,16851.05,2014
2026-09-17,KXXRP,13367.5,5950.75,1489
2026-09-17,KXXRP15M,4596598.56,2287065.82,244967
2026-09-17,KXXRPD,89838.27,32686.66,4237
2026-09-17,KXZEC15M,1865664.99,942906.84,107593
2026-09-17,__TOTAL__,1850720989.06,435720538.56,10891157
2026-09-18,KXBNB,3075.64,1454.79,1511
2026-09-18,KXBNB15M,1400770.61,680243.24,97970
2026-09-18,KXBNBD,6501.5,3694.37,2751
2026-09-18,KXBRENTD,6494.89,3167.94,81
2026-09-18,KXBTC,809629.81,195323.76,25216
2026-09-18,KXBTC15M,275703956.86,144236874.41,3496199
2026-09-18,KXBTCD,50864625.85,25942985.78,538619
2026-09-18,KXCOPPER15M,2413803.72,1247967.89,141065
2026-09-18,KXCOPPERD,3137.45,512.3,27
2026-09-18,KXDJI,73352.76,30264.0,2003
2026-09-18,KXDOGE,18889.57,9271.83,911
2026-09-18,KXDOGE15M,2688662.93,1409506.02,167103
2026-09-18,KXDOGED,23798.02,11787.59,1247
2026-09-18,KXETH,271905.1,70180.44,6473
2026-09-18,KXETH15M,11319371.45,6201813.06,478390
2026-09-18,KXETHD,1602063.68,757700.79,37573
2026-09-18,KXEURUSD,12645.4,2113.99,252
2026-09-18,KXGOLD15M,22827989.54,12323894.97,399533
2026-09-18,KXGOLDD,5751.57,2720.76,168
2026-09-18,KXGOLDH,76465.45,42545.16,4886
2026-09-18,KXHYPE,1376.23,694.19,145
2026-09-18,KXHYPE15M,2194005.7,1145605.26,135634
2026-09-18,KXHYPED,75917.99,34229.26,11369
2026-09-18,KXINX,13847.86,2020.81,286
2026-09-18,KXINXU,959564.84,522231.0,9049
2026-09-18,KXNASDAQ100,1246.25,414.45,125
2026-09-18,KXNASDAQ100U,530483.72,228103.62,5529
2026-09-18,KXNATGAS15M,1425396.57,727234.49,76149
2026-09-18,KXNATGASD,1220.85,538.05,40
2026-09-18,KXNEAR15M,1520226.68,809838.61,82102
2026-09-18,KXPALLADIUM15M,374752.51,181159.16,20447
2026-09-18,KXPALLADIUMH,5925.58,1546.67,305
2026-09-18,KXPLATINUM15M,325548.08,170963.52,17901
2026-09-18,KXSHIBA,1694.22,707.66,34
2026-09-18,KXSHIBAD,1086.1,318.76,30
2026-09-18,KXSILVER15M,4774502.52,2371402.14,151718
2026-09-18,KXSILVERD,1666.99,742.4,68
2026-09-18,KXSILVERH,13341.02,6737.59,979
2026-09-18,KXSOL15M,5777841.36,3232356.25,269527
2026-09-18,KXSOLD,359822.4,186055.69,20738
2026-09-18,KXSOLE,15634.05,3003.9,2010
2026-09-18,KXUSDJPY,16982.43,3294.19,225
2026-09-18,KXUST10A,3157.24,1721.68,92
2026-09-18,KXUST2A,7551.47,4191.29,153
2026-09-18,KXUST30A,1517.22,892.23,80
2026-09-18,KXUST5A,3178.76,2014.23,145
2026-09-18,KXUST7A,4476.22,2029.65,117
2026-09-18,KXWTI,369726.39,152787.13,7221
2026-09-18,KXWTI15M,5364136.55,2604980.42,147906
2026-09-18,KXWTIH,25293.93,13842.91,1651
2026-09-18,KXXRP,34867.12,12953.82,2561
2026-09-18,KXXRP15M,5574712.75,2909104.43,283507
2026-09-18,KXXRPD,162151.65,67692.05,7153
2026-09-18,KXZEC15M,2104992.13,997959.75,123328
2026-09-18,__TOTAL__,2135676559.02,475154162.59,12288230
2026-09-19,KXBNB,3277.53,1631.09,1311
2026-09-19,KXBNB15M,1497638.86,766971.27,153429
2026-09-19,KXBNBD,7894.46,4151.94,1603
2026-09-19,KXBRENTD,8540.59,3891.47,175
2026-09-19,KXBTC,752395.14,256704.8,24579
2026-09-19,KXBTC15M,220953670.95,111932474.85,3002661
2026-09-19,KXBTCD,38074383.87,18990439.95,427819
2026-09-19,KXCOPPERD,1180.79,486.83,54
2026-09-19,KXDJI,100.0,73.0,2
2026-09-19,KXDOGE,8215.15,3799.71,899
2026-09-19,KXDOGE15M,3167342.67,1505095.46,189355
2026-09-19,KXDOGED,13663.45,4226.54,710
2026-09-19,KXETH,211767.34,60077.56,6309
2026-09-19,KXETH15M,11399114.37,5664927.84,461846
2026-09-19,KXETHD,1022745.89,452143.39,22237
2026-09-19,KXEURUSD,113.74,34.96,7
2026-09-19,KXGOLDD,8377.42,3690.34,249
2026-09-19,KXGOLDH,6662.24,4328.92,835
2026-09-19,KXHYPE,12079.23,3919.19,1893
2026-09-19,KXHYPE15M,2605218.42,1325702.03,177776
2026-09-19,KXHYPED,82668.69,37748.79,6959
2026-09-19,KXINXU,2160.34,574.83,354
2026-09-19,KXNASDAQ100U,30.63,13.2,11
2026-09-19,KXNATGASD,504.32,310.61,38
2026-09-19,KXNEAR15M,1803049.36,870608.9,122076
2026-09-19,KXSHIBA,99.66,1.0,1
2026-09-19,KXSILVERD,3357.92,1706.19,133
2026-09-19,KXSOL15M,5162446.38,2505706.93,240359
2026-09-19,KXSOLD,232408.33,111615.12,9826
2026-09-19,KXSOLE,15631.72,4622.39,2303
2026-09-19,KXUSDJPY,924.11,44.06,9
2026-09-19,KXUST10A,1.0,0.35,1
2026-09-19,KXUST2A,43.68,39.75,1
2026-09-19,KXUST30A,3.46,1.59,2
2026-09-19,KXWTI,56168.1,19984.82,1177
2026-09-19,KXXRP,25168.9,10778.78,2071
2026-09-19,KXXRP15M,6162225.19,2992606.2,337710
2026-09-19,KXXRPD,103097.95,41665.53,4189
2026-09-19,KXZEC15M,2321238.92,1112644.58,166040
2026-09-19,__TOTAL__,3014846620.88,590978557.01,14803038
2026-09-20,KXBNB,4422.57,1895.59,1346
2026-09-20,KXBNB15M,1453283.69,769254.09,159572
2026-09-20,KXBNBD,9343.68,5837.78,1695
2026-09-20,KXBRENTD,53130.71,27008.63,686
2026-09-20,KXBTC,803806.88,258206.72,25589
2026-09-20,KXBTC15M,231094592.73,119604791.45,3042003
2026-09-20,KXBTCD,37184614.72,18747298.01,425737
2026-09-20,KXCOPPER15M,498837.54,261399.75,24038
2026-09-20,KXCOPPERD,2333.46,892.86,91
2026-09-20,KXDJI,5479.64,3802.9,127
2026-09-20,KXDOGE,6959.71,2818.15,1002
2026-09-20,KXDOGE15M,2554586.38,1369449.42,166554
2026-09-20,KXDOGED,16777.11,6666.05,1219
2026-09-20,KXETH,175337.54,49659.62,6165
2026-09-20,KXETH15M,10945717.84,5732697.3,465757
2026-09-20,KXETHD,1184688.89,657279.01,26341
2026-09-20,KXEURUSD,20071.91,1364.36,132
2026-09-20,KXGOLD15M,7041817.05,3476888.58,172274
2026-09-20,KXGOLDD,14764.8,7851.64,512
2026-09-20,KXGOLDH,33467.48,16333.62,3484
2026-09-20,KXHYPE,12492.85,3499.26,2090
2026-09-20,KXHYPE15M,1995372.0,1073610.02,151768
2026-09-20,KXHYPED,95890.94,46112.29,6311
2026-09-20,KXINX,41.08,9.59,5
2026-09-20,KXINXU,46403.34,17402.43,893
2026-09-20,KXNASDAQ100,28.43,4.92,4
2026-09-20,KXNASDAQ100U,2413.43,813.1,301
2026-09-20,KXNATGAS15M,243244.06,116488.0,15822
2026-09-20,KXNATGASD,1825.17,1163.28,86
2026-09-20,KXNEAR15M,1560870.37,796315.75,103822
2026-09-20,KXPALLADIUM15M,114078.95,57133.57,5390
2026-09-20,KXPALLADIUMH,1573.92,881.42,98
2026-09-20,KXPLATINUM15M,89940.78,36671.89,3650
2026-09-20,KXSHIBA,473.05,4.73,6
2026-09-20,KXSHIBAD,33.0,32.67,1
2026-09-20,KXSILVER15M,888179.39,429673.64,28049
2026-09-20,KXSILVERD,11714.53,4996.02,512
2026-09-20,KXSILVERH,3130.55,1418.78,297
2026-09-20,KXSOL15M,5153948.47,2713634.12,236242
2026-09-20,KXSOLD,163985.67,91198.45,8367
2026-09-20,KXSOLE,11889.49,3348.17,2217
2026-09-20,KXUSDJPY,10946.04,999.48,139
2026-09-20,KXUST2A,16.32,10.6,2
2026-09-20,KXWTI,93958.09,41335.05,3231
2026-09-20,KXWTI15M,1059901.33,391045.28,28221
2026-09-20,KXWTIH,2810.06,959.35,277
2026-09-20,KXXRP,20046.56,7550.13,1745
2026-09-20,KXXRP15M,5385594.93,2799057.08,303369
2026-09-20,KXXRPD,90413.52,41015.37,3327
2026-09-20,KXZEC15M,1953330.31,1080729.38,148426
2026-09-20,__TOTAL__,2817090080.19,586810892.99,14597508
2026-09-21,KXAUDUSDAD,3203.0,32.04,58
2026-09-21,KXBNB,4944.05,1991.98,1523
2026-09-21,KXBNB15M,1320073.59,644315.55,136197
2026-09-21,KXBNBD,11578.36,6384.31,2168
2026-09-21,KXBRENTD,82261.93,38773.58,1613
2026-09-21,KXBTC,1115548.19,266279.83,32307
2026-09-21,KXBTC15M,277033977.59,145748179.57,3313251
2026-09-21,KXBTCD,51079765.88,26122153.44,602090
2026-09-21,KXCOPPER15M,2123168.23,1142288.99,90186
2026-09-21,KXCOPPERD,27609.9,15022.94,623
2026-09-21,KXDJI,28325.81,19103.83,716
2026-09-21,KXDOGE,28034.89,14061.21,1482
2026-09-21,KXDOGE15M,3028813.86,1682733.69,208010
2026-09-21,KXDOGED,25509.88,9763.69,1492
2026-09-21,KXETH,136382.2,35227.55,5375
2026-09-21,KXETH15M,12048016.35,6034245.95,518523
2026-09-21,KXETHD,2215043.33,1249810.24,35040
2026-09-21,KXEURUSD,12967.95,2274.2,231
2026-09-21,KXGBPUSDAD,2950.0,30.71,55
2026-09-21,KXGOLD15M,25814294.71,12829482.03,460249
2026-09-21,KXGOLDD,69680.25,29602.73,2182
2026-09-21,KXGOLDH,57548.54,30291.67,4243
2026-09-21,KXHYPE,20773.17,4519.91,2755
2026-09-21,KXHYPE15M,2157711.68,1084808.86,151993
2026-09-21,KXHYPED,90123.23,44134.3,6848
2026-09-21,KXINX,3222.83,1059.37,164
2026-09-21,KXINXU,1239423.72,628699.88,11893
2026-09-21,KXNASDAQ100,1508.47,250.8,83
2026-09-21,KXNASDAQ100U,406757.99,230345.67,2827
2026-09-21,KXNATGAS15M,1052526.89,551587.34,62086
2026-09-21,KXNATGASD,36115.25,17856.15,638
2026-09-21,KXNEAR15M,1869129.06,952291.94,107592
2026-09-21,KXPALLADIUM15M,470913.23,221380.21,20470
2026-09-21,KXPALLADIUMH,9318.59,4507.11,583
2026-09-21,KXPLATINUM15M,415627.85,201008.63,16888
2026-09-21,KXSHIBAD,3.0,0.22,3
2026-09-21,KXSILVER15M,3896267.01,2053724.92,115684
2026-09-21,KXSILVERD,23616.38,10198.11,1054
2026-09-21,KXSILVERH,24630.74,12094.83,2161
2026-09-21,KXSOL15M,5125823.88,2643355.87,265177
2026-09-21,KXSOLD,178026.83,94417.87,9207
2026-09-21,KXSOLE,9312.48,2158.22,1996
2026-09-21,KXUSDCADAD,1638.0,1621.33,47
2026-09-21,KXUSDJPY,12103.34,2716.73,173
2026-09-21,KXUSDJPYAD,990.0,980.1,29
2026-09-21,KXUST10A,105.92,47.76,2
2026-09-21,KXUST2A,130.0,29.5,4
2026-09-21,KXUST30A,1371.69,649.38,16
2026-09-21,KXUST5A,202.0,100.36,3
2026-09-21,KXUST7A,100.0,16.0,1
2026-09-21,KXWTI,418254.65,143312.44,7511
2026-09-21,KXWTI15M,5338316.8,2684948.27,131695
2026-09-21,KXWTIH,17264.11,8630.4,1553
2026-09-21,KXXRP,33027.26,10191.58,2028
2026-09-21,KXXRP15M,6787341.85,3820541.28,377435
2026-09-21,KXXRPD,148947.55,61141.17,4544
2026-09-21,KXZEC15M,1770334.66,830779.18,130556
2026-09-21,__TOTAL__,1488628613.61,424817905.67,11407326
2026-09-22,KXAUDUSDAD,2255.0,22.58,45
2026-09-22,KXBNB,3066.77,1723.56,1291
2026-09-22,KXBNB15M,1319317.21,634320.68,132313
2026-09-22,KXBNBD,6881.29,4230.15,1545
2026-09-22,KXBRENTD,93109.02,38735.06,1500
2026-09-22,KXBTC,1215410.2,328397.24,32575
2026-09-22,KXBTC15M,263461928.41,132040983.53,3365285
2026-09-22,KXBTCD,44433018.28,22658523.04,537338
2026-09-22,KXCOPPER15M,2339977.16,1120350.83,107696
2026-09-22,KXCOPPERD,21506.29,9976.27,505
2026-09-22,KXDJI,138702.49,81660.72,1643
2026-09-22,KXDOGE,20628.02,9213.68,1705
2026-09-22,KXDOGE15M,3268560.27,1716565.95,209748
2026-09-22,KXDOGED,43104.94,15224.58,1892
2026-09-22,KXETH,285583.68,99405.54,5318
2026-09-22,KXETH15M,11076184.14,5660581.88,468389
2026-09-22,KXETHD,2080099.97,1212057.95,38732
2026-09-22,KXEURUSD,15106.66,6428.41,211
2026-09-22,KXGBPUSDAD,1648.0,16.49,34
2026-09-22,KXGOLD15M,26823535.72,12942800.73,446152
2026-09-22,KXGOLDD,102700.62,47680.9,3033
2026-09-22,KXGOLDH,121596.13,66101.29,9375
2026-09-22,KXHYPE,4975.1,1907.92,1347
2026-09-22,KXHYPE15M,2119992.96,1070305.23,156374
2026-09-22,KXHYPED,32232.52,14830.64,2241
2026-09-22,KXINX,8369.27,3703.16,181
2026-09-22,KXINXU,854040.1,423050.68,7244
2026-09-22,KXNASDAQ100,7169.35,3794.6,96
2026-09-22,KXNASDAQ100U,480291.41,301035.91,4271
2026-09-22,KXNATGAS15M,1384362.01,745542.49,71347
2026-09-22,KXNATGASD,29468.89,18833.58,941
2026-09-22,KXNEAR15M,1661155.51,842403.46,108250
2026-09-22,KXPALLADIUM15M,658653.47,329187.52,28574
2026-09-22,KXPALLADIUMH,10050.71,3712.76,503
2026-09-22,KXPLATINUM15M,462406.17,241082.89,19652
2026-09-22,KXSHIBA,2285.33,774.8,5
2026-09-22,KXSHIBAD,453.0,311.31,3
2026-09-22,KXSILVER15M,3778291.43,1962698.97,105432
2026-09-22,KXSILVERD,37414.93,17127.84,1783
2026-09-22,KXSILVERH,25267.55,13373.48,2390
2026-09-22,KXSOL15M,4536071.5,2376727.31,252271
2026-09-22,KXSOLD,232941.78,108366.36,9994
2026-09-22,KXSOLE,7083.23,2142.18,2014
2026-09-22,KXUSDCADAD,1377.0,1363.23,37
2026-09-22,KXUSDJPY,8589.28,3285.02,164
2026-09-22,KXUSDJPYAD,540.0,534.6,14
2026-09-22,KXUST10A,708.0,210.85,12
2026-09-22,KXUST2A,201.0,49.92,3
2026-09-22,KXUST30A,1988.0,539.34,28
2026-09-22,KXUST5A,726.0,160.95,12
2026-09-22,KXUST7A,1679.0,717.61,44
2026-09-22,KXWTI,457854.19,213357.53,7409
2026-09-22,KXWTI15M,5851711.34,2963315.23,137024
2026-09-22,KXWTIH,30328.41,14867.88,2627
2026-09-22,KXXRP,35207.76,9943.03,2300
2026-09-22,KXXRP15M,6642872.55,3529635.57,395687
2026-09-22,KXXRPD,152347.89,61618.13,5328
2026-09-22,KXZEC15M,1897191.03,962022.15,145089
2026-09-22,__TOTAL__,1798073889.32,437399720.44,11721254
2026-09-23,KXAUDUSDAD,1415.0,14.15,31
2026-09-23,KXBNB,4424.24,2081.39,1444
2026-09-23,KXBNB15M,1287041.06,551438.84,110437
2026-09-23,KXBNBD,10148.09,5037.14,1706
2026-09-23,KXBRENTD,76307.66,42144.95,1175
2026-09-23,KXBTC,936194.93,253477.24,29107
2026-09-23,KXBTC15M,242012860.08,111107844.49,3104183
2026-09-23,KXBTCD,38114050.48,18829722.43,488573
2026-09-23,KXCOPPER15M,2225932.35,1124017.49,110591
2026-09-23,KXCOPPERD,115830.32,48683.4,1207
2026-09-23,KXDJI,41059.27,20044.18,880
2026-09-23,KXDOGE,18797.44,8419.33,1112
2026-09-23,KXDOGE15M,2534217.33,1122818.06,150151
2026-09-23,KXDOGED,27829.35,9803.33,1130
2026-09-23,KXETH,965548.67,367731.81,5891
2026-09-23,KXETH15M,11267275.11,5214709.29,459540
2026-09-23,KXETHD,2034309.68,1100748.58,44853
2026-09-23,KXEURUSD,7081.02,631.64,197
2026-09-23,KXEURUSD15M,3814.92,2727.11,273
2026-09-23,KXGBPUSD15M,1675.82,863.65,128
2026-09-23,KXGBPUSDAD,1675.0,16.77,36
2026-09-23,KXGOLD15M,26662185.33,12420566.96,497708
2026-09-23,KXGOLDD,86921.05,32059.08,2462
2026-09-23,KXGOLDH,156325.01,80077.97,12220
2026-09-23,KXHYPE,6634.89,2540.45,1673
2026-09-23,KXHYPE15M,2074374.29,949940.94,133201
2026-09-23,KXHYPED,39342.26,18868.92,3514
2026-09-23,KXINX,10036.06,5338.87,238
2026-09-23,KXINXU,955120.49,537437.47,9866
2026-09-23,KXNASDAQ100,7456.96,2202.13,80
2026-09-23,KXNASDAQ100U,317605.15,138821.77,5579
2026-09-23,KXNATGAS15M,1646396.25,892718.82,80952
2026-09-23,KXNATGASD,53840.68,27218.5,959
2026-09-23,KXNEAR15M,1310044.97,678094.69,83945
2026-09-23,KXPALLADIUM15M,832746.9,436862.93,39189
2026-09-23,KXPALLADIUMH,9041.35,1270.77,461
2026-09-23,KXPLATINUM15M,691343.05,345042.89,30946
2026-09-23,KXSHIBAD,411.0,137.07,3
2026-09-23,KXSILVER15M,4842633.45,2171916.67,121449
2026-09-23,KXSILVERD,16966.35,6163.74,851
2026-09-23,KXSILVERH,26159.23,12869.25,2233
2026-09-23,KXSOL15M,4475421.44,2136977.55,238213
2026-09-23,KXSOLD,252139.0,120016.14,10445
2026-09-23,KXSOLE,8816.2,2483.8,2020
2026-09-23,KXUSDCADAD,1041.0,1030.18,42
2026-09-23,KXUSDJPY,6353.97,1479.96,228
2026-09-23,KXUSDJPY15M,1673.01,732.8,142
2026-09-23,KXUST10A,4241.73,1456.96,85
2026-09-23,KXUST2A,3952.0,2852.32,77
2026-09-23,KXUST30A,1972.0,1096.65,36
2026-09-23,KXUST5A,1793.0,1008.89,23
2026-09-23,KXUST7A,2133.12,1058.42,38
2026-09-23,KXWTI,372856.86,235753.72,5820
2026-09-23,KXWTI15M,7401403.28,3482760.13,146118
2026-09-23,KXWTIH,21185.9,10413.01,1691
2026-09-23,KXXRP,32506.83,11300.31,2305
2026-09-23,KXXRP15M,5928778.76,2724528.78,336342
2026-09-23,KXXRPD,196010.79,81019.12,5525
2026-09-23,KXZEC15M,1924515.23,945684.61,127952
2026-09-23,__TOTAL__,1803414411.35,395425027.3,11197109
2026-09-24,KXAUDUSDAD,922.0,9.22,14
2026-09-24,KXBNB,2162.62,1339.11,982
2026-09-24,KXBNB15M,1181211.82,594896.85,78513
2026-09-24,KXBNBD,5208.82,2951.06,1272
2026-09-24,KXBRENTD,110556.2,59391.96,1640
2026-09-24,KXBTC,722131.46,197947.72,21630
2026-09-24,KXBTC15M,236114466.18,117886025.01,2929701
2026-09-24,KXBTCD,35695463.79,17728973.24,469511
2026-09-24,KXCOPPER15M,1956057.54,985875.42,90500
2026-09-24,KXCOPPERD,11761.64,5759.6,276
2026-09-24,KXDJI,51113.74,28680.6,1292
2026-09-24,KXDOGE,9338.97,4943.62,961
2026-09-24,KXDOGE15M,2812010.8,1458224.19,157642
2026-09-24,KXDOGED,12751.6,5982.93,769
2026-09-24,KXETH,102699.99,27387.19,3207
2026-09-24,KXETH15M,10715818.91,5394048.75,432077
2026-09-24,KXETHD,1238637.3,612703.98,34465
2026-09-24,KXEURUSD,8669.71,2025.78,179
2026-09-24,KXEURUSD15M,66980.92,35292.6,3117
2026-09-24,KXGBPUSD15M,58985.31,31156.29,2688
2026-09-24,KXGBPUSDAD,721.0,7.21,13
2026-09-24,KXGOLD15M,26518481.42,12953834.5,474399
2026-09-24,KXGOLDD,53372.0,26748.8,2093
2026-09-24,KXGOLDH,104765.28,55689.57,7751
2026-09-24,KXHYPE,9135.19,3203.1,1869
2026-09-24,KXHYPE15M,1710199.83,807096.66,84425
2026-09-24,KXHYPED,55139.28,29868.32,4782
2026-09-24,KXINX,11694.11,2333.56,290
2026-09-24,KXINXU,851195.75,474318.37,6947
2026-09-24,KXNASDAQ100,2756.7,336.6,104
2026-09-24,KXNASDAQ100U,300422.16,173932.66,4509
2026-09-24,KXNATGAS15M,1597188.03,796544.59,74389
2026-09-24,KXNATGASD,162532.98,92179.28,2380
2026-09-24,KXNEAR15M,1337882.14,652545.92,71285
2026-09-24,KXNZDUSDAD,375.0,3.75,7
2026-09-24,KXPALLADIUM15M,787269.83,378190.12,35107
2026-09-24,KXPALLADIUMH,6691.75,1374.97,444
2026-09-24,KXPLATINUM15M,689270.74,339040.25,30109
2026-09-24,KXSHIBA,46.79,0.94,1
2026-09-24,KXSHIBAD,434.17,17.62,3
2026-09-24,KXSILVER15M,4531400.97,2205598.18,111859
2026-09-24,KXSILVERD,27031.25,12120.29,989
2026-09-24,KXSILVERH,14836.35,7372.59,1390
2026-09-24,KXSOL15M,4556643.16,2227203.45,223448
2026-09-24,KXSOLD,191730.16,103941.74,8716
2026-09-24,KXSOLE,5014.0,1718.2,1509
2026-09-24,KXUSDCADAD,493.0,487.2,16
2026-09-24,KXUSDCHFAD,289.0,286.11,7
2026-09-24,KXUSDJPY,14290.91,3011.3,323
2026-09-24,KXUSDJPY15M,78237.95,36194.55,3328
2026-09-24,KXUSDJPYAD,570.0,552.74,34
2026-09-24,KXUST10A,9383.86,5852.16,162
2026-09-24,KXUST2A,1902.79,895.4,54
2026-09-24,KXUST30A,2615.63,1012.37,54
2026-09-24,KXUST5A,4595.89,2361.65,77
2026-09-24,KXUST7A,2513.5,1250.64,65
2026-09-24,KXWTI,455212.67,257284.84,7521
2026-09-24,KXWTI15M,5915477.59,2707057.61,131779
2026-09-24,KXWTIH,20899.43,9865.37,1773
2026-09-24,KXXRP,22871.23,7542.11,2209
2026-09-24,KXXRP15M,7951797.92,3985052.02,346773
2026-09-24,KXXRPD,152683.02,58194.88,6199
2026-09-24,KXZEC15M,1565611.22,735736.94,87278
2026-09-24,__TOTAL__,2118869092.12,466226117.54,11897894
2026-09-25,KXBNB,2835.79,1799.21,1218
2026-09-25,KXBNB15M,1565462.62,753329.72,85483
2026-09-25,KXBNBD,7672.16,4064.83,1481
2026-09-25,KXBRENTD,3121.69,1791.48,112
2026-09-25,KXBTC,823955.35,251347.96,28773
2026-09-25,KXBTC15M,254590585.22,124136006.72,3064098
2026-09-25,KXBTCD,35995139.53,17895239.56,476582
2026-09-25,KXCOPPER15M,1534842.71,836445.62,66542
2026-09-25,KXCOPPERD,594.28,250.87,28
2026-09-25,KXDJI,43702.17,26542.38,1363
2026-09-25,KXDOGE,24259.0,2170.17,1260
2026-09-25,KXDOGE15M,3802139.68,1923751.65,187546
2026-09-25,KXDOGED,18751.52,5674.07,1034
2026-09-25,KXETH,34697.29,11828.56,3348
2026-09-25,KXETH15M,12767529.93,5788794.5,465763
2026-09-25,KXETHD,1140077.8,533066.28,34344
2026-09-25,KXEURUSD,7291.42,1418.38,182
2026-09-25,KXEURUSD15M,152341.36,77739.82,4317
2026-09-25,KXGBPUSD15M,154757.84,72455.63,3793
2026-09-25,KXGOLD15M,23893624.26,11874473.34,386195
2026-09-25,KXGOLDD,5471.49,2768.11,373
2026-09-25,KXGOLDH,101241.58,51699.82,8399
2026-09-25,KXHYPE,7101.95,2913.12,2161
2026-09-25,KXHYPE15M,2384043.7,1145397.2,114401
2026-09-25,KXHYPED,50563.91,26531.57,6382
2026-09-25,KXINX,10996.86,3524.32,332
2026-09-25,KXINXU,1250674.04,662100.98,7780
2026-09-25,KXNASDAQ100,2815.54,503.63,71
2026-09-25,KXNASDAQ100U,315275.42,175445.57,5938
2026-09-25,KXNATGAS15M,1758894.71,837335.8,84225
2026-09-25,KXNATGASD,14270.72,9540.87,435
2026-09-25,KXNEAR15M,1697659.21,918750.83,89935
2026-09-25,KXPALLADIUM15M,781933.33,390891.24,31857
2026-09-25,KXPALLADIUMH,5859.61,1993.31,333
2026-09-25,KXPLATINUM15M,748544.74,370328.43,30204
2026-09-25,KXSHIBA,935.19,9.35,1
2026-09-25,KXSILVER15M,3786805.23,1860969.33,78832
2026-09-25,KXSILVERD,1532.86,674.89,121
2026-09-25,KXSILVERH,10777.37,5054.89,1014
2026-09-25,KXSOL15M,5067439.87,2482558.47,250193
2026-09-25,KXSOLD,123845.47,68765.42,8031
2026-09-25,KXSOLE,3766.24,1458.75,1592
2026-09-25,KXUSDJPY,8370.86,1026.75,191
2026-09-25,KXUSDJPY15M,112242.68,54300.47,4318
2026-09-25,KXUST10A,7922.86,4118.35,222
2026-09-25,KXUST2A,3722.42,1905.93,138
2026-09-25,KXUST30A,5941.75,3242.67,113
2026-09-25,KXUST5A,6815.22,3807.76,138
2026-09-25,KXUST7A,1950.38,1318.46,79
2026-09-25,KXWTI,567254.08,318860.15,7974
2026-09-25,KXWTI15M,7400201.14,3838581.19,218683
2026-09-25,KXWTIH,16883.19,8956.92,1456
2026-09-25,KXXRP,9706.87,3767.01,1714
2026-09-25,KXXRP15M,6786393.43,3225969.65,339648
2026-09-25,KXXRPD,71443.66,32097.71,4458
2026-09-25,KXZEC15M,1905109.02,988017.46,106329
2026-09-25,__TOTAL__,2485650502.91,466782606.34,12293851
2026-09-26,KXBNB,2480.2,1620.84,1119
2026-09-26,KXBNB15M,1801173.12,955569.88,113073
2026-09-26,KXBNBD,4477.25,1934.31,848
2026-09-26,KXBRENTD,5168.74,3226.15,98
2026-09-26,KXBTC,706817.65,265641.66,34656
2026-09-26,KXBTC15M,219668000.75,116225953.23,3233023
2026-09-26,KXBTCD,22454752.45,10740892.96,331681
2026-09-26,KXCOPPERD,514.24,283.33,57
2026-09-26,KXDJI,1.0,0.68,1
2026-09-26,KXDOGE,95023.13,45604.28,1092
2026-09-26,KXDOGE15M,3671609.76,1827346.71,201136
2026-09-26,KXDOGED,10404.73,1860.83,637
2026-09-26,KXETH,53633.06,23593.16,3218
2026-09-26,KXETH15M,14026370.44,7497896.26,531313
2026-09-26,KXETHD,246068.19,112899.3,14458
2026-09-26,KXEURUSD,254.32,29.41,8
2026-09-26,KXGOLDD,5348.29,2657.83,401
2026-09-26,KXHYPE,6010.09,2838.4,1655
2026-09-26,KXHYPE15M,2726837.4,1317320.99,133285
2026-09-26,KXHYPED,40089.8,21226.03,3879
2026-09-26,KXINXU,2344.11,1687.43,295
2026-09-26,KXNASDAQ100U,86.13,43.76,26
2026-09-26,KXNATGASD,515.96,275.62,44
2026-09-26,KXNEAR15M,1973332.41,977999.58,114094
2026-09-26,KXSHIBA,628.99,6.29,5
2026-09-26,KXSILVERD,1238.4,493.91,73
2026-09-26,KXSOL15M,5436829.5,2756065.47,273797
2026-09-26,KXSOLD,101768.29,52295.11,8473
2026-09-26,KXSOLE,4793.65,2089.61,1636
2026-09-26,KXUSDJPY,190.32,37.07,8
2026-09-26,KXUST2A,9.95,1.69,1
2026-09-26,KXUST5A,9.95,1.31,2
2026-09-26,KXWTI,22518.8,9524.99,547
2026-09-26,KXXRP,8427.78,4080.66,1831
2026-09-26,KXXRP15M,6333367.02,3060435.29,343118
2026-09-26,KXXRPD,68203.65,28307.04,3407
2026-09-26,KXZEC15M,2663210.46,1463737.9,148701
2026-09-26,__TOTAL__,3031501419.59,548048571.3,14686648
2026-09-27,KXBNB,3583.96,2423.57,1285
2026-09-27,KXBNB15M,1642607.38,839829.01,113253
2026-09-27,KXBNBD,10045.41,4666.39,1566
2026-09-27,KXBRENTD,3843.25,1550.83,143
2026-09-27,KXBTC,817114.74,257853.0,40193
2026-09-27,KXBTC15M,237776869.49,120682159.0,3167027
2026-09-27,KXBTCD,32254504.89,15436611.61,493490
2026-09-27,KXCOPPER15M,411338.4,158622.23,18218
2026-09-27,KXCOPPERD,2261.87,762.18,108
2026-09-27,KXDJI,3287.62,1906.0,89
2026-09-27,KXDOGE,2483.08,1350.91,1061
2026-09-27,KXDOGE15M,3603481.17,1745293.79,202592
2026-09-27,KXDOGED,6498.99,1810.5,674
2026-09-27,KXETH,30169.26,9152.27,3899
2026-09-27,KXETH15M,15078349.54,7323423.11,552872
2026-09-27,KXETHD,322253.76,162582.72,20569
2026-09-27,KXEURUSD,421.11,98.26,19
2026-09-27,KXEURUSD15M,115492.27,59975.85,2857
2026-09-27,KXGBPUSD15M,129621.85,67561.14,2741
2026-09-27,KXGOLD15M,6279461.4,2030448.0,114264
2026-09-27,KXGOLDD,23844.37,10340.35,956
2026-09-27,KXGOLDH,23796.02,9934.93,1492
2026-09-27,KXHYPE,6221.35,3228.48,1774
2026-09-27,KXHYPE15M,2502132.0,1163977.9,130894
2026-09-27,KXHYPED,44254.93,21921.23,4710
2026-09-27,KXINX,3.0,0.48,3
2026-09-27,KXINXU,15699.28,6706.27,458
2026-09-27,KXNASDAQ100U,12271.09,3001.11,210
2026-09-27,KXNATGAS15M,427120.05,222733.84,18671
2026-09-27,KXNATGASD,47365.93,28832.56,353
2026-09-27,KXNEAR15M,3041947.96,1421054.43,161416
2026-09-27,KXPALLADIUM15M,189060.97,92573.19,9231
2026-09-27,KXPALLADIUMH,4804.8,216.85,173
2026-09-27,KXPLATINUM15M,217056.15,83661.87,9386
2026-09-27,KXSHIBA,93.51,0.94,1
2026-09-27,KXSILVER15M,1086508.19,366721.44,31262
2026-09-27,KXSILVERD,10984.99,5084.51,537
2026-09-27,KXSILVERH,5424.02,2042.0,436
2026-09-27,KXSOL15M,5579037.56,2963823.72,287861
2026-09-27,KXSOLD,115837.14,58621.32,8338
2026-09-27,KXSOLE,3903.48,1422.29,1378
2026-09-27,KXUSDJPY,1602.29,192.47,25
2026-09-27,KXUSDJPY15M,172343.73,92362.02,3256
2026-09-27,KXWTI,69473.17,32594.54,1081
2026-09-27,KXWTI15M,1076802.66,575028.53,29213
2026-09-27,KXWTIH,3316.53,1534.07,256
2026-09-27,KXXRP,10371.93,5003.94,1864
2026-09-27,KXXRP15M,6239929.58,3281615.01,348721
2026-09-27,KXXRPD,116640.39,43075.41,4864
2026-09-27,KXZEC15M,2509721.5,1275997.32,138470
2026-09-27,__TOTAL__,3035958960.2,608848881.7,15098290
2026-09-28,KXAUDUSDAD,60.0,0.6,2
2026-09-28,KXBNB,8302.51,3122.16,1338
2026-09-28,KXBNB15M,1241824.83,594625.93,97365
2026-09-28,KXBNBD,8418.74,4518.51,1443
2026-09-28,KXBRENTD,68005.44,37610.2,1300
2026-09-28,KXBTC,2412872.52,905800.65,37913
2026-09-28,KXBTC15M,285248145.33,138708787.23,3639209
2026-09-28,KXBTCD,39353279.23,19976619.17,546410
2026-09-28,KXCOPPER15M,1562512.47,721535.61,70012
2026-09-28,KXCOPPERD,52515.05,25210.96,706
2026-09-28,KXDJI,63542.23,31560.97,1597
2026-09-28,KXDOGE,110453.45,40818.02,1363
2026-09-28,KXDOGE15M,3109867.91,1461535.49,164994
2026-09-28,KXDOGED,47958.17,23993.06,1219
2026-09-28,KXETH,939728.08,55524.7,4862
2026-09-28,KXETH15M,13532350.35,6625760.74,509683
2026-09-28,KXETHD,1004197.51,497363.73,29953
2026-09-28,KXEURUSD,11007.09,787.28,172
2026-09-28,KXEURUSD15M,486066.29,231371.66,7897
2026-09-28,KXGBPUSD15M,440545.85,212915.05,7582
2026-09-28,KXGBPUSDAD,7313.0,73.14,80
2026-09-28,KXGOLD15M,34134059.53,14918265.45,559900
2026-09-28,KXGOLDD,113358.75,48151.34,4011
2026-09-28,KXGOLDH,83866.12,41574.51,6006
2026-09-28,KXHYPE,9306.44,3429.12,1784
2026-09-28,KXHYPE15M,1804413.48,817107.24,106939
2026-09-28,KXHYPED,35236.18,18609.8,3900
2026-09-28,KXINX,18969.07,5049.35,313
2026-09-28,KXINXU,4790333.6,2288656.76,9614
2026-09-28,KXNASDAQ100,2723.34,259.16,115
2026-09-28,KXNASDAQ100U,779820.34,370157.9,9434
2026-09-28,KXNATGAS15M,1584162.91,802853.51,68130
2026-09-28,KXNATGASD,88367.64,38560.34,1674
2026-09-28,KXNEAR15M,1823178.45,852490.4,99681
2026-09-28,KXPALLADIUM15M,556282.99,241513.41,30348
2026-09-28,KXPALLADIUMH,8373.49,2604.05,638
2026-09-28,KXPLATINUM15M,496446.07,214470.7,25351
2026-09-28,KXSHIBA,11.33,0.51,2
2026-09-28,KXSHIBAD,14.0,13.86,1
2026-09-28,KXSILVER15M,6429984.33,2777336.12,141038
2026-09-28,KXSILVERD,34456.14,14229.56,1519
2026-09-28,KXSILVERH,18285.01,7988.92,1712
2026-09-28,KXSOL15M,5031689.62,2436383.03,248030
2026-09-28,KXSOLD,100185.19,43413.65,5884
2026-09-28,KXSOLE,2966.89,1030.62,1273
2026-09-28,KXUSDCADAD,6494.0,6428.73,95
2026-09-28,KXUSDJPY,9141.52,1770.76,178
2026-09-28,KXUSDJPY15M,398009.19,190044.92,8925
2026-09-28,KXUSDJPYAD,300.0,296.1,10
2026-09-28,KXUST10A,499.93,198.59,10
2026-09-28,KXUST2A,209.0,144.55,13
2026-09-28,KXUST30A,1402.64,874.69,15
2026-09-28,KXUST5A,1.0,0.89,1
2026-09-28,KXWTI,521229.96,269984.19,6364
2026-09-28,KXWTI15M,7667518.65,3988468.8,169166
2026-09-28,KXWTIH,26748.6,15236.08,1895
2026-09-28,KXXRP,4418.59,2278.23,1439
2026-09-28,KXXRP15M,7089591.61,3567343.77,352125
2026-09-28,KXXRPD,100711.78,35186.51,3688
2026-09-28,KXZEC15M,2008749.44,874901.11,114929
2026-09-28,__TOTAL__,2067068111.14,437539336.92,12311104
